-- phpMyAdmin SQL Dump
-- version 3.4.10.1deb1
-- http://www.phpmyadmin.net
--
-- Host: localhost
-- Generation Time: Mar 20, 2013 at 03:37 AM
-- Server version: 5.5.28
-- PHP Version: 5.3.10-1ubuntu3.4

SET SQL_MODE="NO_AUTO_VALUE_ON_ZERO";
SET time_zone = "+00:00";


/*!40101 SET @OLD_CHARACTER_SET_CLIENT=@@CHARACTER_SET_CLIENT */;
/*!40101 SET @OLD_CHARACTER_SET_RESULTS=@@CHARACTER_SET_RESULTS */;
/*!40101 SET @OLD_COLLATION_CONNECTION=@@COLLATION_CONNECTION */;
/*!40101 SET NAMES utf8 */;

--
-- Database: `pn`
--

-- --------------------------------------------------------

--
-- Table structure for table `cargo_empleado`
--

CREATE TABLE IF NOT EXISTS `cargo_empleado` (
  `id` int(11) NOT NULL AUTO_INCREMENT,
  `id_tipo_cargo` int(11) NOT NULL COMMENT 'Tabla Tipo Cargo Empleado',
  `cargo` varchar(400) NOT NULL,
  PRIMARY KEY (`id`),
  KEY `id_tipo_cargo` (`id_tipo_cargo`)
) ENGINE=InnoDB  DEFAULT CHARSET=latin1 COMMENT='Cargo del empleado segun convocatoria' AUTO_INCREMENT=11 ;

--
-- Dumping data for table `cargo_empleado`
--

INSERT INTO `cargo_empleado` (`id`, `id_tipo_cargo`, `cargo`) VALUES
(1, 1, 'Líder Evaluador'),
(2, 1, 'Evaluador'),
(3, 2, 'Gerente General'),
(4, 2, 'Director'),
(5, 2, 'Presidente'),
(6, 2, 'Supervisor'),
(7, 2, 'Persona Natural'),
(8, 2, 'Secretario(a)'),
(9, 2, 'Vicepresidente'),
(10, 2, 'Gerente de Calidad');

-- --------------------------------------------------------

--
-- Table structure for table `empleado`
--

CREATE TABLE IF NOT EXISTS `empleado` (
  `id` int(11) NOT NULL AUTO_INCREMENT,
  `id_participante` int(11) NOT NULL,
  `id_persona` int(11) NOT NULL,
  `id_cargo` int(11) NOT NULL,
  `id_perfil` int(11) NOT NULL,
  `fecha_ingreso` timestamp NOT NULL DEFAULT CURRENT_TIMESTAMP ON UPDATE CURRENT_TIMESTAMP,
  `evalua_global` int(11) NOT NULL DEFAULT '0',
  `evalua_capitulos` int(11) NOT NULL DEFAULT '0',
  `evalua_items` int(11) NOT NULL DEFAULT '0',
  PRIMARY KEY (`id`),
  UNIQUE KEY `id_participante` (`id_participante`,`id_persona`),
  KEY `id_convocatoria` (`id_participante`),
  KEY `id_persona` (`id_persona`),
  KEY `id_cargo` (`id_cargo`),
  KEY `id_perfil` (`id_perfil`)
) ENGINE=InnoDB  DEFAULT CHARSET=latin1 COMMENT='imagen de como era la empresa en esa convocatoria' AUTO_INCREMENT=87 ;

--
-- Dumping data for table `empleado`
--

INSERT INTO `empleado` (`id`, `id_participante`, `id_persona`, `id_cargo`, `id_perfil`, `fecha_ingreso`, `evalua_global`, `evalua_capitulos`, `evalua_items`) VALUES
(1, 1, 9, 4, 1, '2013-01-28 13:07:51', 0, 0, 0),
(2, 1, 6, 4, 1, '2013-01-28 13:08:13', 0, 0, 0),
(5, 2, 16, 8, 7, '2013-01-30 20:13:22', 1, 1, 1),
(8, 3, 20, 7, 2, '2013-01-30 22:03:35', 1, 1, 1),
(9, 3, 21, 7, 2, '2013-01-30 22:06:13', 0, 0, 0),
(10, 3, 22, 7, 2, '2013-01-31 02:54:26', 0, 0, 0),
(11, 3, 16, 7, 7, '2013-01-31 03:03:47', 0, 0, 0),
(13, 1, 23, 1, 1, '2013-01-31 23:56:48', 0, 0, 0),
(16, 4, 21, 7, 2, '2013-02-04 20:05:24', 1, 1, 1),
(17, 4, 22, 7, 2, '2013-02-04 20:05:51', 1, 1, 1),
(19, 4, 16, 7, 7, '2013-02-04 20:06:24', 1, 1, 1),
(20, 2, 22, 7, 2, '2013-02-16 18:40:40', 1, 1, 1),
(23, 5, 25, 7, 7, '2013-02-22 12:39:50', 1, 1, 1),
(24, 5, 27, 7, 2, '2013-02-22 12:42:13', 1, 1, 1),
(25, 5, 26, 7, 2, '2013-02-22 12:43:30', 1, 1, 1),
(27, 1, 17, 7, 1, '2013-02-23 21:27:28', 0, 0, 0),
(35, 8, 40, 3, 7, '2013-02-26 14:29:24', 1, 1, 1),
(43, 9, 35, 7, 2, '2013-02-26 14:35:20', 1, 1, 1),
(45, 10, 38, 7, 7, '2013-02-26 14:40:03', 1, 1, 1),
(46, 8, 31, 7, 2, '2013-02-26 14:40:15', 0, 0, 1),
(49, 9, 34, 7, 7, '2013-02-26 14:53:51', 1, 1, 1),
(52, 13, 17, 7, 3, '2013-02-28 03:19:11', 0, 0, 0),
(53, 13, 60, 7, 7, '2013-03-01 01:44:11', 0, 0, 0),
(54, 14, 62, 7, 3, '2013-03-12 10:30:04', 0, 0, 0),
(55, 14, 61, 4, 5, '2013-03-12 10:30:09', 0, 0, 0),
(56, 15, 64, 6, 3, '2013-03-12 10:44:15', 0, 0, 0),
(57, 15, 63, 4, 5, '2013-03-12 10:44:18', 0, 0, 0),
(58, 16, 66, 7, 3, '2013-03-12 10:46:58', 0, 0, 0),
(59, 16, 65, 4, 5, '2013-03-12 10:47:01', 0, 0, 0),
(60, 17, 68, 7, 3, '2013-03-12 10:50:01', 0, 0, 0),
(61, 17, 67, 4, 5, '2013-03-12 10:50:04', 0, 0, 0),
(62, 18, 70, 4, 3, '2013-03-12 10:52:29', 0, 0, 0),
(63, 18, 69, 4, 5, '2013-03-12 10:52:31', 0, 0, 0),
(64, 19, 72, 5, 3, '2013-03-12 10:54:42', 0, 0, 0),
(65, 19, 71, 4, 5, '2013-03-12 10:54:45', 0, 0, 0),
(66, 14, 73, 7, 7, '2013-03-12 13:39:58', 1, 1, 1),
(67, 15, 74, 7, 7, '2013-03-12 13:40:21', 1, 1, 1),
(68, 16, 75, 7, 7, '2013-03-12 13:40:44', 1, 1, 1),
(69, 17, 76, 7, 7, '2013-03-12 13:41:08', 1, 1, 1),
(70, 19, 77, 7, 7, '2013-03-12 13:41:29', 0, 0, 0),
(71, 21, 79, 6, 3, '2013-03-12 13:45:43', 0, 0, 0),
(72, 21, 78, 4, 5, '2013-03-12 13:45:46', 0, 0, 0),
(73, 21, 17, 7, 7, '2013-03-12 13:47:58', 1, 1, 1),
(74, 22, 25, 7, 7, '2013-03-14 18:42:53', 0, 0, 0),
(75, 22, 80, 7, 2, '2013-03-14 18:44:39', 0, 1, 0),
(76, 22, 17, 7, 2, '2013-03-14 18:45:07', 0, 0, 0),
(80, 22, 81, 7, 2, '2013-03-14 19:14:25', 0, 0, 0),
(81, 28, 17, 7, 7, '2013-03-15 16:50:34', 0, 0, 0),
(82, 23, 76, 7, 7, '2013-03-15 17:10:38', 0, 0, 0),
(83, 24, 74, 7, 7, '2013-03-15 17:11:03', 0, 0, 0),
(84, 25, 73, 7, 7, '2013-03-15 17:11:34', 0, 0, 0),
(85, 26, 75, 7, 7, '2013-03-15 17:12:00', 0, 0, 0),
(86, 27, 77, 7, 7, '2013-03-15 17:12:36', 0, 0, 0);

-- --------------------------------------------------------

--
-- Table structure for table `empresa`
--

CREATE TABLE IF NOT EXISTS `empresa` (
  `id` int(11) NOT NULL AUTO_INCREMENT,
  `id_tipo_empresa` int(11) NOT NULL,
  `id_categoria_empresa` int(11) NOT NULL,
  `id_categoria_tamano_empresa` int(11) NOT NULL,
  `nit` varchar(100) NOT NULL,
  `id_ciudad` int(10) unsigned NOT NULL,
  `direccion` varchar(300) NOT NULL,
  `nombre` varchar(600) NOT NULL,
  `tel_fijo` varchar(100) DEFAULT NULL,
  `tel_movil` varchar(20) DEFAULT NULL,
  `web` varchar(200) DEFAULT NULL,
  `email` varchar(200) DEFAULT NULL,
  `actividad_principal` text,
  `productos` text,
  `marcas` text,
  `alcance_mercado` varchar(20) DEFAULT NULL,
  `empleados` int(11) DEFAULT NULL,
  `valor_activos` varchar(30) DEFAULT NULL,
  `publica` int(11) DEFAULT NULL,
  `file_informe_p` varchar(600) DEFAULT NULL,
  `file_certificado_constitucion` varchar(600) DEFAULT NULL,
  `file_estado_financiero` varchar(600) DEFAULT NULL,
  `file_consignacion` varchar(600) DEFAULT NULL,
  `estado` int(11) NOT NULL,
  `fecha_creacion` datetime NOT NULL,
  PRIMARY KEY (`id`),
  UNIQUE KEY `nit` (`nit`),
  KEY `id_tipo_empresa` (`id_tipo_empresa`),
  KEY `id_ciudad` (`id_ciudad`),
  KEY `id_categoria_empresa` (`id_categoria_empresa`),
  KEY `id_categoria_tamano_empresa` (`id_categoria_tamano_empresa`)
) ENGINE=InnoDB  DEFAULT CHARSET=latin1 AUTO_INCREMENT=28 ;

--
-- Dumping data for table `empresa`
--

INSERT INTO `empresa` (`id`, `id_tipo_empresa`, `id_categoria_empresa`, `id_categoria_tamano_empresa`, `nit`, `id_ciudad`, `direccion`, `nombre`, `tel_fijo`, `tel_movil`, `web`, `email`, `actividad_principal`, `productos`, `marcas`, `alcance_mercado`, `empleados`, `valor_activos`, `publica`, `file_informe_p`, `file_certificado_constitucion`, `file_estado_financiero`, `file_consignacion`, `estado`, `fecha_creacion`) VALUES
(1, 1, 2, 2, '123', 150, 'autopista con 134', 'Corporación Calidad', '413413', '3132134124', '', 'industria@tele.co', 'fabricar teleféricos', 'cables y canastas', 'yale', '2', 333, '$2,545,235.00', 2, NULL, '/home/ubuntu/install/tomcat6/webapps/ROOT/pdfs/cc-123', '/home/ubuntu/install/tomcat6/webapps/ROOT/pdfs/ef-123', '/home/ubuntu/install/tomcat6/webapps/ROOT/pdfs/co-123', 1, '2013-01-15 10:12:41'),
(2, 2, 1, 3, '234', 127, 'gal 45', 'Helicopteros LTDA', '413412341', '3009999999', '', 'heli@heli.com', 'fabricación de helicópteros', 'repuestos', 'Nolas', '2', 56, '$5,245,245.00', 1, NULL, '/home/ubuntu/install/tomcat6/webapps/ROOT/pdfs/cc-234.pdf', '/home/ubuntu/install/tomcat6/webapps/ROOT/pdfs/ef-234.pdf', '/home/ubuntu/install/tomcat6/webapps/ROOT/pdfs/co-234.pdf', 0, '2013-01-15 10:45:43'),
(3, 2, 1, 4, '8001258463', 150, 'CARRERA 7 NO 26-20', 'CORPORACIÓN CALIDAD', '2861444', '3214527770', '', 'pccg@ccalidad.com.co', 'Diseño de \nproyectos', 'Proyectos', 'PREMIO COLOMBIANO A LA CALIDAD DE LA GESTIÓN', '1', 10, '$1,245,000,000.00', 2, NULL, '/home/ubuntu/install/tomcat6/webapps/ROOT/pdfs/cc-8001258463.pdf', '/home/ubuntu/install/tomcat6/webapps/ROOT/pdfs/ef-8001258463.pdf', '/home/ubuntu/install/tomcat6/webapps/ROOT/pdfs/co-8001258463.pdf', 0, '2013-01-15 13:08:49'),
(4, 2, 1, 4, '777', 576, 'clr 456 - 78 554', 'Trenes', '4567897', '3000000000', '', 'trenes@algo.com', 'trenes', 'rieles y trenes', 'ninguna', '2', 888, '$9,854,564', 1, NULL, '/home/ubuntu/install/tomcat6/webapps/ROOT/pdfs/cc-777.pdf', '/home/ubuntu/install/tomcat6/webapps/ROOT/pdfs/ef-777.pdf', '/home/ubuntu/install/tomcat6/webapps/ROOT/pdfs/co-777.pdf', 0, '2013-01-18 19:05:49'),
(5, 2, 2, 3, '8001254263', 150, 'kr 7 26 - 20 of 4444', 'Gente Nueva Editorial', '2890000 ext 567', '3011111111', '', 'info@gne.com', 'xxx', 'bbb', 'ccc', '1', 99, '$123,456', 2, NULL, '/home/ubuntu/install/tomcat6/webapps/ROOT/pdfs/cc-8001254263.pdf', '/home/ubuntu/install/tomcat6/webapps/ROOT/pdfs/ef-8001254263.pdf', '/home/ubuntu/install/tomcat6/webapps/ROOT/pdfs/co-8001254263.pdf', 0, '2013-01-18 21:54:03'),
(6, 2, 1, 4, '74374', 659, 'sadfa asd', 'Jets', '64654654', '3333333333', 'http://jets.com.co', 'jets@yopmail.com', 'act', 'pro', 'mar', '2', 789, '$987,654', 2, NULL, '/home/ubuntu/install/tomcat6/webapps/ROOT/pdfs/cc-74374.pdf', '/home/ubuntu/install/tomcat6/webapps/ROOT/pdfs/ef-74374.pdf', '/home/ubuntu/install/tomcat6/webapps/ROOT/pdfs/co-74374.pdf', 0, '2013-01-30 20:05:24'),
(7, 2, 1, 3, '80012546789', 150, 'CALLE PRINCIPAL ESQUINA NOR ORIENTAL', 'CENTRO DE ENTRENAMIENTO FELINO', '4335678', '3214567898', '', 'felinos@muerdeelgato.com', 'Entrenamiento animal', 'Certificaciones', 'GAtoya', '1', 45, '$200,000,000', 2, NULL, '/home/ubuntu/install/tomcat6/webapps/ROOT/pdfs/cc-80012546789.pdf', '/home/ubuntu/install/tomcat6/webapps/ROOT/pdfs/ef-80012546789.pdf', '/home/ubuntu/install/tomcat6/webapps/ROOT/pdfs/co-80012546789.pdf', 0, '2013-01-30 21:44:49'),
(8, 2, 1, 4, '800987654', 150, 'Carrera 7 No 26.20 sur', 'Relojes Manuelita', '3456789', '3001234567', '', 'relojes@manuelita.com.co', 'Importe, distribución y comercialización de relojes.', 'Relojes', 'Swach, \n', '1', 20, '$123,456,789', 2, NULL, '/home/ubuntu/install/tomcat6/webapps/ROOT/pdfs/cc-800987654.pdf', '/home/ubuntu/install/tomcat6/webapps/ROOT/pdfs/ef-800987654.pdf', '/home/ubuntu/install/tomcat6/webapps/ROOT/pdfs/co-800987654.pdf', 0, '2013-02-04 19:49:09'),
(9, 2, 1, 1, '800125846-3', 150, 'Carrera 7 No. 26 - 20 Oficina 1002', 'Policia Nacional de Colombia', '2861444', '3105524307', 'http://www.ccalidad.com.co', 'dpineda@ccalidad.com.co', 'Seguridad Social', 'Seguridad Nacional', 'Premio Nacional a la Excelencia y la Innovación en Gestión\n', '2', 25, '$40,000,000,000,000', 1, '/home/ubuntu/install/tomcat6/webapps/ROOT/pdfs/ip-800125846-3.pdf', '/home/ubuntu/install/tomcat6/webapps/ROOT/pdfs/cc-800125846-3.pdf', '/home/ubuntu/install/tomcat6/webapps/ROOT/pdfs/ef-800125846-3.pdf', '/home/ubuntu/install/tomcat6/webapps/ROOT/pdfs/co-800125846-3.pdf', 0, '2013-02-22 12:35:44'),
(10, 2, 1, 2, '999999999', 150, 'Calle 170 No. 99 - 00', 'San Francisco (CSF)', '5667890', '', 'http://www.csf.com.co', 'info@csf.com', 'Educación', 'Educación Básica, Primaria y Bachillerato', 'Colegio San Francisco', '1', 100, '$1,000,000,000', 1, NULL, NULL, NULL, NULL, 1, '2013-02-26 03:16:19'),
(11, 2, 1, 2, '9836798438', 197, 'Calle 1 No. 1 - 99', 'San Francisco (CSF) 2', '3445566', '3100000000', '', 'csf@csf.com.co', 'Educación', 'Educación', 'Educación', '1', 233, '$2,333,000,000', 1, NULL, NULL, NULL, NULL, 1, '2013-02-26 14:22:42'),
(12, 2, 1, 2, '8009008708790', 127, 'Calle 1 No. 1 - 99', 'San Francisco (CSF) 3', '800709909890''6', '3109878687', '', 'csf@csf.com', 'Educación', 'Educación', 'Educación', '1', 80708789, '$97,698,707,768', 1, NULL, NULL, NULL, NULL, 1, '2013-02-26 14:25:49'),
(13, 2, 1, 2, '800.344.543-5', 347, 'Calle 170 No. 99 - 00', 'San Francisco (CSF) 4', '4332214', '', 'http://www.csf.com.co', 'info@csf.com', 'Educación', 'Educación Básica, Primaria y Bachillerato', 'Colegio San Francisco', '1', 100, '$1,000,000,000', 1, '/home/ubuntu/install/tomcat6/webapps/ROOT/pdfs/ip-800.344.543-5.pdf', '/home/ubuntu/install/tomcat6/webapps/ROOT/pdfs/cc-800.344.543-5.pdf', '/home/ubuntu/install/tomcat6/webapps/ROOT/pdfs/ef-800.344.543-5.pdf', '/home/ubuntu/install/tomcat6/webapps/ROOT/pdfs/co-800.344.543-5.pdf', 1, '2013-02-28 03:19:11'),
(14, 2, 1, 2, '987655443-3', 320, 'Calle 23 No. 65 - 43', 'Colegio San Francis', '2459487', '3109988877', '', 'csf@csf.edu.co', 'Educación', 'Educación', 'Educación', '1', 300, '$300,000,000', 2, '/home/ubuntu/install/tomcat6/webapps/ROOT/pdfs/ip-987655443-3.pdf', '/home/ubuntu/install/tomcat6/webapps/ROOT/pdfs/cc-987655443-3.pdf', '/home/ubuntu/install/tomcat6/webapps/ROOT/pdfs/ef-987655443-3.pdf', '/home/ubuntu/install/tomcat6/webapps/ROOT/pdfs/co-987655443-3.pdf', 0, '2013-03-12 10:30:04'),
(15, 2, 1, 2, '479889509500', 320, 'Calle 45 No 98 - 70', 'Colegio San Francis 2', '4490490484', '3129049859', '', 'csf2@cfs.edu.co', 'Educación ', 'Educación', 'Educación', '1', 3445, '$2,342,309,250,528', 1, '/home/ubuntu/install/tomcat6/webapps/ROOT/pdfs/ip-479889509500.pdf', '/home/ubuntu/install/tomcat6/webapps/ROOT/pdfs/cc-479889509500.pdf', '/home/ubuntu/install/tomcat6/webapps/ROOT/pdfs/ef-479889509500.pdf', '/home/ubuntu/install/tomcat6/webapps/ROOT/pdfs/co-479889509500.pdf', 0, '2013-03-12 10:44:15'),
(16, 2, 1, 1, '249083409868''', 150, 'Calle 45 Nol 90 - 98', 'Colegio San Francis 3', '3099097670', '3104433322', '', 'csf3@csf.edu.co', 'Educación', 'Educación', 'Educación', '1', 8907, '$99,847,389,709,870', 1, '/home/ubuntu/install/tomcat6/webapps/ROOT/pdfs/ip-249083409868''.pdf', '/home/ubuntu/install/tomcat6/webapps/ROOT/pdfs/cc-249083409868''.pdf', '/home/ubuntu/install/tomcat6/webapps/ROOT/pdfs/ef-249083409868''.pdf', '/home/ubuntu/install/tomcat6/webapps/ROOT/pdfs/co-249083409868''.pdf', 0, '2013-03-12 10:46:58'),
(17, 2, 1, 2, '094087989809', 151, 'Calle 34 No. 90 - 88', 'Colegio San Francis 4', '987870909809', '3127898970', '', 'csf4@csf.edu.co', 'Educación', 'Educación', 'Educación', '1', 9876987, '$90,998,674,767', 1, '/home/ubuntu/install/tomcat6/webapps/ROOT/pdfs/ip-094087989809.pdf', '/home/ubuntu/install/tomcat6/webapps/ROOT/pdfs/cc-094087989809.pdf', '/home/ubuntu/install/tomcat6/webapps/ROOT/pdfs/ef-094087989809.pdf', '/home/ubuntu/install/tomcat6/webapps/ROOT/pdfs/co-094087989809.pdf', 0, '2013-03-12 10:50:01'),
(18, 2, 1, 1, '0980980983', 347, 'Calle 45 No. 90 - 87', 'Colegio San Francisco 5', '38879870983', '3217780998', '', 'csf5@csf.edu.co', 'Educación', 'Educación', 'Educación', '1', 23423, '$2,087,807,878,972', 1, '/home/ubuntu/install/tomcat6/webapps/ROOT/pdfs/ip-0980980983.pdf', '/home/ubuntu/install/tomcat6/webapps/ROOT/pdfs/cc-0980980983.pdf', '/home/ubuntu/install/tomcat6/webapps/ROOT/pdfs/ef-0980980983.pdf', '/home/ubuntu/install/tomcat6/webapps/ROOT/pdfs/co-0980980983.pdf', 0, '2013-03-12 10:52:29'),
(19, 2, 1, 2, '08780700980854', 347, 'Carrera 6 No. 9 - 67', 'Colegio San Francis 6', '7687678697698', '3217897870', '', 'csf6@ccalidad.com.co', 'Educación', 'Educación', 'Educación', '1', 4634, '$9,769,870,980', 1, '/home/ubuntu/install/tomcat6/webapps/ROOT/pdfs/ip-08780700980854.pdf', '/home/ubuntu/install/tomcat6/webapps/ROOT/pdfs/cc-08780700980854.pdf', '/home/ubuntu/install/tomcat6/webapps/ROOT/pdfs/ef-08780700980854.pdf', '/home/ubuntu/install/tomcat6/webapps/ROOT/pdfs/co-08780700980854.pdf', 0, '2013-03-12 10:54:42'),
(20, 2, 1, 1, '708098989''808', 151, 'CALLE 3 - 90', 'COLEGIO DPM', '43223423423', '3103423423', '', 'CDDC@CCALIDAD.COM.CO', 'NADA', 'NADA', 'NADA', '1', 908908, '$98,878,070,897,890', 1, '/home/ubuntu/install/tomcat6/webapps/ROOT/pdfs/ip-708098989''808.pdf', '/home/ubuntu/install/tomcat6/webapps/ROOT/pdfs/cc-708098989''808.pdf', '/home/ubuntu/install/tomcat6/webapps/ROOT/pdfs/ef-708098989''808.pdf', '/home/ubuntu/install/tomcat6/webapps/ROOT/pdfs/co-708098989''808.pdf', 0, '2013-03-12 13:45:43'),
(21, 2, 2, 1, '80708798798698', 0, 'Calle 989 No. 78 - 23', 'GYJ Ferreterias', '3444568798', '3105564567', '', 'dpineda21@hmail.com', 'Educacion', 'Educación', 'Educación', '1', 78, '$89,798,789,890', 1, NULL, NULL, NULL, NULL, 1, '2013-03-14 18:40:41'),
(22, 2, 1, 2, '1', 1008, 'Carrera 7 No. 56 - 89', 'Institución Superior 1', '2338989988', '3108879878', '', '', 'Educación', 'Educación', 'Educación', '1', 78, '$7,899', 2, NULL, NULL, NULL, NULL, 1, '2013-03-15 16:37:27'),
(23, 2, 1, 1, '2', 1008, 'Calle 45 No. 78 - 90', 'Institución Superior 2', '3789877636', '3109987897', '', '', 'Educación', 'Educación', 'Educación', '1', 89, '$890', 2, NULL, NULL, NULL, NULL, 1, '2013-03-15 16:38:44'),
(24, 2, 1, 1, '3', 1008, 'Calle 56 No. 89 - 87', 'Institución Superior 3', '389897708', '3109876552', '', '', 'Educación', 'Educación', 'Educación', '1', 78, '$77', 2, NULL, NULL, NULL, NULL, 1, '2013-03-15 16:39:39'),
(25, 2, 1, 1, '4', 1008, 'Carrera 5 No. 100 - 98', 'Institución Superior 4', '7897987879', '3109887675', '', '', 'Educación', 'Educación', 'Educación', '1', 878, '$9,870', 2, NULL, NULL, NULL, NULL, 1, '2013-03-15 16:40:46'),
(26, 2, 1, 1, '5', 1008, 'Calle 56 No. 108 - 90', 'Institución Superior 5', '9899878787', '3109876875', '', '', 'Educación', 'Educación', 'Educación', '1', 879, '$567', 2, NULL, NULL, NULL, NULL, 1, '2013-03-15 16:41:38'),
(27, 2, 1, 1, '6', 1008, 'Carrera 7 No. 26 - 20', 'Institución Superior 6', '8070099807', '3208778676', '', '', 'Educación', 'Educación', 'Educación', '1', 89070, '$9,879', 2, NULL, NULL, NULL, NULL, 1, '2013-03-15 16:42:54');

-- --------------------------------------------------------

--
-- Table structure for table `empresa_categoria`
--

CREATE TABLE IF NOT EXISTS `empresa_categoria` (
  `id` int(11) NOT NULL AUTO_INCREMENT,
  `categoria` varchar(300) NOT NULL,
  PRIMARY KEY (`id`)
) ENGINE=InnoDB  DEFAULT CHARSET=latin1 AUTO_INCREMENT=3 ;

--
-- Dumping data for table `empresa_categoria`
--

INSERT INTO `empresa_categoria` (`id`, `categoria`) VALUES
(1, 'Organización de Servicios'),
(2, 'Organización de Manufactura');

-- --------------------------------------------------------

--
-- Table structure for table `empresa_categoria_tamano`
--

CREATE TABLE IF NOT EXISTS `empresa_categoria_tamano` (
  `id` int(11) NOT NULL AUTO_INCREMENT,
  `tamano` varchar(100) NOT NULL,
  PRIMARY KEY (`id`)
) ENGINE=InnoDB  DEFAULT CHARSET=latin1 AUTO_INCREMENT=6 ;

--
-- Dumping data for table `empresa_categoria_tamano`
--

INSERT INTO `empresa_categoria_tamano` (`id`, `tamano`) VALUES
(1, 'Muy grande'),
(2, 'Grande'),
(3, 'Mediana'),
(4, 'Pequeña'),
(5, 'Microempresa');

-- --------------------------------------------------------

--
-- Table structure for table `loc_ciudad`
--

CREATE TABLE IF NOT EXISTS `loc_ciudad` (
  `id_ciudad` int(10) unsigned NOT NULL AUTO_INCREMENT,
  `codigo_ciudad` varchar(100) DEFAULT NULL,
  `nombre_ciudad` varchar(600) NOT NULL,
  `id_estado` int(11) unsigned DEFAULT NULL,
  `nombre_estado` varchar(600) DEFAULT NULL,
  `latitud_ciudad` int(11) DEFAULT NULL,
  `longitud_ciudad` int(11) DEFAULT NULL,
  `activo_ciudad` int(10) unsigned NOT NULL DEFAULT '1',
  PRIMARY KEY (`id_ciudad`),
  KEY `id_state` (`id_estado`)
) ENGINE=InnoDB  DEFAULT CHARSET=latin1 AUTO_INCREMENT=1104 ;

--
-- Dumping data for table `loc_ciudad`
--

INSERT INTO `loc_ciudad` (`id_ciudad`, `codigo_ciudad`, `nombre_ciudad`, `id_estado`, `nombre_estado`, `latitud_ciudad`, `longitud_ciudad`, `activo_ciudad`) VALUES
(0, '1', 'Sin Origen', 1, 'Ninguno', 1, 1, 1),
(2, '5001', 'Medellín', 5, 'Antioquia', 6, -76, 1),
(3, '5002', 'Abejorral', 5, 'Antioquia', 6, -75, 1),
(4, '5004', 'Abriaquí', 5, 'Antioquia', 7, -76, 1),
(5, '5021', 'Alejandria', 5, 'Antioquia', 6, -75, 1),
(6, '5030', 'Amagá', 5, 'Antioquia', 6, -76, 1),
(7, '5031', 'Amalfi', 5, 'Antioquia', 7, -75, 1),
(8, '5034', 'Andes', 5, 'Antioquia', 6, -76, 1),
(9, '5036', 'Angelópolis', 5, 'Antioquia', 6, -76, 1),
(10, '5038', 'Angostura', 5, 'Antioquia', 7, -75, 1),
(11, '5040', 'Anorí', 5, 'Antioquia', 7, -75, 1),
(12, '5042', 'Santa Fé de Antioquia', 5, 'Antioquia', 7, -76, 1),
(13, '5044', 'Anzá', 5, 'Antioquia', 6, -76, 1),
(14, '5045', 'Apartadó', 5, 'Antioquia', 8, -77, 1),
(15, '5051', 'Arboletes', 5, 'Antioquia', 9, -76, 1),
(16, '5055', 'Argelia', 5, 'Antioquia', 6, -75, 1),
(17, '5059', 'Armenia', 5, 'Antioquia', 6, -76, 1),
(18, '5079', 'Barbosa', 5, 'Antioquia', 6, -75, 1),
(19, '5086', 'Belmira', 5, 'Antioquia', 7, -76, 1),
(20, '5088', 'Bello', 5, 'Antioquia', 6, -76, 1),
(21, '5091', 'Betania', 5, 'Antioquia', 6, -76, 1),
(22, '5093', 'Betulia', 5, 'Antioquia', 6, -76, 1),
(23, '5101', 'Bolívar', 5, 'Antioquia', 6, -76, 1),
(24, '5107', 'Briceño', 5, 'Antioquia', 7, -76, 1),
(25, '5113', 'Burítica', 5, 'Antioquia', 7, -76, 1),
(26, '5120', 'Cáceres', 5, 'Antioquia', 8, -75, 1),
(27, '5125', 'Caicedo', 5, 'Antioquia', 6, -76, 1),
(28, '5129', 'Caldas', 5, 'Antioquia', 6, -76, 1),
(29, '5134', 'Campamento', 5, 'Antioquia', 7, -75, 1),
(30, '5138', 'Cañasgordas', 5, 'Antioquia', 7, -76, 1),
(31, '5142', 'Caracolí', 5, 'Antioquia', 6, -75, 1),
(32, '5145', 'Caramanta', 5, 'Antioquia', 6, -76, 1),
(33, '5147', 'Carepa', 5, 'Antioquia', 8, -77, 1),
(34, '5148', 'Carmen de Viboral', 5, 'Antioquia', 6, -75, 1),
(35, '5150', 'Carolina', 5, 'Antioquia', 7, -75, 1),
(36, '5154', 'Caucasia', 5, 'Antioquia', 8, -75, 1),
(37, '5172', 'Chigorodó', 5, 'Antioquia', 8, -77, 1),
(38, '5190', 'Cisneros', 5, 'Antioquia', 7, -75, 1),
(39, '5197', 'Cocorná', 5, 'Antioquia', 6, -75, 1),
(40, '5206', 'Concepción', 5, 'Antioquia', 6, -75, 1),
(41, '5209', 'Concordia', 5, 'Antioquia', 6, -76, 1),
(42, '5212', 'Copacabana', 5, 'Antioquia', 6, -76, 1),
(43, '5234', 'Dabeiba', 5, 'Antioquia', 7, -76, 1),
(44, '5237', 'Don Matías', 5, 'Antioquia', 7, -75, 1),
(45, '5240', 'Ebéjico', 5, 'Antioquia', 6, -76, 1),
(46, '5250', 'El Bagre', 5, 'Antioquia', 8, -75, 1),
(47, '5264', 'Entrerríos', 5, 'Antioquia', 7, -76, 1),
(48, '5266', 'Envigado', 5, 'Antioquia', 6, -76, 1),
(49, '5282', 'Fredonia', 5, 'Antioquia', 6, -76, 1),
(50, '5284', 'Frontino', 5, 'Antioquia', 7, -76, 1),
(51, '5306', 'Giraldo', 5, 'Antioquia', 7, -76, 1),
(52, '5308', 'Girardota', 5, 'Antioquia', 6, -75, 1),
(53, '5310', 'Gómez Plata', 5, 'Antioquia', 7, -76, 1),
(54, '5313', 'Granada', 5, 'Antioquia', 6, -75, 1),
(55, '5315', 'Guadalupe', 5, 'Antioquia', 7, -75, 1),
(56, '5318', 'Guarne', 5, 'Antioquia', 6, -75, 1),
(57, '5321', 'Guatapé', 5, 'Antioquia', 6, -75, 1),
(58, '5347', 'Heliconia', 5, 'Antioquia', 6, -76, 1),
(59, '5353', 'Hispania', 5, 'Antioquia', 6, -76, 1),
(60, '5360', 'Itagüí', 5, 'Antioquia', 6, -76, 1),
(61, '5361', 'Ituango', 5, 'Antioquia', 7, -76, 1),
(62, '5364', 'Jardín', 5, 'Antioquia', 6, -76, 1),
(63, '5368', 'Jericó', 5, 'Antioquia', 6, -76, 1),
(64, '5376', 'La Ceja', 5, 'Antioquia', 6, -75, 1),
(65, '5380', 'La Estrella', 5, 'Antioquia', 6, -76, 1),
(66, '5390', 'La Pintada', 5, 'Antioquia', 6, -76, 1),
(67, '5400', 'La Unión', 5, 'Antioquia', 6, -75, 1),
(68, '5411', 'Liborina', 5, 'Antioquia', 7, -76, 1),
(69, '5425', 'Maceo', 5, 'Antioquia', 7, -75, 1),
(70, '5440', 'Marinilla', 5, 'Antioquia', 6, -75, 1),
(71, '5467', 'Montebello', 5, 'Antioquia', 6, -76, 1),
(72, '5475', 'Murindó', 5, 'Antioquia', 7, -77, 1),
(73, '5480', 'Mutatá', 5, 'Antioquia', 7, -77, 1),
(74, '5483', 'Nariño', 5, 'Antioquia', 6, -75, 1),
(75, '5490', 'Necoclí', 5, 'Antioquia', 8, -77, 1),
(76, '5495', 'Nechí', 5, 'Antioquia', 8, -75, 1),
(77, '5501', 'Olaya', 5, 'Antioquia', 7, -76, 1),
(78, '5541', 'Peñol', 5, 'Antioquia', 6, -75, 1),
(79, '5543', 'Peque', 5, 'Antioquia', 7, -76, 1),
(80, '5576', 'Pueblorrico', 5, 'Antioquia', 6, -76, 1),
(81, '5579', 'Puerto Berrío', 5, 'Antioquia', 6, -75, 1),
(82, '5585', 'Puerto Nare', 5, 'Antioquia', 6, -75, 1),
(83, '5591', 'Puerto Triunfo', 5, 'Antioquia', 6, -75, 1),
(84, '5604', 'Remedios', 5, 'Antioquia', 7, -74, 1),
(85, '5607', 'Retiro', 5, 'Antioquia', 6, -76, 1),
(86, '5615', 'Ríonegro', 5, 'Antioquia', 6, -75, 1),
(87, '5628', 'Sabanalarga', 5, 'Antioquia', 7, -76, 1),
(88, '5631', 'Sabaneta', 5, 'Antioquia', 6, -76, 1),
(89, '5642', 'Salgar', 5, 'Antioquia', 6, -76, 1),
(90, '5647', 'San Andrés de Cuerquía', 5, 'Antioquia', 7, -76, 1),
(91, '5649', 'San Carlos', 5, 'Antioquia', 6, -75, 1),
(92, '5652', 'San Francisco', 5, 'Antioquia', 6, -76, 1),
(93, '5656', 'San Jerónimo', 5, 'Antioquia', 6, -76, 1),
(94, '5658', 'San José de Montaña', 5, 'Antioquia', 7, -76, 1),
(95, '5659', 'San Juan de Urabá', 5, 'Antioquia', 9, -77, 1),
(96, '5660', 'San Luís', 5, 'Antioquia', 6, -75, 1),
(97, '5664', 'San Pedro', 5, 'Antioquia', 6, -76, 1),
(98, '5665', 'San Pedro de Urabá', 5, 'Antioquia', 8, -76, 1),
(99, '5667', 'San Rafael', 5, 'Antioquia', 6, -75, 1),
(100, '5670', 'San Roque', 5, 'Antioquia', 6, -75, 1),
(101, '5674', 'San Vicente', 5, 'Antioquia', 6, -75, 1),
(102, '5679', 'Santa Bárbara', 5, 'Antioquia', 6, -76, 1),
(103, '5686', 'Santa Rosa de Osos', 5, 'Antioquia', 7, -75, 1),
(104, '5690', 'Santo Domingo', 5, 'Antioquia', 6, -75, 1),
(105, '5697', 'Santuario', 5, 'Antioquia', 6, -75, 1),
(106, '5736', 'Segovia', 5, 'Antioquia', 7, -75, 1),
(107, '5756', 'Sonsón', 5, 'Antioquia', 6, -75, 1),
(108, '5761', 'Sopetrán', 5, 'Antioquia', 7, -76, 1),
(109, '5789', 'Támesis', 5, 'Antioquia', 6, -76, 1),
(110, '5790', 'Tarazá', 5, 'Antioquia', 8, -75, 1),
(111, '5792', 'Tarso', 5, 'Antioquia', 6, -76, 1),
(112, '5809', 'Titiribí', 5, 'Antioquia', 6, -76, 1),
(113, '5819', 'Toledo', 5, 'Antioquia', 7, -76, 1),
(114, '5837', 'Turbo', 5, 'Antioquia', 8, -77, 1),
(115, '5842', 'Uramita', 5, 'Antioquia', 7, -76, 1),
(116, '5847', 'Urrao', 5, 'Antioquia', 6, -76, 1),
(117, '5854', 'Valdivia', 5, 'Antioquia', 7, -75, 1),
(118, '5856', 'Valparaiso', 5, 'Antioquia', 6, -76, 1),
(119, '5858', 'Vegachí', 5, 'Antioquia', 7, -75, 1),
(120, '5861', 'Venecia', 5, 'Antioquia', 6, -76, 1),
(121, '5873', 'Vigía del Fuerte', 5, 'Antioquia', 7, -77, 1),
(122, '5885', 'Yalí', 5, 'Antioquia', 7, -75, 1),
(123, '5887', 'Yarumal', 5, 'Antioquia', 7, -76, 1),
(124, '5890', 'Yolombó', 5, 'Antioquia', 7, -75, 1),
(125, '5893', 'Yondó (Casabe)', 5, 'Antioquia', 7, -74, 1),
(126, '5895', 'Zaragoza', 5, 'Antioquia', 8, -75, 1),
(127, '8001', 'Barranquilla', 8, 'Atlántico', 11, -75, 1),
(128, '8078', 'Baranoa', 8, 'Atlántico', 11, -75, 1),
(129, '8132', 'Juan de Acosta', 8, 'Atlántico', 11, -75, 1),
(130, '8137', 'Campo de la Cruz', 8, 'Atlántico', 10, -75, 1),
(131, '8141', 'Candelaria', 8, 'Atlántico', 11, -75, 1),
(132, '8296', 'Galapa', 8, 'Atlántico', 11, -75, 1),
(133, '8421', 'Luruaco', 8, 'Atlántico', 11, -75, 1),
(134, '8433', 'Malambo', 8, 'Atlántico', 11, -75, 1),
(135, '8436', 'Manatí', 8, 'Atlántico', 11, -75, 1),
(136, '8520', 'Palmar de Varela', 8, 'Atlántico', 11, -75, 1),
(137, '8549', 'Piojo', 8, 'Atlántico', 11, -75, 1),
(138, '8558', 'Polonuevo', 8, 'Atlántico', 11, -75, 1),
(139, '8560', 'Ponedera', 8, 'Atlántico', 11, -75, 1),
(140, '8573', 'Puerto Colombia', 8, 'Atlántico', 11, -75, 1),
(141, '8606', 'Repelón', 8, 'Atlántico', 11, -75, 1),
(142, '8634', 'Sabanagrande', 8, 'Atlántico', 11, -75, 1),
(143, '8638', 'Sabanalarga', 8, 'Atlántico', 11, -75, 1),
(144, '8675', 'Santa Lucía', 8, 'Atlántico', 10, -75, 1),
(145, '8685', 'Santo Tomás', 8, 'Atlántico', 11, -75, 1),
(146, '8758', 'Soledad', 8, 'Atlántico', 11, -75, 1),
(147, '8770', 'Suan', 8, 'Atlántico', 10, -75, 1),
(148, '8832', 'Tubará', 8, 'Atlántico', 11, -75, 1),
(149, '8849', 'Usiacuri', 8, 'Atlántico', 11, -75, 1),
(150, '11001', 'Bogotá D.C.', 25, 'Cundinamarca', 5, -74, 1),
(151, '13001', 'Cartagena', 13, 'Bolívar', 10, -76, 1),
(152, '13006', 'Achí', 13, 'Bolívar', 8, -75, 1),
(153, '13030', 'Altos del Rosario', 13, 'Bolívar', 9, -74, 1),
(154, '13042', 'Arenal', 13, 'Bolívar', 8, -74, 1),
(155, '13052', 'Arjona', 13, 'Bolívar', 10, -75, 1),
(156, '13062', 'Arroyohondo', 13, 'Bolívar', 10, -75, 1),
(157, '13074', 'Barranco de Loba', 13, 'Bolívar', 9, -74, 1),
(158, '13140', 'Calamar', 13, 'Bolívar', 10, -75, 1),
(159, '13160', 'Cantagallo', 13, 'Bolívar', 7, -74, 1),
(160, '13188', 'Cicuco', 13, 'Bolívar', 9, -75, 1),
(161, '13212', 'Córdoba', 13, 'Bolívar', 10, -75, 1),
(162, '13222', 'Clemencia', 13, 'Bolívar', 11, -75, 1),
(163, '13244', 'El Carmen de Bolívar', 13, 'Bolívar', 10, -75, 1),
(164, '13248', 'El Guamo', 13, 'Bolívar', 10, -75, 1),
(165, '13268', 'El Peñon', 13, 'Bolívar', 9, -74, 1),
(166, '13300', 'Hatillo de Loba', 13, 'Bolívar', 9, -74, 1),
(167, '13430', 'Magangué', 13, 'Bolívar', 9, -75, 1),
(168, '13433', 'Mahates', 13, 'Bolívar', 10, -75, 1),
(169, '13440', 'Margarita', 13, 'Bolívar', 9, -74, 1),
(170, '13442', 'María la Baja', 13, 'Bolívar', 10, -75, 1),
(171, '13458', 'Montecristo', 13, 'Bolívar', 8, -74, 1),
(172, '13468', 'Mompós', 13, 'Bolívar', 9, -75, 1),
(173, '13473', 'Morales', 13, 'Bolívar', 8, -74, 1),
(174, '13490', 'Norosí', 13, 'Bolívar', 9, -74, 1),
(175, '13549', 'Pinillos', 13, 'Bolívar', 9, -74, 1),
(176, '13580', 'Regidor', 13, 'Bolívar', 9, -74, 1),
(177, '13600', 'Río Viejo', 13, 'Bolívar', 9, -74, 1),
(178, '13620', 'San Cristobal', 13, 'Bolívar', 10, -75, 1),
(179, '13647', 'San Estanislao', 13, 'Bolívar', 10, -75, 1),
(180, '13650', 'San Fernando', 13, 'Bolívar', 9, -74, 1),
(181, '13654', 'San Jacinto', 13, 'Bolívar', 10, -75, 1),
(182, '13655', 'San Jacinto del Cauca', 13, 'Bolívar', 10, -75, 1),
(183, '13657', 'San Juan de Nepomuceno', 13, 'Bolívar', 10, -75, 1),
(184, '13667', 'San Martín de Loba', 13, 'Bolívar', 9, -74, 1),
(185, '13670', 'San Pablo', 13, 'Bolívar', 10, -75, 1),
(186, '13673', 'Santa Catalina', 13, 'Bolívar', 11, -75, 1),
(187, '13683', 'Santa Rosa', 13, 'Bolívar', 10, -75, 1),
(188, '13688', 'Santa Rosa del Sur', 13, 'Bolívar', 8, -74, 1),
(189, '13744', 'Simití', 13, 'Bolívar', 8, -74, 1),
(190, '13760', 'Soplaviento', 13, 'Bolívar', 10, -75, 1),
(191, '13780', 'Talaigua Nuevo', 13, 'Bolívar', 9, -75, 1),
(192, '13810', 'Tiquisio (Puerto Rico)', 13, 'Bolívar', 9, -74, 1),
(193, '13836', 'Turbaco', 13, 'Bolívar', 10, -75, 1),
(194, '13838', 'Turbaná', 13, 'Bolívar', 10, -75, 1),
(195, '13873', 'Villanueva', 13, 'Bolívar', 10, -75, 1),
(196, '13894', 'Zambrano', 13, 'Bolívar', 10, -75, 1),
(197, '15001', 'Tunja', 15, 'Boyacá', 6, -73, 1),
(198, '15022', 'Almeida', 15, 'Boyacá', 5, -73, 1),
(199, '15047', 'Aquitania', 15, 'Boyacá', 6, -73, 1),
(200, '15051', 'Arcabuco', 15, 'Boyacá', 6, -73, 1),
(201, '15087', 'Belén', 15, 'Boyacá', 6, -73, 1),
(202, '15090', 'Berbeo', 15, 'Boyacá', 5, -73, 1),
(203, '15092', 'Beteitiva', 15, 'Boyacá', 6, -73, 1),
(204, '15097', 'Boavita', 15, 'Boyacá', 6, -73, 1),
(205, '15104', 'Boyacá', 15, 'Boyacá', 6, -73, 1),
(206, '15106', 'Briceño', 15, 'Boyacá', 6, -74, 1),
(207, '15109', 'Buenavista', 15, 'Boyacá', 6, -74, 1),
(208, '15114', 'Busbanza', 15, 'Boyacá', 6, -73, 1),
(209, '15131', 'Caldas', 15, 'Boyacá', 6, -74, 1),
(210, '15135', 'Campohermoso', 15, 'Boyacá', 5, -73, 1),
(211, '15162', 'Cerinza', 15, 'Boyacá', 6, -73, 1),
(212, '15172', 'Chinavita', 15, 'Boyacá', 5, -73, 1),
(213, '15176', 'Chiquinquirá', 15, 'Boyacá', 6, -74, 1),
(214, '15180', 'Chiscas', 15, 'Boyacá', 7, -72, 1),
(215, '15183', 'Chita', 15, 'Boyacá', 6, -72, 1),
(216, '15185', 'Chitaraque', 15, 'Boyacá', 6, -73, 1),
(217, '15187', 'Chivatá', 15, 'Boyacá', 6, -73, 1),
(218, '15189', 'Ciénaga', 15, 'Boyacá', 5, -73, 1),
(219, '15204', 'Cómbita', 15, 'Boyacá', 6, -73, 1),
(220, '15212', 'Coper', 15, 'Boyacá', 5, -74, 1),
(221, '15215', 'Corrales', 15, 'Boyacá', 6, -73, 1),
(222, '15218', 'Covarachía', 15, 'Boyacá', 7, -73, 1),
(223, '15223', 'Cubará', 15, 'Boyacá', 7, -72, 1),
(224, '15224', 'Cucaita', 15, 'Boyacá', 6, -73, 1),
(225, '15226', 'Cuitiva', 15, 'Boyacá', 6, -73, 1),
(226, '15232', 'Chíquiza', 15, 'Boyacá', 6, -73, 1),
(227, '15236', 'Chívor', 15, 'Boyacá', 5, -73, 1),
(228, '15238', 'Duitama', 15, 'Boyacá', 6, -73, 1),
(229, '15244', 'El Cocuy', 15, 'Boyacá', 6, -72, 1),
(230, '15248', 'El Espino', 15, 'Boyacá', 7, -72, 1),
(231, '15272', 'Firavitoba', 15, 'Boyacá', 6, -73, 1),
(232, '15276', 'Floresta', 15, 'Boyacá', 6, -73, 1),
(233, '15293', 'Gachantivá', 15, 'Boyacá', 6, -74, 1),
(234, '15296', 'Gámeza', 15, 'Boyacá', 6, -73, 1),
(235, '15299', 'Garagoa', 15, 'Boyacá', 5, -73, 1),
(236, '15317', 'Guacamayas', 15, 'Boyacá', 7, -73, 1),
(237, '15322', 'Guateque', 15, 'Boyacá', 5, -74, 1),
(238, '15325', 'Guayatá', 15, 'Boyacá', 5, -74, 1),
(239, '15332', 'Guicán', 15, 'Boyacá', 7, -72, 1),
(240, '15362', 'Izá', 15, 'Boyacá', 6, -73, 1),
(241, '15367', 'Jenesano', 15, 'Boyacá', 5, -73, 1),
(242, '15368', 'Jericó', 15, 'Boyacá', 6, -73, 1),
(243, '15377', 'Labranzagrande', 15, 'Boyacá', 6, -73, 1),
(244, '15380', 'La Capilla', 15, 'Boyacá', 5, -73, 1),
(245, '15401', 'La Victoria', 15, 'Boyacá', 6, -74, 1),
(246, '15403', 'La Uvita', 15, 'Boyacá', 6, -73, 1),
(247, '15407', 'Villa de Leiva', 15, 'Boyacá', 6, -74, 1),
(248, '15425', 'Macanal', 15, 'Boyacá', 5, -73, 1),
(249, '15442', 'Maripí', 15, 'Boyacá', 6, -74, 1),
(250, '15455', 'Miraflores', 15, 'Boyacá', 5, -73, 1),
(251, '15464', 'Mongua', 15, 'Boyacá', 6, -73, 1),
(252, '15466', 'Monguí', 15, 'Boyacá', 6, -73, 1),
(253, '15469', 'Moniquirá', 15, 'Boyacá', 6, -74, 1),
(254, '15476', 'Motavita', 15, 'Boyacá', 6, -73, 1),
(255, '15480', 'Muzo', 15, 'Boyacá', 6, -74, 1),
(256, '15491', 'Nobsa', 15, 'Boyacá', 6, -73, 1),
(257, '15494', 'Nuevo Colón', 15, 'Boyacá', 5, -73, 1),
(258, '15500', 'Oicatá', 15, 'Boyacá', 6, -73, 1),
(259, '15507', 'Otanche', 15, 'Boyacá', 6, -74, 1),
(260, '15511', 'Pachavita', 15, 'Boyacá', 5, -73, 1),
(261, '15514', 'Páez', 15, 'Boyacá', 5, -73, 1),
(262, '15516', 'Paipa', 15, 'Boyacá', 6, -73, 1),
(263, '15518', 'Pajarito', 15, 'Boyacá', 5, -73, 1),
(264, '15522', 'Panqueba', 15, 'Boyacá', 7, -72, 1),
(265, '15531', 'Pauna', 15, 'Boyacá', 6, -74, 1),
(266, '15532', 'Paya', 15, 'Boyacá', 6, -72, 1),
(267, '15537', 'Paz de Río', 15, 'Boyacá', 6, -73, 1),
(268, '15542', 'Pesca', 15, 'Boyacá', 6, -73, 1),
(269, '15550', 'Pisva', 15, 'Boyacá', 6, -72, 1),
(270, '15572', 'Puerto Boyacá', 15, 'Boyacá', 6, -75, 1),
(271, '15580', 'Quipama', 15, 'Boyacá', 6, -74, 1),
(272, '15599', 'Ramiriquí', 15, 'Boyacá', 5, -73, 1),
(273, '15600', 'Ráquira', 15, 'Boyacá', 6, -74, 1),
(274, '15621', 'Rondón', 15, 'Boyacá', 5, -73, 1),
(275, '15632', 'Saboyá', 15, 'Boyacá', 6, -74, 1),
(276, '15638', 'Sáchica', 15, 'Boyacá', 6, -74, 1),
(277, '15646', 'Samacá', 15, 'Boyacá', 6, -74, 1),
(278, '15660', 'San Eduardo', 15, 'Boyacá', 5, -73, 1),
(279, '15664', 'San José de Pare', 15, 'Boyacá', 6, -73, 1),
(280, '15667', 'San Luís de Gaceno', 15, 'Boyacá', 5, -73, 1),
(281, '15673', 'San Mateo', 15, 'Boyacá', 7, -73, 1),
(282, '15676', 'San Miguel de Sema', 15, 'Boyacá', 6, -74, 1),
(283, '15681', 'San Pablo de Borbur', 15, 'Boyacá', 6, -74, 1),
(284, '15686', 'Santana', 15, 'Boyacá', 6, -73, 1),
(285, '15690', 'Santa María', 15, 'Boyacá', 5, -73, 1),
(286, '15693', 'Santa Rosa de Viterbo', 15, 'Boyacá', 6, -73, 1),
(287, '15696', 'Santa Sofía', 15, 'Boyacá', 6, -74, 1),
(288, '15720', 'Sativanorte', 15, 'Boyacá', 6, -73, 1),
(289, '15723', 'Sativasur', 15, 'Boyacá', 6, -73, 1),
(290, '15740', 'Siachoque', 15, 'Boyacá', 6, -73, 1),
(291, '15753', 'Soatá', 15, 'Boyacá', 6, -73, 1),
(292, '15755', 'Socotá', 15, 'Boyacá', 6, -73, 1),
(293, '15757', 'Socha', 15, 'Boyacá', 6, -73, 1),
(294, '15759', 'Sogamoso', 15, 'Boyacá', 6, -73, 1),
(295, '15761', 'Somondoco', 15, 'Boyacá', 5, -73, 1),
(296, '15762', 'Sora', 15, 'Boyacá', 6, -73, 1),
(297, '15763', 'Sotaquirá', 15, 'Boyacá', 6, -73, 1),
(298, '15764', 'Soracá', 15, 'Boyacá', 6, -73, 1),
(299, '15774', 'Susacón', 15, 'Boyacá', 6, -73, 1),
(300, '15776', 'Sutamarchán', 15, 'Boyacá', 6, -74, 1),
(301, '15778', 'Sutatenza', 15, 'Boyacá', 5, -73, 1),
(302, '15790', 'Tasco', 15, 'Boyacá', 6, -73, 1),
(303, '15798', 'Tenza', 15, 'Boyacá', 5, -73, 1),
(304, '15804', 'Tibaná', 15, 'Boyacá', 5, -73, 1),
(305, '15806', 'Tibasosa', 15, 'Boyacá', 6, -73, 1),
(306, '15808', 'Tinjacá', 15, 'Boyacá', 6, -74, 1),
(307, '15810', 'Tipacoque', 15, 'Boyacá', 6, -73, 1),
(308, '15814', 'Toca', 15, 'Boyacá', 6, -73, 1),
(309, '15816', 'Toguí', 15, 'Boyacá', 6, -73, 1),
(310, '15820', 'Topagá', 15, 'Boyacá', 6, -73, 1),
(311, '15822', 'Tota', 15, 'Boyacá', 6, -73, 1),
(312, '15832', 'Tunungua', 15, 'Boyacá', 6, -74, 1),
(313, '15835', 'Turmequé', 15, 'Boyacá', 5, -74, 1),
(314, '15837', 'Tuta', 15, 'Boyacá', 6, -73, 1),
(315, '15839', 'Tutasá', 15, 'Boyacá', 6, -73, 1),
(316, '15842', 'Úmbita', 15, 'Boyacá', 5, -73, 1),
(317, '15861', 'Ventaquemada', 15, 'Boyacá', 5, -74, 1),
(318, '15879', 'Viracachá', 15, 'Boyacá', 6, -73, 1),
(319, '15897', 'Zetaquirá', 15, 'Boyacá', 5, -73, 1),
(320, '17001', 'Manizales', 17, 'Caldas', 5, -76, 1),
(321, '17013', 'Aguadas', 17, 'Caldas', 6, -75, 1),
(322, '17042', 'Anserma', 17, 'Caldas', 5, -76, 1),
(323, '17050', 'Aranzazu', 17, 'Caldas', 5, -75, 1),
(324, '17088', 'Belalcázar', 17, 'Caldas', 5, -76, 1),
(325, '17174', 'Chinchiná', 17, 'Caldas', 5, -76, 1),
(326, '17272', 'Filadelfia', 17, 'Caldas', 5, -76, 1),
(327, '17380', 'La Dorada', 17, 'Caldas', 6, -75, 1),
(328, '17388', 'La Merced', 17, 'Caldas', 5, -76, 1),
(329, '17433', 'Manzanares', 17, 'Caldas', 5, -75, 1),
(330, '17442', 'Marmato', 17, 'Caldas', 6, -76, 1),
(331, '17444', 'Marquetalia', 17, 'Caldas', 5, -75, 1),
(332, '17446', 'Marulanda', 17, 'Caldas', 5, -75, 1),
(333, '17486', 'Neira', 17, 'Caldas', 5, -76, 1),
(334, '17495', 'Norcasia', 17, 'Caldas', 6, -75, 1),
(335, '17513', 'Pácora', 17, 'Caldas', 6, -76, 1),
(336, '17524', 'Palestina', 17, 'Caldas', 5, -76, 1),
(337, '17541', 'Pensilvania', 17, 'Caldas', 6, -75, 1),
(338, '17614', 'Río Sucio', 17, 'Caldas', 5, -76, 1),
(339, '17616', 'Risaralda', 17, 'Caldas', 5, -76, 1),
(340, '17653', 'Salamina', 17, 'Caldas', 5, -75, 1),
(341, '17662', 'Samaná', 17, 'Caldas', 6, -75, 1),
(342, '17665', 'San José', 17, 'Caldas', 5, -76, 1),
(343, '17777', 'Supía', 17, 'Caldas', 6, -76, 1),
(344, '17867', 'La Victoria', 17, 'Caldas', 5, -76, 1),
(345, '17873', 'Villamaría', 17, 'Caldas', 5, -76, 1),
(346, '17877', 'Viterbo', 17, 'Caldas', 5, -76, 1),
(347, '18001', 'Florencia', 18, 'Caquetá', 2, -76, 1),
(348, '18029', 'Albania', 18, 'Caquetá', 1, -76, 1),
(349, '18094', 'Belén de los Andaquíes', 18, 'Caquetá', 1, -76, 1),
(350, '18150', 'Cartagena del Chairá', 18, 'Caquetá', 1, -75, 1),
(351, '18205', 'Curillo', 18, 'Caquetá', 1, -76, 1),
(352, '18247', 'El Doncello', 18, 'Caquetá', 2, -75, 1),
(353, '18256', 'El Paujil', 18, 'Caquetá', 2, -75, 1),
(354, '18410', 'La Montañita', 18, 'Caquetá', 2, -75, 1),
(355, '18460', 'Milán', 18, 'Caquetá', 1, -76, 1),
(356, '18479', 'Morelia', 18, 'Caquetá', 1, -76, 1),
(357, '18592', 'Puerto Rico', 18, 'Caquetá', 2, -75, 1),
(358, '18610', 'San José del Fragua', 18, 'Caquetá', 1, -76, 1),
(359, '18753', 'San Vicente del Caguán', 18, 'Caquetá', 2, -75, 1),
(360, '18765', 'Solano', 18, 'Caquetá', 1, -75, 1),
(361, '18785', 'Solita', 18, 'Caquetá', 1, -76, 1),
(362, '18860', 'Valparaiso', 18, 'Caquetá', 1, -76, 1),
(363, '19001', 'Popayán', 19, 'Cauca', 3, -76, 1),
(364, '19022', 'Almaguer', 19, 'Cauca', 2, -77, 1),
(365, '19050', 'Argelia', 19, 'Cauca', 2, -77, 1),
(366, '19075', 'Balboa', 19, 'Cauca', 2, -77, 1),
(367, '19100', 'Bolívar', 19, 'Cauca', 2, -77, 1),
(368, '19110', 'Buenos Aires', 19, 'Cauca', 3, -77, 1),
(369, '19130', 'Cajibío', 19, 'Cauca', 3, -77, 1),
(370, '19137', 'Caldono', 19, 'Cauca', 3, -76, 1),
(371, '19142', 'Caloto', 19, 'Cauca', 3, -76, 1),
(372, '19212', 'Corinto', 19, 'Cauca', 3, -76, 1),
(373, '19256', 'El Tambo', 19, 'Cauca', 3, -77, 1),
(374, '19290', 'Florencia', 19, 'Cauca', 2, -77, 1),
(375, '19300', 'Guachené', 19, 'Cauca', 3, -76, 1),
(376, '19318', 'Guapí', 19, 'Cauca', 2, -78, 1),
(377, '19355', 'Inzá', 19, 'Cauca', 3, -76, 1),
(378, '19364', 'Jambaló', 19, 'Cauca', 3, -76, 1),
(379, '19392', 'La Sierra', 19, 'Cauca', 2, -77, 1),
(380, '19397', 'La Vega', 19, 'Cauca', 2, -77, 1),
(381, '19418', 'López (Micay)', 19, 'Cauca', 2, -77, 1),
(382, '19450', 'Mercaderes', 19, 'Cauca', 2, -77, 1),
(383, '19455', 'Miranda', 19, 'Cauca', 3, -76, 1),
(384, '19473', 'Morales', 19, 'Cauca', 3, -77, 1),
(385, '19513', 'Padilla', 19, 'Cauca', 3, -76, 1),
(386, '19517', 'Páez (Belalcazar)', 19, 'Cauca', 5, -73, 1),
(387, '19532', 'Patía (El Bordo)', 19, 'Cauca', 2, -77, 1),
(388, '19533', 'Piamonte', 19, 'Cauca', 8, -75, 1),
(389, '19548', 'Piendamó', 19, 'Cauca', 3, -77, 1),
(390, '19573', 'Puerto Tejada', 19, 'Cauca', 3, -76, 1),
(391, '19585', 'Puracé (Coconuco)', 19, 'Cauca', 2, -77, 1),
(392, '19622', 'Rosas', 19, 'Cauca', 2, -77, 1),
(393, '19693', 'San Sebastián', 19, 'Cauca', 2, -77, 1),
(394, '19698', 'Santander de Quilichao', 19, 'Cauca', 3, -76, 1),
(395, '19701', 'Santa Rosa', 19, 'Cauca', 2, -77, 1),
(396, '19743', 'Silvia', 19, 'Cauca', 3, -76, 1),
(397, '19760', 'Sotara (Paispamba)', 19, 'Cauca', 2, -77, 1),
(398, '19780', 'Suárez', 19, 'Cauca', 3, -77, 1),
(399, '19785', 'Sucre', 19, 'Cauca', 2, -77, 1),
(400, '19807', 'Timbío', 19, 'Cauca', 2, -77, 1),
(401, '19809', 'Timbiquí', 19, 'Cauca', 3, -78, 1),
(402, '19821', 'Toribío', 19, 'Cauca', 3, -76, 1),
(403, '19824', 'Totoró', 19, 'Cauca', 3, -76, 1),
(404, '19845', 'Villa Rica', 19, 'Cauca', 3, -77, 1),
(405, '20001', 'Valledupar', 20, 'Cesar', 10, -73, 1),
(406, '20011', 'Aguachica', 20, 'Cesar', 8, -74, 1),
(407, '20013', 'Agustín Codazzi', 20, 'Cesar', 10, -73, 1),
(408, '20032', 'Astrea', 20, 'Cesar', 10, -74, 1),
(409, '20045', 'Becerríl', 20, 'Cesar', 10, -73, 1),
(410, '20060', 'Bosconia', 20, 'Cesar', 10, -74, 1),
(411, '20175', 'Chimichagua', 20, 'Cesar', 9, -74, 1),
(412, '20178', 'Chiriguaná', 20, 'Cesar', 10, -73, 1),
(413, '20228', 'Curumaní', 20, 'Cesar', 9, -74, 1),
(414, '20238', 'El Copey', 20, 'Cesar', 10, -74, 1),
(415, '20250', 'El Paso', 20, 'Cesar', 10, -74, 1),
(416, '20295', 'Gamarra', 20, 'Cesar', 8, -74, 1),
(417, '20310', 'Gonzalez', 20, 'Cesar', 8, -73, 1),
(418, '20383', 'La Gloria', 20, 'Cesar', 9, -74, 1),
(419, '20400', 'La Jagua de Ibirico', 20, 'Cesar', 10, -73, 1),
(420, '20443', 'Manaure Balcón del Cesar', 20, 'Cesar', 10, -73, 1),
(421, '20517', 'Pailitas', 20, 'Cesar', 9, -74, 1),
(422, '20550', 'Pelaya', 20, 'Cesar', 9, -74, 1),
(423, '20570', 'Pueblo Bello', 20, 'Cesar', 10, -74, 1),
(424, '20614', 'Río de oro', 20, 'Cesar', 8, -74, 1),
(425, '20621', 'La Paz (Robles)', 20, 'Cesar', 10, -73, 1),
(426, '20710', 'San Alberto', 20, 'Cesar', 8, -73, 1),
(427, '20750', 'San Diego', 20, 'Cesar', 10, -73, 1),
(428, '20770', 'San Martín', 20, 'Cesar', 8, -74, 1),
(429, '20787', 'Tamalameque', 20, 'Cesar', 9, -74, 1),
(430, '23001', 'Monteria', 23, 'Córdoba', 9, -76, 1),
(431, '23068', 'Ayapel', 23, 'Córdoba', 8, -75, 1),
(432, '23079', 'Buenavista', 23, 'Córdoba', 9, -76, 1),
(433, '23090', 'Canalete', 23, 'Córdoba', 9, -76, 1),
(434, '23162', 'Cereté', 23, 'Córdoba', 9, -76, 1),
(435, '23168', 'Chimá', 23, 'Córdoba', 9, -76, 1),
(436, '23182', 'Chinú', 23, 'Córdoba', 9, -75, 1),
(437, '23189', 'Ciénaga de Oro', 23, 'Córdoba', 9, -76, 1),
(438, '23300', 'Cotorra', 23, 'Córdoba', 9, -76, 1),
(439, '23350', 'La Apartada y La Frontera', 23, 'Córdoba', 0, 0, 1),
(440, '23417', 'Lorica', 23, 'Córdoba', 9, -76, 1),
(441, '23419', 'Los Córdobas', 23, 'Córdoba', 9, -76, 1),
(442, '23464', 'Momil', 23, 'Córdoba', 9, -76, 1),
(443, '23466', 'Montelíbano', 23, 'Córdoba', 8, -76, 1),
(444, '23500', 'Moñitos', 23, 'Córdoba', 8, -76, 1),
(445, '23555', 'Planeta Rica', 23, 'Córdoba', 8, -76, 1),
(446, '23570', 'Pueblo Nuevo', 23, 'Córdoba', 8, -75, 1),
(447, '23574', 'Puerto Escondido', 23, 'Córdoba', 9, -76, 1),
(448, '23580', 'Puerto Libertador', 23, 'Córdoba', 5, -74, 1),
(449, '23586', 'Purísima', 23, 'Córdoba', 9, -76, 1),
(450, '23660', 'Sahagún', 23, 'Córdoba', 9, -75, 1),
(451, '23670', 'San Andrés Sotavento', 23, 'Córdoba', 9, -76, 1),
(452, '23672', 'San Antero', 23, 'Córdoba', 9, -76, 1),
(453, '23675', 'San Bernardo del Viento', 23, 'Córdoba', 9, -76, 1),
(454, '23678', 'San Carlos', 23, 'Córdoba', 9, -76, 1),
(455, '23682', 'San José de Uré', 23, 'Córdoba', 8, -76, 1),
(456, '23686', 'San Pelayo', 23, 'Córdoba', 9, -76, 1),
(457, '23807', 'Tierralta', 23, 'Córdoba', 8, -76, 1),
(458, '23815', 'Tuchín', 23, 'Córdoba', 9, -76, 1),
(459, '23855', 'Valencia', 23, 'Córdoba', 8, -76, 1),
(460, '25001', 'Agua de Dios', 25, 'Cundinamarca', 4, -75, 1),
(461, '25019', 'Albán', 25, 'Cundinamarca', 5, -74, 1),
(462, '25035', 'Anapoima', 25, 'Cundinamarca', 5, -75, 1),
(463, '25040', 'Anolaima', 25, 'Cundinamarca', 5, -75, 1),
(464, '25053', 'Arbeláez', 25, 'Cundinamarca', 4, -75, 1),
(465, '25086', 'Beltrán', 25, 'Cundinamarca', 5, -75, 1),
(466, '25095', 'Bituima', 25, 'Cundinamarca', 5, -75, 1),
(467, '25099', 'Bojacá', 25, 'Cundinamarca', 5, -74, 1),
(468, '25120', 'Cabrera', 25, 'Cundinamarca', 4, -74, 1),
(469, '25123', 'Cachipay', 25, 'Cundinamarca', 5, -75, 1),
(470, '25126', 'Cajicá', 25, 'Cundinamarca', 5, -74, 1),
(471, '25148', 'Caparrapí', 25, 'Cundinamarca', 5, -75, 1),
(472, '25151', 'Cáqueza', 25, 'Cundinamarca', 4, -74, 1),
(473, '25154', 'Carmen de Carupa', 25, 'Cundinamarca', 5, -74, 1),
(474, '25168', 'Chaguaní', 25, 'Cundinamarca', 5, -75, 1),
(475, '25175', 'Chía', 25, 'Cundinamarca', 5, -74, 1),
(476, '25178', 'Chipaque', 25, 'Cundinamarca', 5, -74, 1),
(477, '25181', 'Choachí', 25, 'Cundinamarca', 5, -74, 1),
(478, '25183', 'Chocontá', 25, 'Cundinamarca', 5, -74, 1),
(479, '25200', 'Cogua', 25, 'Cundinamarca', 5, -74, 1),
(480, '25214', 'Cota', 25, 'Cundinamarca', 5, -74, 1),
(481, '25224', 'Cucunubá', 25, 'Cundinamarca', 5, -74, 1),
(482, '25245', 'El Colegio', 25, 'Cundinamarca', 5, -74, 1),
(483, '25258', 'El Peñón', 25, 'Cundinamarca', 5, -74, 1),
(484, '25260', 'El Rosal', 25, 'Cundinamarca', 5, -74, 1),
(485, '25269', 'Facatativá', 25, 'Cundinamarca', 5, -74, 1),
(486, '25279', 'Fómeque', 25, 'Cundinamarca', 5, -74, 1),
(487, '25281', 'Fosca', 25, 'Cundinamarca', 4, -74, 1),
(488, '25286', 'Funza', 25, 'Cundinamarca', 5, -74, 1),
(489, '25288', 'Fúquene', 25, 'Cundinamarca', 5, -74, 1),
(490, '25290', 'Fusagasugá', 25, 'Cundinamarca', 4, -74, 1),
(491, '25293', 'Gachalá', 25, 'Cundinamarca', 5, -74, 1),
(492, '25295', 'Gachancipá', 25, 'Cundinamarca', 5, -74, 1),
(493, '25297', 'Gachetá', 25, 'Cundinamarca', 5, -74, 1),
(494, '25299', 'Gama', 25, 'Cundinamarca', 5, -74, 1),
(495, '25307', 'Girardot', 25, 'Cundinamarca', 4, -75, 1),
(496, '25312', 'Granada', 25, 'Cundinamarca', 5, -75, 1),
(497, '25317', 'Guachetá', 25, 'Cundinamarca', 5, -74, 1),
(498, '25320', 'Guaduas', 25, 'Cundinamarca', 5, -75, 1),
(499, '25322', 'Guasca', 25, 'Cundinamarca', 5, -74, 1),
(500, '25324', 'Guataquí', 25, 'Cundinamarca', 5, -75, 1),
(501, '25326', 'Guatavita', 25, 'Cundinamarca', 5, -74, 1),
(502, '25328', 'Guayabal de Siquima', 25, 'Cundinamarca', 5, -74, 1),
(503, '25335', 'Guayabetal', 25, 'Cundinamarca', 4, -74, 1),
(504, '25339', 'Gutiérrez', 25, 'Cundinamarca', 4, -74, 1),
(505, '25368', 'Jerusalén', 25, 'Cundinamarca', 5, -75, 1),
(506, '25372', 'Junín', 25, 'Cundinamarca', 5, -74, 1),
(507, '25377', 'La Calera', 25, 'Cundinamarca', 5, -74, 1),
(508, '25386', 'La Mesa', 25, 'Cundinamarca', 5, -75, 1),
(509, '25394', 'La Palma', 25, 'Cundinamarca', 5, -74, 1),
(510, '25398', 'La Peña', 25, 'Cundinamarca', 5, -74, 1),
(511, '25402', 'La Vega', 25, 'Cundinamarca', 5, -74, 1),
(512, '25407', 'Lenguazaque', 25, 'Cundinamarca', 5, -74, 1),
(513, '25426', 'Machetá', 25, 'Cundinamarca', 5, -74, 1),
(514, '25430', 'Madrid', 25, 'Cundinamarca', 5, -74, 1),
(515, '25436', 'Manta', 25, 'Cundinamarca', 5, -74, 1),
(516, '25438', 'Medina', 25, 'Cundinamarca', 5, -73, 1),
(517, '25473', 'Mosquera', 25, 'Cundinamarca', 5, -74, 1),
(518, '25483', 'Nariño', 25, 'Cundinamarca', 4, -75, 1),
(519, '25486', 'Nemocón', 25, 'Cundinamarca', 5, -74, 1),
(520, '25488', 'Nilo', 25, 'Cundinamarca', 4, -75, 1),
(521, '25489', 'Nimaima', 25, 'Cundinamarca', 5, -74, 1),
(522, '25491', 'Nocaima', 25, 'Cundinamarca', 5, -74, 1),
(523, '25506', 'Venecia (Ospina Pérez)', 25, 'Cundinamarca', 4, -75, 1),
(524, '25513', 'Pacho', 25, 'Cundinamarca', 5, -74, 1),
(525, '25518', 'Paime', 25, 'Cundinamarca', 5, -74, 1),
(526, '25524', 'Pandi', 25, 'Cundinamarca', 4, -75, 1),
(527, '25530', 'Paratebueno', 25, 'Cundinamarca', 4, -73, 1),
(528, '25535', 'Pasca', 25, 'Cundinamarca', 4, -74, 1),
(529, '25572', 'Puerto Salgar', 25, 'Cundinamarca', 6, -75, 1),
(530, '25580', 'Pulí', 25, 'Cundinamarca', 5, -75, 1),
(531, '25592', 'Quebradanegra', 25, 'Cundinamarca', 5, -75, 1),
(532, '25594', 'Quetame', 25, 'Cundinamarca', 4, -74, 1),
(533, '25596', 'Quipile', 25, 'Cundinamarca', 5, -75, 1),
(534, '25599', 'Apulo', 25, 'Cundinamarca', 5, -75, 1),
(535, '25612', 'Ricaurte', 25, 'Cundinamarca', 4, -75, 1),
(536, '25645', 'San Antonio de Tequendama', 25, 'Cundinamarca', 4, -75, 1),
(537, '25649', 'San Bernardo', 25, 'Cundinamarca', 4, -74, 1),
(538, '25653', 'San Cayetano', 25, 'Cundinamarca', 5, -74, 1),
(539, '25658', 'San Francisco', 25, 'Cundinamarca', 5, -74, 1),
(540, '25662', 'San Juan de Río Seco', 25, 'Cundinamarca', 5, -75, 1),
(541, '25718', 'Sasaima', 25, 'Cundinamarca', 5, -74, 1),
(542, '25736', 'Sesquilé', 25, 'Cundinamarca', 5, -74, 1),
(543, '25740', 'Sibaté', 25, 'Cundinamarca', 4, -74, 1),
(544, '25743', 'Silvania', 25, 'Cundinamarca', 5, -74, 1),
(545, '25745', 'Simijaca', 25, 'Cundinamarca', 6, -74, 1),
(546, '25754', 'Soacha', 25, 'Cundinamarca', 5, -74, 1),
(547, '25758', 'Sopó', 25, 'Cundinamarca', 5, -74, 1),
(548, '25769', 'Subachoque', 25, 'Cundinamarca', 5, -74, 1),
(549, '25772', 'Suesca', 25, 'Cundinamarca', 5, -74, 1),
(550, '25777', 'Supatá', 25, 'Cundinamarca', 5, -74, 1),
(551, '25779', 'Susa', 25, 'Cundinamarca', 6, -74, 1),
(552, '25781', 'Sutatausa', 25, 'Cundinamarca', 5, -74, 1),
(553, '25785', 'Tabio', 25, 'Cundinamarca', 5, -74, 1),
(554, '25793', 'Tausa', 25, 'Cundinamarca', 5, -74, 1),
(555, '25797', 'Tena', 25, 'Cundinamarca', 5, -74, 1),
(556, '25799', 'Tenjo', 25, 'Cundinamarca', 5, -74, 1),
(557, '25805', 'Tibacuy', 25, 'Cundinamarca', 4, -75, 1),
(558, '25807', 'Tibirita', 25, 'Cundinamarca', 5, -74, 1),
(559, '25815', 'Tocaima', 25, 'Cundinamarca', 5, -75, 1),
(560, '25817', 'Tocancipá', 25, 'Cundinamarca', 5, -74, 1),
(561, '25823', 'Topaipí', 25, 'Cundinamarca', 5, -74, 1),
(562, '25839', 'Ubalá', 25, 'Cundinamarca', 5, -74, 1),
(563, '25841', 'Ubaque', 25, 'Cundinamarca', 5, -74, 1),
(564, '25843', 'Ubaté', 25, 'Cundinamarca', 5, -74, 1),
(565, '25845', 'Une', 25, 'Cundinamarca', 4, -74, 1),
(566, '25851', 'Útica', 25, 'Cundinamarca', 5, -75, 1),
(567, '25862', 'Vergara', 25, 'Cundinamarca', 5, -74, 1),
(568, '25867', 'Viani', 25, 'Cundinamarca', 5, -75, 1),
(569, '25871', 'Villagómez', 25, 'Cundinamarca', 5, -74, 1),
(570, '25873', 'Villapinzón', 25, 'Cundinamarca', 5, -74, 1),
(571, '25875', 'Villeta', 25, 'Cundinamarca', 5, -75, 1),
(572, '25878', 'Viotá', 25, 'Cundinamarca', 5, -75, 1),
(573, '25885', 'Yacopí', 25, 'Cundinamarca', 6, -74, 1),
(574, '25888', 'Zipacón', 25, 'Cundinamarca', 5, -74, 1),
(575, '25899', 'Zipaquirá', 25, 'Cundinamarca', 5, -74, 1),
(576, '27001', 'Quibdó', 27, 'Chocó', 6, -77, 1),
(577, '27006', 'Acandí', 27, 'Chocó', 8, -77, 1),
(578, '27025', 'Alto Baudó (Pie de Pato)', 27, 'Chocó', 6, -77, 1),
(579, '27050', 'Atrato (Yuto)', 27, 'Chocó', 6, -77, 1),
(580, '27073', 'Bagadó', 27, 'Chocó', 6, -76, 1),
(581, '27075', 'Bahía Solano (Mútis)', 27, 'Chocó', 6, -77, 1),
(582, '27077', 'Bajo Baudó (Pizarro)', 27, 'Chocó', 5, -77, 1),
(583, '27086', 'Belén de Bajirá', 27, 'Chocó', 7, -77, 1),
(584, '27099', 'Bojayá (Bellavista)', 27, 'Chocó', 7, -77, 1),
(585, '27135', 'Cantón de San Pablo', 27, 'Chocó', 5, -77, 1),
(586, '27150', 'Carmen del Darién (CURBARADÓ)', 27, 'Chocó', 7, -77, 1),
(587, '27160', 'Cértegui', 27, 'Chocó', 5, -77, 1),
(588, '27205', 'Condoto', 27, 'Chocó', 5, -77, 1),
(589, '27245', 'El Carmen de Atrato', 27, 'Chocó', 0, 0, 1),
(590, '27250', 'Santa Genoveva de Docorodó', 27, 'Chocó', 4, -77, 1),
(591, '27361', 'Istmina', 27, 'Chocó', 5, -77, 1),
(592, '27372', 'Juradó', 27, 'Chocó', 7, -78, 1),
(593, '27413', 'Lloró', 27, 'Chocó', 6, -76, 1),
(594, '27425', 'Medio Atrato', 27, 'Chocó', 0, 0, 1),
(595, '27430', 'Medio Baudó', 27, 'Chocó', 0, 0, 1),
(596, '27450', 'Medio San Juan (ANDAGOYA)', 27, 'Chocó', 5, -77, 1),
(597, '27491', 'Novita', 27, 'Chocó', 5, -77, 1),
(598, '27495', 'Nuquí', 27, 'Chocó', 6, -77, 1),
(599, '27580', 'Río Iró', 27, 'Chocó', 5, -77, 1),
(600, '27600', 'Río Quito', 27, 'Chocó', 6, -77, 1),
(601, '27615', 'Ríosucio', 27, 'Chocó', 7, -77, 1),
(602, '27660', 'San José del Palmar', 27, 'Chocó', 5, -76, 1),
(603, '27745', 'Sipí', 27, 'Chocó', 5, -77, 1),
(604, '27787', 'Tadó', 27, 'Chocó', 5, -76, 1),
(605, '27800', 'Unguía', 27, 'Chocó', 8, -77, 1),
(606, '27810', 'Unión Panamericana (ÁNIMAS)', 27, 'Chocó', 5, -77, 1),
(607, '41001', 'Neiva', 41, 'Huila', 3, -75, 1),
(608, '41006', 'Acevedo', 41, 'Huila', 2, -76, 1),
(609, '41013', 'Agrado', 41, 'Huila', 2, -76, 1),
(610, '41016', 'Aipe', 41, 'Huila', 3, -75, 1),
(611, '41020', 'Algeciras', 41, 'Huila', 3, -75, 1),
(612, '41026', 'Altamira', 41, 'Huila', 2, -76, 1),
(613, '41078', 'Baraya', 41, 'Huila', 3, -75, 1),
(614, '41132', 'Campoalegre', 41, 'Huila', 3, -75, 1),
(615, '41206', 'Colombia', 41, 'Huila', 3, -76, 1),
(616, '41244', 'Elías', 41, 'Huila', 2, -76, 1),
(617, '41298', 'Garzón', 41, 'Huila', 2, -76, 1),
(618, '41306', 'Gigante', 41, 'Huila', 3, -76, 1),
(619, '41319', 'Guadalupe', 41, 'Huila', 2, -76, 1),
(620, '41349', 'Hobo', 41, 'Huila', 3, -76, 1),
(621, '41357', 'Íquira', 41, 'Huila', 3, -76, 1),
(622, '41359', 'Isnos', 41, 'Huila', 2, -76, 1),
(623, '41378', 'La Argentina', 41, 'Huila', 2, -76, 1),
(624, '41396', 'La Plata', 41, 'Huila', 2, -76, 1),
(625, '41483', 'Nátaga', 41, 'Huila', 3, -76, 1),
(626, '41503', 'Oporapa', 41, 'Huila', 2, -76, 1),
(627, '41518', 'Paicol', 41, 'Huila', 2, -76, 1),
(628, '41524', 'Palermo', 41, 'Huila', 3, -76, 1),
(629, '41530', 'Palestina', 41, 'Huila', 2, -76, 1),
(630, '41548', 'Pital', 41, 'Huila', 2, -76, 1),
(631, '41551', 'Pitalito', 41, 'Huila', 2, -76, 1),
(632, '41615', 'Rivera', 41, 'Huila', 3, -75, 1),
(633, '41660', 'Saladoblanco', 41, 'Huila', 2, -76, 1),
(634, '41668', 'San Agustín', 41, 'Huila', 2, -76, 1),
(635, '41676', 'Santa María', 41, 'Huila', 3, -76, 1),
(636, '41770', 'Suaza', 41, 'Huila', 2, -76, 1),
(637, '41791', 'Tarqui', 41, 'Huila', 2, -76, 1),
(638, '41797', 'Tesalia', 41, 'Huila', 3, -76, 1),
(639, '41799', 'Tello', 41, 'Huila', 3, -75, 1),
(640, '41801', 'Teruel', 41, 'Huila', 3, -76, 1),
(641, '41807', 'Timaná', 41, 'Huila', 2, -76, 1),
(642, '41872', 'Villavieja', 41, 'Huila', 3, -75, 1),
(643, '41885', 'Yaguará', 41, 'Huila', 3, -76, 1),
(644, '44001', 'Riohacha', 44, 'La Guajira', 12, -73, 1),
(645, '44035', 'Albania', 44, 'La Guajira', 11, -73, 1),
(646, '44078', 'Barrancas', 44, 'La Guajira', 11, -73, 1),
(647, '44090', 'Dibulla', 44, 'La Guajira', 11, -73, 1),
(648, '44098', 'Distracción', 44, 'La Guajira', 11, -73, 1),
(649, '44110', 'El Molino', 44, 'La Guajira', 11, -73, 1),
(650, '44279', 'Fonseca', 44, 'La Guajira', 11, -73, 1),
(651, '44378', 'Hatonuevo', 44, 'La Guajira', 11, -73, 1),
(652, '44420', 'La Jagua del Pilar', 44, 'La Guajira', 11, -73, 1),
(653, '44430', 'Maicao', 44, 'La Guajira', 11, -72, 1),
(654, '44560', 'Manaure', 44, 'La Guajira', 12, -72, 1),
(655, '44650', 'San Juan del Cesar', 44, 'La Guajira', 11, -73, 1),
(656, '44847', 'Uribia', 44, 'La Guajira', 12, -72, 1),
(657, '44855', 'Urumita', 44, 'La Guajira', 11, -73, 1),
(658, '44874', 'Villanueva', 44, 'La Guajira', 11, -73, 1),
(659, '47001', 'Santa Marta', 47, 'Magdalena', 11, -74, 1),
(660, '47030', 'Algarrobo', 47, 'Magdalena', 10, -75, 1),
(661, '47053', 'Aracataca', 47, 'Magdalena', 11, -74, 1),
(662, '47058', 'Ariguaní (El Difícil)', 47, 'Magdalena', 10, -74, 1),
(663, '47161', 'Cerro San Antonio', 47, 'Magdalena', 10, -75, 1),
(664, '47170', 'Chivolo', 47, 'Magdalena', 10, -75, 1),
(665, '47189', 'Ciénaga', 47, 'Magdalena', 11, -74, 1),
(666, '47205', 'Concordia', 47, 'Magdalena', 10, -74, 1),
(667, '47245', 'El Banco', 47, 'Magdalena', 9, -74, 1),
(668, '47258', 'El Piñon', 47, 'Magdalena', 10, -75, 1),
(669, '47268', 'El Retén', 47, 'Magdalena', 11, -74, 1),
(670, '47288', 'Fundación', 47, 'Magdalena', 10, -74, 1),
(671, '47318', 'Guamal', 47, 'Magdalena', 9, -74, 1),
(672, '47441', 'Pedraza', 47, 'Magdalena', 10, -75, 1),
(673, '47460', 'Nueva Granada', 47, 'Magdalena', 10, -74, 1),
(674, '47545', 'Pijiño', 47, 'Magdalena', 0, -74, 1),
(675, '47551', 'Pivijay', 47, 'Magdalena', 10, -74, 1),
(676, '47555', 'Plato', 47, 'Magdalena', 10, -74, 1),
(677, '47570', 'Puebloviejo', 47, 'Magdalena', 11, -74, 1),
(678, '47605', 'Remolino', 47, 'Magdalena', 11, -75, 1),
(679, '47660', 'Sabanas de San Angel (SAN ANGEL)', 47, 'Magdalena', 10, -74, 1),
(680, '47675', 'Salamina', 47, 'Magdalena', 11, -75, 1),
(681, '47692', 'San Sebastián de Buenavista', 47, 'Magdalena', 9, -74, 1),
(682, '47703', 'San Zenón', 47, 'Magdalena', 9, -74, 1),
(683, '47707', 'Santa Ana', 47, 'Magdalena', 9, -75, 1),
(684, '47720', 'Santa Bárbara de Pinto', 47, 'Magdalena', 11, -74, 1),
(685, '47745', 'Sitionuevo', 47, 'Magdalena', 11, -75, 1),
(686, '47798', 'Tenerife', 47, 'Magdalena', 10, -75, 1),
(687, '47960', 'Zapayán (PUNTA DE PIEDRAS)', 47, 'Magdalena', 10, -75, 1),
(688, '47980', 'Zona Bananera (PRADO - SEVILLA)', 47, 'Magdalena', 0, 0, 1),
(689, '50001', 'Villavicencio', 50, 'Meta', 4, -74, 1),
(690, '50006', 'Acacías', 50, 'Meta', 4, -74, 1),
(691, '50110', 'Barranca de Upía', 50, 'Meta', 5, -73, 1),
(692, '50124', 'Cabuyaro', 50, 'Meta', 4, -73, 1),
(693, '50150', 'Castilla la Nueva', 50, 'Meta', 4, -74, 1),
(694, '50223', 'Cubarral', 50, 'Meta', 4, -74, 1),
(695, '50226', 'Cumaral', 50, 'Meta', 4, -73, 1),
(696, '50245', 'El Calvario', 50, 'Meta', 4, -74, 1),
(697, '50251', 'El Castillo', 50, 'Meta', 4, -74, 1),
(698, '50270', 'El Dorado', 50, 'Meta', 3, -73, 1),
(699, '50287', 'Fuente de Oro', 50, 'Meta', 3, -74, 1),
(700, '50313', 'Granada', 50, 'Meta', 4, -74, 1),
(701, '50318', 'Guamal', 50, 'Meta', 4, -74, 1),
(702, '50325', 'Mapiripan', 50, 'Meta', 3, -72, 1),
(703, '50330', 'Mesetas', 50, 'Meta', 3, -74, 1),
(704, '50350', 'La Macarena', 50, 'Meta', 3, -74, 1),
(705, '50370', 'Uribe', 50, 'Meta', 3, -74, 1),
(706, '50400', 'Lejanías', 50, 'Meta', 4, -74, 1),
(707, '50450', 'Puerto Concordia', 50, 'Meta', 3, -73, 1),
(708, '50568', 'Puerto Gaitán', 50, 'Meta', 4, -72, 1),
(709, '50573', 'Puerto López', 50, 'Meta', 4, -73, 1),
(710, '50577', 'Puerto Lleras', 50, 'Meta', 3, -73, 1),
(711, '50590', 'Puerto Rico', 50, 'Meta', 3, -73, 1),
(712, '50606', 'Restrepo', 50, 'Meta', 4, -73, 1),
(713, '50680', 'San Carlos de Guaroa', 50, 'Meta', 4, -73, 1),
(714, '50683', 'San Juan de Arama', 50, 'Meta', 3, -74, 1),
(715, '50686', 'San Juanito', 50, 'Meta', 4, -74, 1),
(716, '50689', 'San Martín', 50, 'Meta', 4, -74, 1),
(717, '50711', 'Vista Hermosa', 50, 'Meta', 3, -74, 1),
(718, '52001', 'San Juan de Pasto', 52, 'Nariño', 1, -77, 1),
(719, '52019', 'Albán (San José)', 52, 'Nariño', 1, -77, 1),
(720, '52022', 'Aldana', 52, 'Nariño', 1, -78, 1),
(721, '52036', 'Ancuya', 52, 'Nariño', 1, -78, 1),
(722, '52051', 'Arboleda (Berruecos)', 52, 'Nariño', 2, -77, 1),
(723, '52079', 'Barbacoas', 52, 'Nariño', 2, -78, 1),
(724, '52083', 'Belén', 52, 'Nariño', 2, -77, 1),
(725, '52110', 'Buesaco', 52, 'Nariño', 1, -77, 1),
(726, '52203', 'Colón (Génova)', 52, 'Nariño', 2, -77, 1),
(727, '52207', 'Consaca', 52, 'Nariño', 1, -77, 1),
(728, '52210', 'Contadero', 52, 'Nariño', 1, -78, 1),
(729, '52215', 'Córdoba', 52, 'Nariño', 1, -77, 1),
(730, '52224', 'Cuaspud (Carlosama)', 52, 'Nariño', 1, -78, 1),
(731, '52227', 'Cumbal', 52, 'Nariño', 1, -78, 1),
(732, '52233', 'Cumbitara', 52, 'Nariño', 2, -78, 1),
(733, '52240', 'Chachaguí', 52, 'Nariño', 1, -77, 1),
(734, '52250', 'El Charco', 52, 'Nariño', 2, -78, 1),
(735, '52254', 'El Peñol', 52, 'Nariño', 1, -77, 1),
(736, '52256', 'El Rosario', 52, 'Nariño', 2, -77, 1),
(737, '52258', 'El Tablón de Gómez', 52, 'Nariño', 0, 0, 1),
(738, '52260', 'El Tambo', 52, 'Nariño', 1, -77, 1),
(739, '52287', 'Funes', 52, 'Nariño', 1, -77, 1),
(740, '52317', 'Guachucal', 52, 'Nariño', 1, -78, 1),
(741, '52320', 'Guaitarilla', 52, 'Nariño', 1, -78, 1),
(742, '52323', 'Gualmatán', 52, 'Nariño', 1, -78, 1),
(743, '52352', 'Iles', 52, 'Nariño', 1, -78, 1),
(744, '52354', 'Imúes', 52, 'Nariño', 1, -78, 1),
(745, '52356', 'Ipiales', 52, 'Nariño', 1, -78, 1),
(746, '52378', 'La Cruz', 52, 'Nariño', 2, -77, 1),
(747, '52381', 'La Florida', 52, 'Nariño', 1, -77, 1),
(748, '52385', 'La Llanada', 52, 'Nariño', 1, -78, 1),
(749, '52390', 'La Tola', 52, 'Nariño', 2, -78, 1),
(750, '52399', 'La Unión', 52, 'Nariño', 2, -77, 1),
(751, '52405', 'Leiva', 52, 'Nariño', 2, -77, 1),
(752, '52411', 'Linares', 52, 'Nariño', 1, -77, 1),
(753, '52418', 'Sotomayor (Los Andes)', 52, 'Nariño', 2, -77, 1),
(754, '52427', 'Magüi (Payán)', 52, 'Nariño', 2, -78, 1),
(755, '52435', 'Mallama (Piedrancha)', 52, 'Nariño', 1, -78, 1),
(756, '52473', 'Mosquera', 52, 'Nariño', 2, -78, 1),
(757, '52480', 'Nariño', 52, 'Nariño', 2, -78, 1),
(758, '52490', 'Olaya Herrera', 52, 'Nariño', 1, -77, 1),
(759, '52506', 'Ospina', 52, 'Nariño', 1, -78, 1),
(760, '52520', 'Francisco Pizarro', 52, 'Nariño', 2, -79, 1),
(761, '52540', 'Policarpa', 52, 'Nariño', 2, -77, 1),
(762, '52560', 'Potosí', 52, 'Nariño', 1, -77, 1),
(763, '52565', 'Providencia', 52, 'Nariño', 2, -77, 1),
(764, '52573', 'Puerres', 52, 'Nariño', 1, -77, 1),
(765, '52585', 'Pupiales', 52, 'Nariño', 1, -78, 1),
(766, '52612', 'Ricaurte', 52, 'Nariño', 1, -78, 1),
(767, '52621', 'Roberto Payán (San José)', 52, 'Nariño', 2, -78, 1),
(768, '52678', 'Samaniego', 52, 'Nariño', 1, -78, 1),
(769, '52683', 'Sandoná', 52, 'Nariño', 1, -77, 1),
(770, '52685', 'San Bernardo', 52, 'Nariño', 2, -77, 1),
(771, '52687', 'San Lorenzo', 52, 'Nariño', 2, -77, 1),
(772, '52693', 'San Pablo', 52, 'Nariño', 2, -77, 1),
(773, '52694', 'San Pedro de Cartago', 52, 'Nariño', 2, -77, 1),
(774, '52695', 'Santa Bárbara (Iscuandé)', 52, 'Nariño', 2, -78, 1),
(775, '52699', 'Guachavés', 52, 'Nariño', 1, -78, 1),
(776, '52720', 'Sapuyes', 52, 'Nariño', 1, -78, 1),
(777, '52786', 'Taminango', 52, 'Nariño', 2, -77, 1),
(778, '52788', 'Tangua', 52, 'Nariño', 1, -77, 1),
(779, '52835', 'Tumaco', 52, 'Nariño', 2, -79, 1),
(780, '52838', 'Túquerres', 52, 'Nariño', 1, -78, 1),
(781, '52885', 'Yacuanquer', 52, 'Nariño', 1, -77, 1),
(782, '54001', 'Cúcuta', 54, 'Norte de Santander', 8, -73, 1),
(783, '54003', 'Ábrego', 54, 'Norte de Santander', 8, -73, 1),
(784, '54051', 'Arboledas', 54, 'Norte de Santander', 8, -73, 1),
(785, '54099', 'Bochalema', 54, 'Norte de Santander', 8, -73, 1),
(786, '54109', 'Bucarasica', 54, 'Norte de Santander', 8, -73, 1),
(787, '54125', 'Cácota', 54, 'Norte de Santander', 7, -73, 1),
(788, '54128', 'Cáchira', 54, 'Norte de Santander', 8, -73, 1),
(789, '54172', 'Chinácota', 54, 'Norte de Santander', 8, -73, 1),
(790, '54174', 'Chitagá', 54, 'Norte de Santander', 7, -73, 1),
(791, '54206', 'Convención', 54, 'Norte de Santander', 9, -73, 1),
(792, '54223', 'Cucutilla', 54, 'Norte de Santander', 8, -73, 1),
(793, '54239', 'Durania', 54, 'Norte de Santander', 8, -73, 1),
(794, '54245', 'El Carmen', 54, 'Norte de Santander', 9, -73, 1),
(795, '54250', 'El Tarra', 54, 'Norte de Santander', 9, -73, 1),
(796, '54261', 'El Zulia', 54, 'Norte de Santander', 8, -73, 1),
(797, '54313', 'Gramalote', 54, 'Norte de Santander', 8, -73, 1),
(798, '54344', 'Hacarí', 54, 'Norte de Santander', 9, -73, 1),
(799, '54347', 'Herrán', 54, 'Norte de Santander', 8, -72, 1),
(800, '54377', 'Labateca', 54, 'Norte de Santander', 7, -73, 1),
(801, '54385', 'La Esperanza', 54, 'Norte de Santander', 8, -72, 1),
(802, '54398', 'La Playa', 54, 'Norte de Santander', 8, -73, 1),
(803, '54405', 'Los Patios', 54, 'Norte de Santander', 8, -73, 1),
(804, '54418', 'Lourdes', 54, 'Norte de Santander', 8, -73, 1),
(805, '54480', 'Mutiscua', 54, 'Norte de Santander', 7, -73, 1),
(806, '54498', 'Ocaña', 54, 'Norte de Santander', 8, -73, 1),
(807, '54518', 'Pamplona', 54, 'Norte de Santander', 7, -73, 1),
(808, '54520', 'Pamplonita', 54, 'Norte de Santander', 8, -73, 1),
(809, '54553', 'Puerto Santander', 54, 'Norte de Santander', 8, -72, 1),
(810, '54599', 'Ragonvalia', 54, 'Norte de Santander', 8, -73, 1),
(811, '54660', 'Salazar', 54, 'Norte de Santander', 8, -73, 1),
(812, '54670', 'San Calixto', 54, 'Norte de Santander', 9, -73, 1),
(813, '54673', 'San Cayetano', 54, 'Norte de Santander', 8, -73, 1),
(814, '54680', 'Santiago', 54, 'Norte de Santander', 8, -73, 1),
(815, '54720', 'Sardinata', 54, 'Norte de Santander', 8, -73, 1),
(816, '54743', 'Silos', 54, 'Norte de Santander', 7, -73, 1),
(817, '54800', 'Teorama', 54, 'Norte de Santander', 9, -73, 1),
(818, '54810', 'Tibú', 54, 'Norte de Santander', 9, -73, 1),
(819, '54820', 'Toledo', 54, 'Norte de Santander', 7, -72, 1),
(820, '54871', 'Villa Caro', 54, 'Norte de Santander', 8, -73, 1),
(821, '54874', 'Villa del Rosario', 54, 'Norte de Santander', 8, -72, 1),
(822, '63001', 'Armenia', 63, 'Quindío', 5, -76, 1),
(823, '63111', 'Buenavista', 63, 'Quindío', 4, -76, 1),
(824, '63130', 'Calarcá', 63, 'Quindío', 5, -76, 1),
(825, '63190', 'Circasia', 63, 'Quindío', 5, -76, 1),
(826, '63212', 'Cordobá', 63, 'Quindío', 4, -76, 1),
(827, '63272', 'Filandia', 63, 'Quindío', 5, -76, 1),
(828, '63302', 'Génova', 63, 'Quindío', 4, -76, 1),
(829, '63401', 'La Tebaida', 63, 'Quindío', 4, -76, 1),
(830, '63470', 'Montenegro', 63, 'Quindío', 5, -76, 1),
(831, '63548', 'Pijao', 63, 'Quindío', 4, -76, 1),
(832, '63594', 'Quimbaya', 63, 'Quindío', 5, -76, 1),
(833, '63690', 'Salento', 63, 'Quindío', 5, -76, 1),
(834, '66001', 'Pereira', 66, 'Risaralda', 5, -76, 1),
(835, '66045', 'Apía', 66, 'Risaralda', 5, -76, 1),
(836, '66075', 'Balboa', 66, 'Risaralda', 5, -76, 1),
(837, '66088', 'Belén de Umbría', 66, 'Risaralda', 5, -76, 1),
(838, '66170', 'Dos Quebradas', 66, 'Risaralda', 5, -76, 1),
(839, '66318', 'Guática', 66, 'Risaralda', 5, -76, 1),
(840, '66383', 'La Celia', 66, 'Risaralda', 5, -76, 1),
(841, '66400', 'La Virginia', 66, 'Risaralda', 5, -76, 1),
(842, '66440', 'Marsella', 66, 'Risaralda', 5, -76, 1),
(843, '66456', 'Mistrató', 66, 'Risaralda', 5, -76, 1),
(844, '66572', 'Pueblo Rico', 66, 'Risaralda', 5, -76, 1),
(845, '66594', 'Quinchía', 66, 'Risaralda', 5, -76, 1),
(846, '66682', 'Santa Rosa de Cabal', 66, 'Risaralda', 5, -76, 1),
(847, '66687', 'Santuario', 66, 'Risaralda', 5, -76, 1),
(848, '68001', 'Bucaramanga', 68, 'Santander', 7, -73, 1),
(849, '68013', 'Aguada', 68, 'Santander', 6, -73, 1),
(850, '68020', 'Albania', 68, 'Santander', 6, -74, 1),
(851, '68051', 'Aratoca', 68, 'Santander', 7, -73, 1),
(852, '68077', 'Barbosa', 68, 'Santander', 6, -74, 1),
(853, '68079', 'Barichara', 68, 'Santander', 7, -73, 1),
(854, '68081', 'Barrancabermeja', 68, 'Santander', 7, -74, 1),
(855, '68092', 'Betulia', 68, 'Santander', 7, -73, 1),
(856, '68101', 'Bolívar', 68, 'Santander', 6, -74, 1),
(857, '68121', 'Cabrera', 68, 'Santander', 7, -73, 1),
(858, '68132', 'California', 68, 'Santander', 7, -73, 1),
(859, '68147', 'Capitanejo', 68, 'Santander', 7, -73, 1),
(860, '68152', 'Carcasí', 68, 'Santander', 7, -73, 1),
(861, '68160', 'Cepita', 68, 'Santander', 7, -73, 1),
(862, '68162', 'Cerrito', 68, 'Santander', 7, -73, 1),
(863, '68167', 'Charalá', 68, 'Santander', 6, -73, 1),
(864, '68169', 'Charta', 68, 'Santander', 7, -73, 1),
(865, '68176', 'Chima', 68, 'Santander', 6, -73, 1),
(866, '68179', 'Chipatá', 68, 'Santander', 6, -74, 1),
(867, '68190', 'Cimitarra', 68, 'Santander', 6, -74, 1),
(868, '68207', 'Concepción', 68, 'Santander', 7, -73, 1),
(869, '68209', 'Confines', 68, 'Santander', 6, -73, 1),
(870, '68211', 'Contratación', 68, 'Santander', 6, -73, 1),
(871, '68217', 'Coromoro', 68, 'Santander', 6, -73, 1),
(872, '68229', 'Curití', 68, 'Santander', 7, -73, 1),
(873, '68235', 'El Carmen', 68, 'Santander', 6, -74, 1),
(874, '68245', 'El Guacamayo', 68, 'Santander', 6, -73, 1),
(875, '68250', 'El Peñon', 68, 'Santander', 7, -73, 1),
(876, '68255', 'El Playón', 68, 'Santander', 7, -73, 1),
(877, '68264', 'Encino', 68, 'Santander', 6, -73, 1),
(878, '68266', 'Enciso', 68, 'Santander', 7, -73, 1),
(879, '68271', 'Florián', 68, 'Santander', 6, -74, 1),
(880, '68276', 'Floridablanca', 68, 'Santander', 7, -73, 1),
(881, '68296', 'Galán', 68, 'Santander', 7, -73, 1),
(882, '68298', 'Gámbita', 68, 'Santander', 6, -73, 1),
(883, '68306', 'Girón', 68, 'Santander', 7, -73, 1),
(884, '68318', 'Guaca', 68, 'Santander', 7, -73, 1),
(885, '68320', 'Guadalupe', 68, 'Santander', 6, -73, 1),
(886, '68322', 'Guapota', 68, 'Santander', 6, -73, 1),
(887, '68324', 'Guavatá', 68, 'Santander', 6, -74, 1),
(888, '68327', 'Guepsa', 68, 'Santander', 6, -74, 1),
(889, '68344', 'Hato', 68, 'Santander', 7, -73, 1),
(890, '68368', 'Jesús María', 68, 'Santander', 6, -74, 1),
(891, '68370', 'Jordán', 68, 'Santander', 7, -73, 1),
(892, '68377', 'La Belleza', 68, 'Santander', 6, -74, 1),
(893, '68385', 'Landázuri', 68, 'Santander', 6, -74, 1),
(894, '68397', 'La Paz', 68, 'Santander', 6, -73, 1),
(895, '68406', 'Lebrija', 68, 'Santander', 7, -73, 1),
(896, '68418', 'Los Santos', 68, 'Santander', 7, -73, 1),
(897, '68425', 'Macaravita', 68, 'Santander', 7, -73, 1),
(898, '68432', 'Málaga', 68, 'Santander', 7, -73, 1),
(899, '68444', 'Matanza', 68, 'Santander', 7, -73, 1),
(900, '68464', 'Mogotes', 68, 'Santander', 7, -73, 1),
(901, '68468', 'Molagavita', 68, 'Santander', 7, -73, 1),
(902, '68498', 'Ocamonte', 68, 'Santander', 6, -73, 1),
(903, '68500', 'Oiba', 68, 'Santander', 6, -73, 1),
(904, '68502', 'Onzaga', 68, 'Santander', 6, -73, 1),
(905, '68522', 'Palmar', 68, 'Santander', 7, -73, 1),
(906, '68524', 'Palmas del Socorro', 68, 'Santander', 6, -73, 1),
(907, '68533', 'Páramo', 68, 'Santander', 7, -73, 1),
(908, '68547', 'Pie de Cuesta', 68, 'Santander', 6, -74, 1),
(909, '68549', 'Pinchote', 68, 'Santander', 7, -73, 1),
(910, '68572', 'Puente Nacional', 68, 'Santander', 6, -74, 1),
(911, '68573', 'Puerto Parra', 68, 'Santander', 7, -74, 1),
(912, '68575', 'Puerto Wilches', 68, 'Santander', 8, -74, 1);
INSERT INTO `loc_ciudad` (`id_ciudad`, `codigo_ciudad`, `nombre_ciudad`, `id_estado`, `nombre_estado`, `latitud_ciudad`, `longitud_ciudad`, `activo_ciudad`) VALUES
(913, '68615', 'Rio Negro', 68, 'Santander', 7, -73, 1),
(914, '68655', 'Sabana de Torres', 68, 'Santander', 7, -73, 1),
(915, '68669', 'San Andrés', 68, 'Santander', 7, -73, 1),
(916, '68673', 'San Benito', 68, 'Santander', 6, -73, 1),
(917, '68679', 'San Gíl', 68, 'Santander', 7, -73, 1),
(918, '68682', 'San Joaquín', 68, 'Santander', 6, -73, 1),
(919, '68684', 'San Miguel', 68, 'Santander', 7, -73, 1),
(920, '68686', 'San José de Miranda', 68, 'Santander', 7, -73, 1),
(921, '68689', 'San Vicente del Chucurí', 68, 'Santander', 7, -73, 1),
(922, '68705', 'Santa Bárbara', 68, 'Santander', 7, -73, 1),
(923, '68720', 'Santa Helena del Opón', 68, 'Santander', 6, -74, 1),
(924, '68745', 'Simacota', 68, 'Santander', 6, -73, 1),
(925, '68755', 'Socorro', 68, 'Santander', 7, -73, 1),
(926, '68770', 'Suaita', 68, 'Santander', 6, -73, 1),
(927, '68773', 'Sucre', 68, 'Santander', 6, -74, 1),
(928, '68780', 'Suratá', 68, 'Santander', 8, -73, 1),
(929, '68820', 'Tona', 68, 'Santander', 7, -73, 1),
(930, '68855', 'Valle de San José', 68, 'Santander', 7, -73, 1),
(931, '68861', 'Vélez', 68, 'Santander', 6, -74, 1),
(932, '68867', 'Vetas', 68, 'Santander', 7, -73, 1),
(933, '68872', 'Villanueva', 68, 'Santander', 7, -73, 1),
(934, '68895', 'Zapatoca', 68, 'Santander', 7, -73, 1),
(935, '70001', 'Sincelejo', 70, 'Sucre', 9, -75, 1),
(936, '70110', 'Buenavista', 70, 'Sucre', 9, -75, 1),
(937, '70124', 'Caimito', 70, 'Sucre', 9, -75, 1),
(938, '70204', 'Colosó (Ricaurte)', 70, 'Sucre', 9, -75, 1),
(939, '70215', 'Corozal', 70, 'Sucre', 9, -75, 1),
(940, '70221', 'Coveñas', 70, 'Sucre', 9, -76, 1),
(941, '70230', 'Chalán', 70, 'Sucre', 10, -75, 1),
(942, '70233', 'El Roble', 70, 'Sucre', 9, -75, 1),
(943, '70235', 'Galeras (Nueva Granada)', 70, 'Sucre', 9, -75, 1),
(944, '70265', 'Guaranda', 70, 'Sucre', 8, -76, 1),
(945, '70400', 'La Unión', 70, 'Sucre', 9, -75, 1),
(946, '70418', 'Los Palmitos', 70, 'Sucre', 9, -75, 1),
(947, '70429', 'Majagual', 70, 'Sucre', 9, -75, 1),
(948, '70473', 'Morroa', 70, 'Sucre', 9, -75, 1),
(949, '70508', 'Ovejas', 70, 'Sucre', 10, -75, 1),
(950, '70523', 'Palmito', 70, 'Sucre', 9, -76, 1),
(951, '70670', 'Sampués', 70, 'Sucre', 9, -75, 1),
(952, '70678', 'San Benito Abad', 70, 'Sucre', 9, -75, 1),
(953, '70702', 'San Juan de Betulia', 70, 'Sucre', 9, -75, 1),
(954, '70708', 'San Marcos', 70, 'Sucre', 9, -75, 1),
(955, '70713', 'San Onofre', 70, 'Sucre', 10, -76, 1),
(956, '70717', 'San Pedro', 70, 'Sucre', 9, -75, 1),
(957, '70742', 'Sincé', 70, 'Sucre', 9, -75, 1),
(958, '70771', 'Sucre', 70, 'Sucre', 9, -75, 1),
(959, '70820', 'Tolú', 70, 'Sucre', 10, -76, 1),
(960, '70823', 'Tolú Viejo', 70, 'Sucre', 0, 0, 1),
(961, '73001', 'Ibagué', 73, 'Tolima', 4, -75, 1),
(962, '73024', 'Alpujarra', 73, 'Tolima', 3, -75, 1),
(963, '73026', 'Alvarado', 73, 'Tolima', 5, -75, 1),
(964, '73030', 'Ambalema', 73, 'Tolima', 5, -75, 1),
(965, '73043', 'Anzoátegui', 73, 'Tolima', 5, -75, 1),
(966, '73055', 'Armero (Guayabal)', 73, 'Tolima', 5, -75, 1),
(967, '73067', 'Ataco', 73, 'Tolima', 3, -76, 1),
(968, '73124', 'Cajamarca', 73, 'Tolima', 4, -76, 1),
(969, '73148', 'Carmen de Apicalá', 73, 'Tolima', 4, -75, 1),
(970, '73152', 'Casabianca', 73, 'Tolima', 5, -75, 1),
(971, '73168', 'Chaparral', 73, 'Tolima', 4, -76, 1),
(972, '73200', 'Coello', 73, 'Tolima', 4, -75, 1),
(973, '73217', 'Coyaima', 73, 'Tolima', 4, -75, 1),
(974, '73226', 'Cunday', 73, 'Tolima', 4, -75, 1),
(975, '73236', 'Dolores', 73, 'Tolima', 4, -75, 1),
(976, '73268', 'Espinal', 73, 'Tolima', 4, -75, 1),
(977, '73270', 'Falan', 73, 'Tolima', 5, -75, 1),
(978, '73275', 'Flandes', 73, 'Tolima', 4, -75, 1),
(979, '73283', 'Fresno', 73, 'Tolima', 5, -75, 1),
(980, '73319', 'Guamo', 73, 'Tolima', 4, -75, 1),
(981, '73347', 'Herveo', 73, 'Tolima', 5, -75, 1),
(982, '73349', 'Honda', 73, 'Tolima', 5, -75, 1),
(983, '73352', 'Icononzo', 73, 'Tolima', 4, -75, 1),
(984, '73408', 'Lérida', 73, 'Tolima', 5, -75, 1),
(985, '73411', 'Líbano', 73, 'Tolima', 5, -75, 1),
(986, '73443', 'Mariquita', 73, 'Tolima', 5, -75, 1),
(987, '73449', 'Melgar', 73, 'Tolima', 4, -75, 1),
(988, '73461', 'Murillo', 73, 'Tolima', 5, -75, 1),
(989, '73483', 'Natagaima', 73, 'Tolima', 4, -75, 1),
(990, '73504', 'Ortega', 73, 'Tolima', 4, -75, 1),
(991, '73520', 'Palocabildo', 73, 'Tolima', 5, -75, 1),
(992, '73547', 'Piedras', 73, 'Tolima', 5, -75, 1),
(993, '73555', 'Planadas', 73, 'Tolima', 3, -76, 1),
(994, '73563', 'Prado', 73, 'Tolima', 4, -75, 1),
(995, '73585', 'Purificación', 73, 'Tolima', 4, -75, 1),
(996, '73616', 'Rioblanco', 73, 'Tolima', 4, -76, 1),
(997, '73622', 'Roncesvalles', 73, 'Tolima', 4, -76, 1),
(998, '73624', 'Rovira', 73, 'Tolima', 4, -75, 1),
(999, '73671', 'Saldaña', 73, 'Tolima', 4, -75, 1),
(1000, '73675', 'San Antonio', 73, 'Tolima', 4, -76, 1),
(1001, '73678', 'San Luis', 73, 'Tolima', 4, -75, 1),
(1002, '73686', 'Santa Isabel', 73, 'Tolima', 5, -75, 1),
(1003, '73770', 'Suárez', 73, 'Tolima', 4, -75, 1),
(1004, '73854', 'Valle de San Juan', 73, 'Tolima', 4, -75, 1),
(1005, '73861', 'Venadillo', 73, 'Tolima', 5, -75, 1),
(1006, '73870', 'Villahermosa', 73, 'Tolima', 5, -75, 1),
(1007, '73873', 'Villarrica', 73, 'Tolima', 4, -75, 1),
(1008, '76001', 'Calí', 76, 'Valle del Cauca', 3, -77, 1),
(1009, '76020', 'Alcalá', 76, 'Valle del Cauca', 5, -76, 1),
(1010, '76036', 'Andalucía', 76, 'Valle del Cauca', 4, -76, 1),
(1011, '76041', 'Ansermanuevo', 76, 'Valle del Cauca', 5, -76, 1),
(1012, '76054', 'Argelia', 76, 'Valle del Cauca', 5, -76, 1),
(1013, '76100', 'Bolívar', 76, 'Valle del Cauca', 4, -76, 1),
(1014, '76109', 'Buenaventura', 76, 'Valle del Cauca', 4, -77, 1),
(1015, '76111', 'Buga', 76, 'Valle del Cauca', 4, -76, 1),
(1016, '76113', 'Bugalagrande', 76, 'Valle del Cauca', 4, -76, 1),
(1017, '76122', 'Caicedonia', 76, 'Valle del Cauca', 4, -76, 1),
(1018, '76126', 'Calima (Darién)', 76, 'Valle del Cauca', 4, -77, 1),
(1019, '76130', 'Candelaria', 76, 'Valle del Cauca', 3, -76, 1),
(1020, '76147', 'Cartago', 76, 'Valle del Cauca', 5, -76, 1),
(1021, '76233', 'Dagua', 76, 'Valle del Cauca', 4, -77, 1),
(1022, '76243', 'El Águila', 76, 'Valle del Cauca', 5, -76, 1),
(1023, '76246', 'El Cairo', 76, 'Valle del Cauca', 5, -76, 1),
(1024, '76248', 'El Cerrito', 76, 'Valle del Cauca', 4, -76, 1),
(1025, '76250', 'El Dovio', 76, 'Valle del Cauca', 5, -76, 1),
(1026, '76275', 'Florida', 76, 'Valle del Cauca', 3, -76, 1),
(1027, '76306', 'Ginebra', 76, 'Valle del Cauca', 4, -76, 1),
(1028, '76318', 'Guacarí', 76, 'Valle del Cauca', 4, -76, 1),
(1029, '76364', 'Jamundí', 76, 'Valle del Cauca', 3, -77, 1),
(1030, '76400', 'La Unión', 76, 'Valle del Cauca', 5, -76, 1),
(1031, '76403', 'La Victoria', 76, 'Valle del Cauca', 5, -76, 1),
(1032, '76497', 'Obando', 76, 'Valle del Cauca', 5, -76, 1),
(1033, '76520', 'Palmira', 76, 'Valle del Cauca', 4, -76, 1),
(1034, '76563', 'Pradera', 76, 'Valle del Cauca', 3, -76, 1),
(1035, '76606', 'Restrepo', 76, 'Valle del Cauca', 4, -77, 1),
(1036, '76616', 'Riofrío', 76, 'Valle del Cauca', 4, -76, 1),
(1037, '76622', 'Roldanillo', 76, 'Valle del Cauca', 4, -76, 1),
(1038, '76670', 'San Pedro', 76, 'Valle del Cauca', 4, -76, 1),
(1039, '76677', 'La Cumbre', 76, 'Valle del Cauca', 4, -77, 1),
(1040, '76736', 'Sevilla', 76, 'Valle del Cauca', 4, -76, 1),
(1041, '76823', 'Toro', 76, 'Valle del Cauca', 5, -76, 1),
(1042, '76828', 'Trujillo', 76, 'Valle del Cauca', 4, -76, 1),
(1043, '76834', 'Tulúa', 76, 'Valle del Cauca', 4, -76, 1),
(1044, '76845', 'Ulloa', 76, 'Valle del Cauca', 5, -76, 1),
(1045, '76863', 'Versalles', 76, 'Valle del Cauca', 5, -76, 1),
(1046, '76869', 'Vijes', 76, 'Valle del Cauca', 4, -76, 1),
(1047, '76890', 'Yotoco', 76, 'Valle del Cauca', 4, -76, 1),
(1048, '76892', 'Yumbo', 76, 'Valle del Cauca', 4, -76, 1),
(1049, '76895', 'Zarzal', 76, 'Valle del Cauca', 4, -76, 1),
(1050, '81001', 'Arauca', 81, 'Arauca', 7, -71, 1),
(1051, '81065', 'Arauquita', 81, 'Arauca', 7, -71, 1),
(1052, '81220', 'Cravo Norte', 81, 'Arauca', 6, -70, 1),
(1053, '81300', 'Fortúl', 81, 'Arauca', 7, -72, 1),
(1054, '81591', 'Puerto Rondón', 81, 'Arauca', 6, -71, 1),
(1055, '81736', 'Saravena', 81, 'Arauca', 7, -72, 1),
(1056, '81794', 'Tame', 81, 'Arauca', 6, -72, 1),
(1057, '85001', 'Yopal', 85, 'Casanare', 5, -72, 1),
(1058, '85010', 'Aguazul', 85, 'Casanare', 5, -73, 1),
(1059, '85015', 'Chámeza', 85, 'Casanare', 5, -73, 1),
(1060, '85125', 'Hato Corozal', 85, 'Casanare', 6, -72, 1),
(1061, '85136', 'La Salina', 85, 'Casanare', 6, -72, 1),
(1062, '85139', 'Maní', 85, 'Casanare', 5, -72, 1),
(1063, '85162', 'Monterrey', 85, 'Casanare', 5, -73, 1),
(1064, '85225', 'Nunchía', 85, 'Casanare', 6, -72, 1),
(1065, '85230', 'Orocué', 85, 'Casanare', 5, -71, 1),
(1066, '85250', 'Paz de Ariporo', 85, 'Casanare', 6, -72, 1),
(1067, '85263', 'Pore', 85, 'Casanare', 6, -72, 1),
(1068, '85279', 'Recetor', 85, 'Casanare', 5, -73, 1),
(1069, '85300', 'Sabanalarga', 85, 'Casanare', 5, -73, 1),
(1070, '85315', 'Sácama', 85, 'Casanare', 6, -72, 1),
(1071, '85325', 'San Luís de Palenque', 85, 'Casanare', 5, -72, 1),
(1072, '85400', 'Támara', 85, 'Casanare', 6, -72, 1),
(1073, '85410', 'Tauramena', 85, 'Casanare', 5, -73, 1),
(1074, '85430', 'Trinidad', 85, 'Casanare', 5, -72, 1),
(1075, '85440', 'Villanueva', 85, 'Casanare', 5, -72, 1),
(1076, '86001', 'Mocoa', 86, 'Putumayo', 1, -77, 1),
(1077, '86219', 'Colón', 86, 'Putumayo', 1, -77, 1),
(1078, '86320', 'Orito', 86, 'Putumayo', 1, -77, 1),
(1079, '86568', 'Puerto Asís', 86, 'Putumayo', 1, -76, 1),
(1080, '86569', 'Puerto Caicedo', 86, 'Putumayo', 1, -77, 1),
(1081, '86571', 'Puerto Guzmán', 86, 'Putumayo', 1, -77, 1),
(1082, '86573', 'Puerto Leguízamo', 86, 'Putumayo', 0, -75, 1),
(1083, '86749', 'Sibundoy', 86, 'Putumayo', 1, -77, 1),
(1084, '86755', 'San Francisco', 86, 'Putumayo', 1, -77, 1),
(1085, '86757', 'San Miguel', 86, 'Putumayo', 0, -77, 1),
(1086, '86760', 'Santiago', 86, 'Putumayo', 1, -77, 1),
(1087, '86865', 'Valle del Guamuez', 86, 'Putumayo', 0, -77, 1),
(1088, '86885', 'Villagarzón', 86, 'Putumayo', 1, -77, 1),
(1089, '88564', 'Providencia', 88, 'San Andrés', 13, -82, 1),
(1090, '91001', 'Leticia', 91, 'Amazonas', -4, -70, 1),
(1091, '91540', 'Puerto Nariño', 91, 'Amazonas', -4, -70, 1),
(1092, '94001', 'Inírida', 94, 'Guainía', 4, -68, 1),
(1093, '95001', 'San José del Guaviare', 95, 'Guaviare', 3, -73, 1),
(1094, '95015', 'Calamar', 95, 'Guaviare', 2, -73, 1),
(1095, '95025', 'El Retorno', 95, 'Guaviare', 2, -73, 1),
(1096, '95200', 'Miraflores', 95, 'Guaviare', 1, -72, 1),
(1097, '97001', 'Mitú', 97, 'Vaupés', 1, -70, 1),
(1098, '97161', 'Carurú', 97, 'Vaupés', 1, -71, 1),
(1099, '97666', 'Taraira', 97, 'Vaupés', 0, -70, 1),
(1100, '99001', 'Puerto Carreño', 99, 'Vichada', 6, -67, 1),
(1101, '99524', 'La Primavera', 99, 'Vichada', 5, -70, 1),
(1102, '99624', 'Santa Rosalía', 99, 'Vichada', 5, -71, 1),
(1103, '99773', 'Cumaribo', 99, 'Vichada', 4, -70, 1);

-- --------------------------------------------------------

--
-- Table structure for table `loc_estado`
--

CREATE TABLE IF NOT EXISTS `loc_estado` (
  `id_estado` int(11) unsigned NOT NULL,
  `id_pais` int(10) unsigned NOT NULL,
  `nombre_estado` varchar(600) NOT NULL,
  `latitud_estado` double NOT NULL,
  `longitud_estado` double NOT NULL,
  `activo_estado` int(10) unsigned NOT NULL DEFAULT '1',
  PRIMARY KEY (`id_estado`),
  KEY `id_pais` (`id_pais`)
) ENGINE=InnoDB DEFAULT CHARSET=latin1;

--
-- Dumping data for table `loc_estado`
--

INSERT INTO `loc_estado` (`id_estado`, `id_pais`, `nombre_estado`, `latitud_estado`, `longitud_estado`, `activo_estado`) VALUES
(1, 1, 'Seleccione...', 0, 0, 1),
(5, 57, 'Antioquia', 7, -75.5, 1),
(8, 57, 'Atlántico', 10.75, -75, 1),
(13, 57, 'Bolívar', 9, -74.3333333, 1),
(15, 57, 'Boyacá', 5.5, -72.5, 1),
(17, 57, 'Caldas', 5.25, -75.5, 1),
(18, 57, 'Caquetá', 1, -74, 1),
(19, 57, 'Cauca', 2.5, -76.8333333, 1),
(20, 57, 'Cesar', 9.3333333, -73.5, 1),
(23, 57, 'Córdoba', 8.3333333, -75.6666667, 1),
(25, 57, 'Cundinamarca', 5, -74.1666667, 1),
(27, 57, 'Chocó', 6, -77, 1),
(41, 57, 'Huila', 2.5, -75.75, 1),
(44, 57, 'La Guajira', 11.5, -72.5, 1),
(47, 57, 'Magdalena', 10, -74.5, 1),
(50, 57, 'Meta', 3.5, -73, 1),
(52, 57, 'Nariño', 1.5, -78, 1),
(54, 57, 'Norte de Santander', 8, -73, 1),
(63, 57, 'Quindío', 4.5, -75.6666667, 1),
(66, 57, 'Risaralda', 5, -76, 1),
(68, 57, 'Santander', 7, -73.25, 1),
(70, 57, 'Sucre', 9, -75, 1),
(73, 57, 'Tolima', 3.75, -75.25, 1),
(76, 57, 'Valle del Cauca', 3.75, -76.5, 1),
(81, 57, 'Arauca', 7.0902778, -70.7616667, 1),
(85, 57, 'Casanare', 5.5, -71.5, 1),
(86, 57, 'Putumayo', 0.5, -76, 1),
(88, 57, 'San Andrés', 12.5847222, -81.7005556, 1),
(91, 57, 'Amazonas', -1.0197222, -71.9383333, 1),
(94, 57, 'Guainía', 2.5, -69, 1),
(95, 57, 'Guaviare', 1.6894444, -72.8202778, 1),
(97, 57, 'Vaupés', 0.25, -70.75, 1),
(99, 57, 'Vichada', 5, -69.5, 1);

-- --------------------------------------------------------

--
-- Table structure for table `loc_pais`
--

CREATE TABLE IF NOT EXISTS `loc_pais` (
  `id_pais` int(10) unsigned NOT NULL,
  `nombre_pais` varchar(100) CHARACTER SET latin1 COLLATE latin1_spanish_ci NOT NULL,
  PRIMARY KEY (`id_pais`)
) ENGINE=InnoDB DEFAULT CHARSET=latin1;

--
-- Dumping data for table `loc_pais`
--

INSERT INTO `loc_pais` (`id_pais`, `nombre_pais`) VALUES
(1, 'No'),
(7, 'Rusia'),
(11, 'Estados Unidos'),
(20, 'Egipto'),
(27, 'Sudafrica'),
(30, 'Grecia'),
(31, 'Holanda'),
(32, 'Belgica'),
(33, 'Francia'),
(34, 'Espana'),
(36, 'Hungria'),
(39, 'Italia'),
(40, 'Rumania'),
(41, 'Suiza'),
(43, 'Austria'),
(44, 'Reino Unido'),
(45, 'Dinamarca'),
(46, 'Suecia'),
(47, 'Noruega'),
(48, 'Polonia'),
(49, 'Alemania'),
(51, 'Peru'),
(52, 'Mexico'),
(53, 'Cuba'),
(54, 'Argentina'),
(55, 'Brasil'),
(56, 'Chile'),
(57, 'Colombia'),
(58, 'Venezuela'),
(60, 'Malasia'),
(61, 'Australia'),
(62, 'Indonesia'),
(63, 'Filipinas'),
(64, 'Nueva Zelanda'),
(65, 'Singapur'),
(66, 'Tailandia'),
(81, 'Japon'),
(82, 'Corea del Sur'),
(84, 'Vietnam'),
(86, 'China'),
(90, 'Turquia'),
(91, 'India'),
(92, 'Pakistan'),
(93, 'Afganistan'),
(94, 'Sri Lanka'),
(95, 'Myanmar'),
(98, 'Iran'),
(213, 'Argelia'),
(216, 'Tunez'),
(218, 'Libia'),
(220, 'Gambia'),
(221, 'Senegal'),
(222, 'Mauritania'),
(223, 'Mali'),
(224, 'Rep. de Guinea'),
(225, 'Costa de Marfil'),
(226, 'Burkina Faso'),
(227, 'Niger'),
(228, 'Togo'),
(229, 'Benin'),
(230, 'Islas Mauricio'),
(231, 'Liberia'),
(232, 'Sierra Leona'),
(233, 'Ghana'),
(234, 'Nigeria'),
(235, 'Chad'),
(236, 'Rep. Centroafricana'),
(237, 'Camerun'),
(238, 'Cabo Verde'),
(239, 'Santo Tome y Principe'),
(240, 'Guinea Ecuatorial'),
(241, 'Gabon'),
(242, 'Rep. del Congo'),
(243, 'Zaire'),
(244, 'Angola'),
(245, 'Guinea Bissau'),
(246, 'Diego Garcia'),
(247, 'Ascension'),
(248, 'Seychelles'),
(249, 'Sudan'),
(250, 'Ruanda'),
(251, 'Etiopia'),
(252, 'Somalia'),
(253, 'Yibuti'),
(254, 'Kenia'),
(255, 'Tanzania'),
(256, 'Uganda'),
(257, 'Burundi'),
(258, 'Mozambique'),
(260, 'Zambia'),
(261, 'Madagascar'),
(262, 'Islas Reunion'),
(263, 'Zimbabwe'),
(264, 'Namibia'),
(265, 'Malawi'),
(266, 'Lesotho'),
(267, 'Botswana'),
(268, 'Suazilandia'),
(269, 'Comores'),
(290, 'Santa Elena'),
(291, 'Eritrea'),
(297, 'Aruba'),
(298, 'Islas Feroe'),
(299, 'Groenlandia'),
(338, 'Francia Premium'),
(350, 'Gibraltar'),
(351, 'Portugal'),
(352, 'Luxemburgo'),
(353, 'Irlanda'),
(354, 'Islandia'),
(355, 'Albania'),
(356, 'Malta'),
(357, 'Chipre'),
(358, 'Finlandia'),
(359, 'Bulgaria'),
(370, 'Lituania'),
(371, 'Letonia'),
(372, 'Estonia'),
(373, 'Moldavia'),
(374, 'Armenia'),
(375, 'Bielorrusia'),
(376, 'Andorra'),
(377, 'Monaco'),
(378, 'San Marino'),
(379, 'Vaticano'),
(380, 'Ucrania'),
(381, 'Serbia'),
(382, 'Montenegro'),
(385, 'Croacia'),
(386, 'Eslovenia'),
(387, 'Bosnia Herzegovina'),
(389, 'Macedonia'),
(403, 'Rumania Redes Alternativas'),
(420, 'Rep. Checa'),
(421, 'Rep. Eslovaca'),
(423, 'Liechtenstein'),
(500, 'Islas Malvinas'),
(501, 'Belize'),
(502, 'Guatemala'),
(503, 'El Salvador'),
(504, 'Honduras'),
(505, 'Nicaragua'),
(506, 'Costa Rica'),
(507, 'Panama'),
(508, 'San Pedro y Miquelon'),
(509, 'Haiti'),
(531, 'Cuba Guantanamo'),
(590, 'Guadalupe'),
(591, 'Bolivia'),
(592, 'Guyana'),
(593, 'Ecuador'),
(594, 'Guayana Francesa'),
(595, 'Paraguay'),
(596, 'Martinica'),
(597, 'Surinam'),
(598, 'Uruguay'),
(599, 'Antillas Holandesas'),
(670, 'Timor Oriental'),
(672, 'Territorio Ext. de Australia'),
(673, 'Brunei'),
(674, 'Nauru'),
(675, 'Papua Nueva Guinea'),
(676, 'Tonga'),
(677, 'Islas Salomon'),
(678, 'Vanuatu'),
(679, 'Fiji'),
(680, 'Palau'),
(681, 'Islas Wallis y Futuna'),
(682, 'Islas Cook'),
(683, 'Niue'),
(684, 'Samoa Americana'),
(685, 'Samoa Occidental'),
(686, 'Kiribati'),
(687, 'Nueva Caledonia'),
(688, 'Tuvalu'),
(689, 'Polinesia Francesa'),
(690, 'Tokelau'),
(691, 'Micronesia'),
(692, 'Islas Marshall'),
(850, 'Corea del Norte'),
(852, 'Hong Kong'),
(853, 'Macao'),
(855, 'Camboya'),
(856, 'Laos'),
(880, 'Bangladesh'),
(886, 'Taiwan'),
(960, 'Maldivas'),
(961, 'Libano'),
(962, 'Jordania'),
(963, 'Siria'),
(964, 'Irak'),
(965, 'Kuwait'),
(966, 'Arabia Saudita'),
(967, 'Yemen'),
(968, 'Oman'),
(970, 'Palestina'),
(971, 'Emiratos arabes Unidos'),
(972, 'Israel'),
(973, 'Bahrein'),
(974, 'Qatar'),
(975, 'Bhutan'),
(976, 'Mongolia'),
(977, 'Nepal'),
(992, 'Tadjikistan'),
(993, 'Turkmenistan'),
(994, 'Azerbaiyan'),
(995, 'Georgia'),
(996, 'Kirguizistan'),
(998, 'Uzbekistan'),
(1204, 'Canada'),
(1242, 'Bahamas'),
(1246, 'Barbados'),
(1264, 'Anguilla'),
(1268, 'Antigua y Barbuda'),
(1284, 'Isl. Virgenes Britanicas'),
(1340, 'Islas Virgenes Americanas'),
(1345, 'Islas Caiman'),
(1441, 'Bermudas'),
(1473, 'Granada'),
(1649, 'Turcos y Caicos'),
(1664, 'Montserrat'),
(1670, 'Islas Marianas'),
(1671, 'Guam'),
(1758, 'Santa Lucia'),
(1767, 'Dominica'),
(1784, 'S. Vicente y Granadinas'),
(1787, 'Puerto Rico'),
(1800, 'Estados Unidos Freephone'),
(1808, 'Hawai'),
(1809, 'Rep. Dominicana'),
(1868, 'Trinidad y Tobago'),
(1869, 'San Cristobal y Nevis'),
(1876, 'Jamaica'),
(1907, 'Alaska'),
(2234, 'Mali Orange'),
(3774, 'Monaco Otros Servicios'),
(4470, 'Reino Unido Personal'),
(4702, 'Noruega Otros Servicios'),
(5118, 'Peru Rural'),
(6723, 'Islas Norfolk'),
(7573, 'Kazakstan'),
(8703, 'Inmarsat B'),
(8706, 'Inmarsat M'),
(8707, 'Inmarsat Mini M'),
(8711, 'Inmarsat A'),
(8715, 'Inmarsat Aero'),
(8816, 'Iridium'),
(8818, 'Satelite Globalstar'),
(44345, 'Reino Unido Local Rate'),
(44870, 'Reino Unido National Rate'),
(49180, 'Alemania Premium'),
(87039, 'Inmarsat B RDSI'),
(87060, 'Inmarsat M4 Datos'),
(88213, 'Emsat'),
(88216, 'Satelite Thuraya'),
(212525, 'Marruecos'),
(262269, 'Mayotte'),
(351291, 'Madeira'),
(351292, 'Azores'),
(441481, 'Islas Guernesey'),
(441534, 'Islas Jersey'),
(6189162, 'Islas Christmas');

-- --------------------------------------------------------

--
-- Table structure for table `participante`
--

CREATE TABLE IF NOT EXISTS `participante` (
  `id` int(11) NOT NULL AUTO_INCREMENT,
  `id_empresa` int(11) NOT NULL,
  `id_convocatoria` int(11) NOT NULL,
  `fecha_ingreso` timestamp NOT NULL DEFAULT CURRENT_TIMESTAMP ON UPDATE CURRENT_TIMESTAMP,
  `estado` int(11) NOT NULL,
  `id_etapa_participante` int(11) NOT NULL DEFAULT '1',
  `file_certificado_constitucion` varchar(600) DEFAULT NULL,
  `file_estado_financiero` varchar(600) DEFAULT NULL,
  `file_consignacion` varchar(600) DEFAULT NULL,
  `observaciones` text NOT NULL,
  PRIMARY KEY (`id`),
  UNIQUE KEY `id_empresa_2` (`id_empresa`,`id_convocatoria`),
  KEY `id_empresa` (`id_empresa`),
  KEY `id_convocatoria` (`id_convocatoria`),
  KEY `id_etapa_participante` (`id_etapa_participante`)
) ENGINE=InnoDB  DEFAULT CHARSET=latin1 COMMENT='Convocatoria Empresa' AUTO_INCREMENT=29 ;

--
-- Dumping data for table `participante`
--

INSERT INTO `participante` (`id`, `id_empresa`, `id_convocatoria`, `fecha_ingreso`, `estado`, `id_etapa_participante`, `file_certificado_constitucion`, `file_estado_financiero`, `file_consignacion`, `observaciones`) VALUES
(1, 1, 1, '2013-01-28 09:17:36', 1, 1, '', '', '', 'Interna para Corp. Calidad.'),
(2, 6, 3, '2013-02-16 18:39:18', 0, 3, NULL, NULL, NULL, 'Registro Web'),
(3, 7, 3, '2013-02-05 22:02:23', 0, 1, NULL, NULL, NULL, 'Registro Web'),
(4, 8, 3, '2013-02-22 03:48:39', 0, 4, NULL, NULL, NULL, 'Registro Web'),
(5, 9, 3, '2013-02-22 12:35:44', 0, 4, NULL, NULL, NULL, 'Registro Web'),
(7, 9, 4, '2013-02-22 12:53:37', 0, 1, NULL, NULL, NULL, 'Registro Interno'),
(8, 10, 4, '2013-02-26 03:16:19', 0, 1, NULL, NULL, NULL, 'Registro Web'),
(9, 11, 4, '2013-02-26 14:22:42', 0, 4, NULL, NULL, NULL, 'Registro Web'),
(10, 12, 4, '2013-02-26 14:25:49', 0, 4, NULL, NULL, NULL, 'Registro Web'),
(11, 10, 5, '2013-02-28 02:58:13', 1, 1, NULL, NULL, NULL, 'Registro Interno'),
(12, 11, 5, '2013-02-28 02:59:01', 1, 1, NULL, NULL, NULL, 'Registro Interno'),
(13, 13, 5, '2013-02-28 03:19:11', 1, 1, NULL, NULL, NULL, 'Registro Web'),
(14, 14, 6, '2013-03-12 10:30:04', 1, 3, NULL, NULL, NULL, 'Registro Web'),
(15, 15, 6, '2013-03-12 10:44:15', 1, 2, NULL, NULL, NULL, 'Registro Web'),
(16, 16, 6, '2013-03-12 10:46:58', 1, 2, NULL, NULL, NULL, 'Registro Web'),
(17, 17, 6, '2013-03-12 10:50:01', 1, 2, NULL, NULL, NULL, 'Registro Web'),
(18, 18, 6, '2013-03-12 10:52:29', 0, 1, NULL, NULL, NULL, 'Registro Web'),
(19, 19, 6, '2013-03-12 10:54:42', 1, 1, NULL, NULL, NULL, 'Registro Web'),
(21, 20, 6, '2013-03-12 13:45:43', 0, 4, NULL, NULL, NULL, 'Registro Web'),
(22, 21, 6, '2013-03-14 18:42:00', 0, 1, NULL, NULL, NULL, 'Registro Interno'),
(23, 22, 6, '2013-03-15 16:47:19', 1, 1, NULL, NULL, NULL, 'Registro Interno'),
(24, 23, 6, '2013-03-15 16:47:30', 1, 1, NULL, NULL, NULL, 'Registro Interno'),
(25, 24, 6, '2013-03-15 16:47:40', 1, 1, NULL, NULL, NULL, 'Registro Interno'),
(26, 25, 6, '2013-03-15 16:47:49', 1, 1, NULL, NULL, NULL, 'Registro Interno'),
(27, 26, 6, '2013-03-15 16:47:59', 1, 1, NULL, NULL, NULL, 'Registro Interno'),
(28, 27, 6, '2013-03-15 16:48:07', 1, 1, NULL, NULL, NULL, 'Registro Interno');

-- --------------------------------------------------------

--
-- Table structure for table `perfil`
--

CREATE TABLE IF NOT EXISTS `perfil` (
  `id` int(11) NOT NULL AUTO_INCREMENT,
  `perfil` varchar(200) NOT NULL,
  PRIMARY KEY (`id`)
) ENGINE=InnoDB  DEFAULT CHARSET=latin1 AUTO_INCREMENT=8 ;

--
-- Dumping data for table `perfil`
--

INSERT INTO `perfil` (`id`, `perfil`) VALUES
(1, 'Administrador'),
(2, 'Evaluador'),
(3, 'Encargado de Proceso'),
(4, 'Jurado'),
(5, 'Directivo'),
(6, '0 Ninguno'),
(7, 'Líder Evaluador');

-- --------------------------------------------------------

--
-- Table structure for table `persona`
--

CREATE TABLE IF NOT EXISTS `persona` (
  `id` int(11) NOT NULL AUTO_INCREMENT,
  `id_ciudad` int(10) unsigned NOT NULL,
  `nombre` varchar(400) DEFAULT NULL,
  `apellido` varchar(400) DEFAULT NULL,
  `documento_identidad` varchar(100) NOT NULL,
  `email_personal` varchar(200) DEFAULT NULL,
  `email_corporativo` varchar(200) DEFAULT NULL,
  `twitter` varchar(200) DEFAULT NULL,
  `skype` varchar(200) DEFAULT NULL,
  `telefono_fijo` varchar(200) DEFAULT NULL,
  `celular` varchar(200) DEFAULT NULL,
  `login` varchar(30) DEFAULT NULL,
  `password` varchar(300) DEFAULT NULL,
  `estado` int(11) NOT NULL DEFAULT '1' COMMENT 'activo 1, inactivo 0',
  `fecha_creacion` datetime NOT NULL,
  PRIMARY KEY (`id`),
  UNIQUE KEY `documento_identidad` (`documento_identidad`),
  KEY `id_ciudad` (`id_ciudad`)
) ENGINE=InnoDB  DEFAULT CHARSET=latin1 COMMENT='persona' AUTO_INCREMENT=82 ;

--
-- Dumping data for table `persona`
--

INSERT INTO `persona` (`id`, `id_ciudad`, `nombre`, `apellido`, `documento_identidad`, `email_personal`, `email_corporativo`, `twitter`, `skype`, `telefono_fijo`, `celular`, `login`, `password`, `estado`, `fecha_creacion`) VALUES
(1, 150, 'Juan', 'Echeverry', '321', NULL, 'juan@tele.co', NULL, NULL, '8768769', NULL, NULL, 'e10adc3949ba59abbe56e057f20f883e', 0, '2013-01-15 10:12:41'),
(2, 150, 'Pedro', 'Caceres', '322', 'pedro@mio.com', 'pedro@tele.co', '', '', '7987909', '3119999599', NULL, 'e10adc3949ba59abbe56e057f20f883e', 0, '2013-01-15 10:12:41'),
(3, 127, 'Jorge', 'Henao', '45', NULL, 'jorge@gal.co', NULL, NULL, '123434234', NULL, NULL, 'e10adc3949ba59abbe56e057f20f883e', 0, '2013-01-15 10:45:43'),
(4, 127, 'Diana', 'Fonseca', '76', 'diana@otromail.com', 'diana@gal.co', '', 'sky', '2423432', '3400000000', NULL, 'e10adc3949ba59abbe56e057f20f883e', 0, '2013-01-17 08:42:41'),
(5, 150, 'LUIS EMILIO ', 'VELASQUEZ BOTERO', '12345678', NULL, 'pccg@ccalidad.com.co', NULL, NULL, '2861444', NULL, NULL, 'e10adc3949ba59abbe56e057f20f883e', 0, '2013-01-15 13:08:49'),
(6, 150, 'LUZ NANCY', 'LANZA ANGULO', '52158883', 'pccg@ccalidad.com.co', 'pccg@ccalidad.com.co', '', '', '2861444', '3212457770', NULL, 'e10adc3949ba59abbe56e057f20f883e', 1, '2013-01-17 19:39:25'),
(7, 576, 'Manuel', 'Jimenez', '123456', NULL, 'manuel@trenes.com', NULL, NULL, '9874654', NULL, NULL, 'e10adc3949ba59abbe56e057f20f883e', 0, '2013-01-18 19:05:49'),
(8, 576, 'Fernando', 'Solorzano', '654321', 'fernando@solorzano.com', 'fernando@trenes.com', NULL, NULL, '356465466', NULL, NULL, 'e10adc3949ba59abbe56e057f20f883e', 0, '2013-01-18 19:05:49'),
(9, 150, 'Holguer', 'Rangel Gómez', '13717056', 'hrangel@ccalidad.com.co', 'hrangel@ccalidad.com.co', '', 'Holguer.rangel', '2861444', '3124492969', NULL, 'e10adc3949ba59abbe56e057f20f883e', 0, '2013-01-18 20:32:31'),
(10, 150, 'David', 'Franco', '30220433', NULL, 'davis.franco@gne.com', NULL, NULL, '324234324', NULL, NULL, 'e10adc3949ba59abbe56e057f20f883e', 0, '2013-01-18 21:54:03'),
(11, 150, 'Carlos', 'Valderrama', '33456778', 'pibe@hotmail.com', 'pibe@gne.com', NULL, NULL, '32432413', NULL, NULL, 'e10adc3949ba59abbe56e057f20f883e', 0, '2013-01-18 21:54:03'),
(12, 150, 'Saul ', 'Ballen', '79897654', 'sballen@ccalidad.com.co', 'sballen@ccalidad.com.co', '', '', '7890987', '321987657', NULL, 'e10adc3949ba59abbe56e057f20f883e', 0, '2013-01-18 22:01:44'),
(13, 0, 'Alberto', 'Gomez Rojas', '115599', 'alberto@yopmail.com', 'alberto@ffm.com', NULL, NULL, '7946546484', '3366998877', NULL, 'e10adc3949ba59abbe56e057f20f883e', 0, '2013-01-28 12:49:40'),
(14, 659, 'Angel', 'Mesias', '743', 'angel@yopmail.com', 'angel@yopmail.com', NULL, NULL, '652135', '4444444444', NULL, 'e10adc3949ba59abbe56e057f20f883e', 0, '2013-01-30 20:05:24'),
(15, 659, 'Pablo', 'Marmol', '7437', 'apablo@yopmail.com', 'pablo@yopmail.com', NULL, NULL, '545465465', '5555555555', NULL, 'e10adc3949ba59abbe56e057f20f883e', 0, '2013-01-30 20:05:24'),
(16, 0, 'Amanda', 'Ramos', '743741', 'amanda@yopmail.com', 'ads@comcel.co', NULL, NULL, '564654', '6666666666', NULL, 'e10adc3949ba59abbe56e057f20f883e', 0, '2013-01-30 20:12:42'),
(17, 0, 'Daniel', 'Pineda Moreno', '80041965', 'd.pineda21@gmail.com', 'dpineda@ccalidad.com.co', NULL, NULL, '8002000', '3105524307', NULL, 'e10adc3949ba59abbe56e057f20f883e', 1, '2013-01-30 21:29:23'),
(18, 150, 'Cesar ', 'Millan', '76554332', 'cesar@yopmail.com', 'cesar@yopmail.com', NULL, NULL, '676773876', '7824872840', NULL, 'e10adc3949ba59abbe56e057f20f883e', 0, '2013-01-30 21:44:49'),
(19, 150, 'Junior', 'Perro', '65787697869807', 'junior1@yopmail.com', 'junior@yopmail.com', NULL, NULL, '3353535', '3123871287', NULL, 'e10adc3949ba59abbe56e057f20f883e', 0, '2013-01-30 21:44:49'),
(20, 0, 'ochentaysiete', 'numero', '878787878787', 'ocho70@yopmail.com', 'ocho7@yopmail.com', NULL, NULL, '765658769880709', '9869878097', NULL, 'e10adc3949ba59abbe56e057f20f883e', 0, '2013-01-30 21:50:04'),
(21, 0, 'cincuentaycuatro', 'numero', '54545454545454', 'cincuenta40@yopmail.com', 'cincuenta4@yopmail.com', NULL, NULL, '87587796987087', '8969860870', NULL, 'e10adc3949ba59abbe56e057f20f883e', 0, '2013-01-30 21:50:44'),
(22, 0, 'veintitres', 'numero', '23232323232323', 'veinti30@yopmail.com', 'veinti3@yopmail.com', NULL, NULL, '976976875875858', '6986867878', NULL, 'e10adc3949ba59abbe56e057f20f883e', 0, '2013-01-30 21:51:32'),
(23, 150, 'Edward', 'Ramirez', '74', 'elramireza@gmail.com', 'edward.ramirez@p4s.co', 'elramireza', '', '', '3005543367', NULL, 'e10adc3949ba59abbe56e057f20f883e', 0, '2013-01-31 23:55:09'),
(24, 150, 'patricia', 'jiménez', '987654321', 'patricia@yahoo.com.co', 'patricia@yopmail.com', NULL, NULL, '9876543', '3009876543', NULL, 'e10adc3949ba59abbe56e057f20f883e', 0, '2013-02-04 19:49:09'),
(25, 0, 'Angel', 'Perilla Medina', '79052075', 'angel.perilla@gmail.com', 'aperilla@ccalidad.com.co', NULL, NULL, '2861444', '3163081344', NULL, '2d2d8b5fb3164465004bcf117ba37a0f', 0, '2013-02-22 12:23:27'),
(26, 0, 'Katherine', 'Toro Toro', '52776991', 'katherinetorotoro@gmail.com', 'ktoro@ccalidad.com.co', NULL, NULL, '2861444', '3017863793', NULL, '5897f0c6ff7c7aac94dc75f3159066ac', 0, '2013-02-22 12:26:02'),
(27, 0, 'Evelyn', 'Vanegas', '52174496', 'evanegass@gmail.com', 'evanegas@ccalidad.com.co', NULL, NULL, '2861444', '3003836051', NULL, 'da67bc0f0899bc6b92c2f34520c36d6b', 0, '2013-02-22 12:29:13'),
(28, 0, 'Luis Emilio', 'Velásquez Botero', '8353970', 'levelasquezb@hotmail.com', 'levelasquez@ccalidad.com.co', NULL, NULL, '2861444', '3106899860', NULL, NULL, 0, '2013-02-22 12:30:45'),
(29, 150, 'Daniel ', 'Pineda', '80041966', 'd.pineda21@gmail.com', 'dpineda@ccalidad.com.co', NULL, NULL, '2861444', '3105524307', NULL, '08ddf995ef46fa92acade786d8aaf5e9', 0, '2013-02-22 12:35:44'),
(30, 150, 'Luz Nancy ', 'Lanza', '45678996', 'pneig@ccalidad.com.co', 'pneig@ccalidad.com.co', NULL, NULL, '2861444', '3107654432', NULL, 'b31d2f6527b927c0c20b71946582eb8f', 0, '2013-02-26 03:16:19'),
(31, 0, 'JORGE IVAN', 'VARGAS MARTÍNEZ', '80470014', 'jorge.vargas@oigame.com.co', 'jorge.vargas@oigame.com.co', NULL, NULL, '605 3131', '3202345762', NULL, '39b58c8852a8e4c7c8aa579c69761dd9', 1, '2013-02-26 03:37:54'),
(32, 0, 'EDGAR ALONSO', 'ACEVEDO OSPINA', '80011560', 'eacevedo@colombina.com', 'eacevedo@colombina.com', NULL, NULL, '2471100 EXT 1348', '3116436662', NULL, NULL, 1, '2013-02-26 03:39:21'),
(33, 0, 'LUZ MARINA ', 'GALINDO CARO', '52171343', 'lgalindocaro@gmail.com', 'lgalindocaro@gmail.com', NULL, NULL, '6621111 EXT 1307', '3109987766', NULL, NULL, 1, '2013-02-26 03:40:44'),
(34, 150, 'JOSÉ ORLANDO', 'ÁNGELES TORRES', '79421779', 'angorlando@gmail.com', 'angorlando@gmail.com', '', '', '662 1111 EXT 1307', '3109998877', NULL, 'be77f122b8a818a8580a323d7ea44bb1', 1, '2013-02-26 03:44:51'),
(35, 718, 'YOLANDA', 'MUNAFR ARIZA', '51583619', 'yolandamunar@hotmail.com', 'yolandamunar@hotmail.com', '', '', '662 1111 EXT 1307', '3199988848', NULL, '61a70ea9940d48b560e2ac987ed776d0', 1, '2013-02-26 03:46:02'),
(36, 0, 'MARÍA DE LOS ÁNGELES', 'RAMÍREZ', '41750551', 'mangelesram@hotmail.com', 'mangelesram@hotmail.com', NULL, NULL, '662 1111 EXT 1307', '3219987867', NULL, NULL, 1, '2013-02-26 04:09:15'),
(37, 0, 'NICOLAS', 'PÉREZ ALMANZA', '72202384', 'nperezalmanza@hotmail.com', 'nperezalmanza@hotmail.com', NULL, NULL, '662 1111 EXT 1307', '3107765765', NULL, NULL, 1, '2013-02-26 04:12:40'),
(38, 0, 'CLAUDIA', 'CANTOR', '52623645', 'claudia.cantor@bbva.com', 'claudia.cantor@bbva.com', NULL, NULL, '347 1600 EXT 11024', '3168785084', NULL, 'dfa38d215d1fdf796300fe53d8b274ef', 1, '2013-02-26 04:13:54'),
(39, 0, 'MAGDA', 'ROMERO', '52705484', 'mromero@tiger-cos.com', 'mromero@tiger-cos.com', NULL, NULL, '667 1414 EXT 3401', '3203444397', NULL, NULL, 1, '2013-02-26 04:19:20'),
(40, 0, 'JENNIFER ', 'LAMPREA', '1015394849', 'jennifer.lamprea@AES.com', 'jennifer.lamprea@AES.com', NULL, NULL, '594 1400', '3146654363', NULL, 'bdd6867c6badb8d8573004b7d94c6e24', 1, '2013-02-26 04:20:25'),
(41, 0, 'LUIS ALEJANDRO', 'TORRES', '73405556', 'director@engestión.com', 'director@engestión.com', NULL, NULL, '4443322', '3215544555', NULL, NULL, 1, '2013-02-26 04:31:56'),
(42, 197, 'Daniel ', 'Pineda', '997697696897', 'dpineda@ccalidad.com.co', 'dpineda@ccalidad.com.co', NULL, NULL, '67698087096', '3120000000', NULL, '6997413f7a0e9a52bd079668ca4ea105', 0, '2013-02-26 14:22:42'),
(43, 197, 'Daniel', 'Moreno', '8080878875879', 'd.pineda21@gmail.com', 'dpineda@ccalidad.com.co', NULL, NULL, '988037409239''8', '3109897889', NULL, '8590355ae952f60f8a02fa1a98a459c6', 0, '2013-02-26 14:22:42'),
(44, 127, 'Daniel', 'Pineda', '89080908765', 'dpineda@ccalidad.com.co', 'dpineda@ccalidad.com.co', NULL, NULL, '87087099''897', '3107786960', NULL, '39ceb5a96a542bb839434041ae952332', 0, '2013-02-26 14:25:49'),
(45, 127, 'Daniel', 'Moreno', '0870870790''89''7', 'd.pineda21@gmail.com', 'dpineda@ccalidad.com.co', NULL, NULL, '986288070970', '3109968756', NULL, '3f9d0d047a3055a6e02308b3d5a6e06c', 0, '2013-02-26 14:25:49'),
(46, 0, 'Pablo ', 'Donado Calle', '15440586', 'pablodonado@hotmail.com', 'pdonado@isagen.com.co', NULL, NULL, '3257715', '3105524307', NULL, NULL, 0, '2013-02-27 21:04:54'),
(47, 0, 'Maria Patricia', 'Toro Gutierrez', '43021848', 'patriciatorog@gmail.com', 'mtoro@isagen.com.co', NULL, NULL, '3257707', '3105524307', NULL, NULL, 0, '2013-02-27 21:06:48'),
(48, 0, 'Andrea', 'López Salazar', ' 43.169.082 ', 'andrealopezsa@gmail.com', 'malopez@isagen.com.co', NULL, NULL, '4-3257726', '3105524307', NULL, NULL, 0, '2013-02-27 21:16:55'),
(49, 0, 'Leopoldo Abdiel', 'Giraldo Velásquez', ' 43.169.083 ', 'leopoldogiraldo@yahoo.com', 'lgiraldo@hgm.gov.co', NULL, NULL, '2851444', '3105524307', NULL, NULL, 0, '2013-02-27 21:22:52'),
(50, 0, 'Luis Fernando', 'Fernández Mejía', '43.169.084', 'lfernand@hgm.gov.co', 'lfernand@hgm.gov.co', NULL, NULL, '2851444', '3105524307', NULL, NULL, 0, '2013-02-27 21:26:50'),
(51, 0, 'Paola', 'Cáceres Escobar ', ' 43.169.085 ', 'ppcacere@hotmail.com', 'paola.caceres@epm.com.co', NULL, NULL, '2851444', '3105524307', NULL, NULL, 0, '2013-02-27 21:28:16'),
(52, 0, 'Ana María', 'Rodas Areiza', ' 43.169.086 ', 'amrodasa@gmail.com', 'ana.rodas@epm.com.co', NULL, NULL, '2851444', '3105524307', NULL, NULL, 0, '2013-02-27 21:29:48'),
(53, 0, 'Juana', 'Fuentes', ' 43.169.087 ', 'juanita.fuentes@gmail.com', 'juanita.fuentes@gmail.com', NULL, NULL, '2851444', '3105524307', NULL, NULL, 0, '2013-02-27 21:30:34'),
(54, 0, 'Liliana Andrea', 'Marín', ' 43.169.088 ', 'lilianaam@gmail.com', 'di.organizacional@ccoa.org.co', NULL, NULL, '2851444', '3105524307', NULL, NULL, 0, '2013-02-27 21:31:57'),
(55, 0, 'Carlos Julio', 'Chávez Mendoza', ' 43.169.089 ', 'cchavez@une.net.co', 'cchavez@bancolombia.com.co', NULL, NULL, '2851444', '3105524307', NULL, NULL, 0, '2013-02-27 21:34:44'),
(56, 0, 'Luz Amparo', 'Ospina Jaramillo', ' 43.169.090 ', 'laospina2@hotmail.com', 'laospina@bancolombia.com.co', NULL, NULL, '2851444', '3105524307', NULL, NULL, 0, '2013-02-27 21:38:54'),
(57, 0, 'Marcela ', 'Gutiérrez', ' 43.169.091 ', 'marceguty40@gmail.com', 'marcguti@bancolombia.com.co', NULL, NULL, '2851444', '3105524307', NULL, NULL, 0, '2013-02-27 21:40:09'),
(58, 0, 'Sara', 'Herrera Gaviria', ' 43.169.092 ', 'saraherrerag@yahoo.com', 'saraherrera@ipsuniversitara.com.co', NULL, NULL, '2851444', '3105524307', NULL, NULL, 0, '2013-02-27 21:46:11'),
(59, 0, 'Juan Camilo', 'Botero Rendón', '80455667', 'jcbrendon@gmail.com', 'juancb@ccoa.org.co', NULL, NULL, '2861454', '3105534307', NULL, NULL, 0, '2013-02-27 22:44:54'),
(60, 2, 'CATALINA', 'VELÁSQUEZ CASTAÑO', '34556655', 'cvelasquez@ccalidad.com.co', 'catavelca@hotmail.com', '', '', '2861444', '3105524307', NULL, '80f8445dd65b6d7fb16c2690a9146c24', 1, '2013-03-01 01:43:42'),
(61, 320, 'Daniel ', 'Pineda', '80041963', 'd.pineda22@gmail.com', 'd.pineda22@gmail.com', NULL, NULL, '2459487', '3105534678', NULL, '8e3d395e8c76087cc440fa20ed169045', 0, '2013-03-12 10:30:04'),
(62, 320, 'David', 'Luna', '8987685783', 'd_pineda21@hotmail.com', 'd_pineda21@hotmail.com', NULL, NULL, '67755442', '3124556788', NULL, 'ba10056ee0b83da40e3ee7d448dee8f2', 0, '2013-03-12 10:30:04'),
(63, 320, 'Daniel ', 'LOPEZ', '8746463839', 'dlopez@ccalidad.com.co', 'dlopez@ccalidad.com.co', NULL, NULL, '34364648', '3129764546', NULL, '5cd1635856f279119586dd120897690d', 0, '2013-03-12 10:44:15'),
(64, 320, 'Davis', 'Lopez', '34757686940', 'dilopez@gmail.com', 'dlopez2@ccalidad.com.co', NULL, NULL, '89089509809', '3106472598', NULL, 'f9314a8162c7b6c166c5e0a5f4d92c3b', 0, '2013-03-12 10:44:15'),
(65, 150, 'Luis ', 'Lopez', '76849494847', 'llopez@ccalidad.com.co', 'llopez@ccalidad.com.co', NULL, NULL, '923980709890', '3128078708', NULL, '74e07247461762a11e5bccca970dcf3c', 0, '2013-03-12 10:46:58'),
(66, 150, 'Danilo', 'Lopez', '09709485988', 'dlpoip@ccalidad.com.co', 'dlop@ccalidad.com.co', NULL, NULL, '09709898', '3108700077', NULL, '383fbb933272b6bece718928744defd0', 0, '2013-03-12 10:46:58'),
(67, 151, 'Luis ', 'Lopez', '009490849808', 'llo@ccalidad.com.co', 'llo@ccalidad.com.co', NULL, NULL, '982985909', '3218474746', NULL, '3eedba8ff38d46a955c806fea4252bcb', 0, '2013-03-12 10:50:01'),
(68, 151, 'Gustavo ', 'Lopez', '09098908076', 'glopez@ccalidad.com.co', 'glopez@ccalidad.com.co', NULL, NULL, '0870874580708', '3218989708', NULL, 'f073bb6da33d53c709562810abbc3af2', 0, '2013-03-12 10:50:01'),
(69, 347, 'Gustavo ', 'Lopera', '0979876796', 'gl@ccalidad.com.co', 'gl@ccalidad.com.co', NULL, NULL, '878798696', '3124980898', NULL, '7a6befb5fc7146509c93db918f5ca8be', 0, '2013-03-12 10:52:29'),
(70, 347, 'Luis', 'Lopez', '9889787009', 'dd@ccalidad.com.co', 'dd@ccalidad.com.co', NULL, NULL, '087807508709', '3129878970', NULL, 'c29f350c9f5fe7f3e033bcdda0917ac7', 0, '2013-03-12 10:52:29'),
(71, 347, 'Jan', 'Franco', '68677869879', 'jj@ccalidad.com.co', 'jj@ccalidad.com.co', NULL, NULL, '087984659', '3219869890', NULL, '3691965e8211695929b744bcbd86d7d5', 0, '2013-03-12 10:54:42'),
(72, 347, 'Jani', 'Franco', '96987087098', 'hh@ccalidad.com.co', 'gg@ccalidad.com.co', NULL, NULL, '8947508470', '3219869887', NULL, '249f70573d8ab07e1452bf3609021319', 0, '2013-03-12 10:54:42'),
(73, 0, 'Carlos Eduardo ', 'Vargas Olarte', '67554563738', 'director@centroinvestigacionsfbd.com', 'director@centroinvestigacionsfbd.com', NULL, NULL, '67698708709', '3107786786', NULL, '44e07e6313032064e334a52e942ef784', 0, '2013-03-12 13:34:53'),
(74, 0, 'Jairo', 'Varón', '897870980943', 'jairovaron@hotmail.com', 'jairovaron@hotmail.com', NULL, NULL, '87897870', '3109869878', NULL, 'c8bdee3458641286515c7168b4d6650e', 0, '2013-03-12 13:35:29'),
(75, 0, 'Hernando', 'García Gomez', '986987870', 'hernando.gg@gmail.com', 'hgarcia@javeriana.edu.co', NULL, NULL, '8780709808', '3109769978', NULL, '40d70733f993afbf1edce25e3cbaf2e3', 0, '2013-03-12 13:36:21'),
(76, 0, 'Hugo', 'Salazar Marciales', '870870989898908', 'hugsalmar@gmail.com', 'hugsalmar@gmail.com', NULL, NULL, '678769879', '3108788798', NULL, 'ae57e3a17548ec0245b8da0190500749', 0, '2013-03-12 13:37:20'),
(77, 0, 'Jaime ', 'Campo Rodríguez', '7676987987897', 'jcampo@usbcali.edu.co', 'jcampo@usbcali.edu.co', NULL, NULL, '6897878707809', '3106769698', NULL, 'e6ab24d761e1c35793f1c46bf34ade2b', 0, '2013-03-12 13:38:11'),
(78, 151, 'David Luis', 'Pinilla', '8990809809890', 'dpoiop@ccalidad.com.co', 'dpoiop@ccalidad.com.co', NULL, NULL, '908908908908', '3107967968', NULL, '19d5d28e29e5c0cb13e34fb37ffd2427', 0, '2013-03-12 13:45:43'),
(79, 151, 'Lucho', 'Carzon', '07009809890', '98989@CCALIDAD.COM.CO', 'FOI@CCALIDAD.COM.CO', NULL, NULL, '8780780780', '3108997697', NULL, '47f5c03d001785643daa3dde51777f00', 0, '2013-03-12 13:45:43'),
(80, 128, 'Nestror Guillermo ', 'Castro Sanchez', '19435273', 'neguicasan@gmail.com', 'neguicasan@gmail.com', '', '', '234456677', '3103445678', NULL, '7703ea8cbe4b4b561b515cdcfa9d42cc', 1, '2013-03-14 18:44:16'),
(81, 152, 'Nestor Guillermo', 'Castro Sanchez', '77858587789678', 'neguicasan@gmail.com', 'neguicasan@gmail.com', '', '', '685877698698', '3104656578', NULL, 'fe6171d9413facb591e86d6ac45fea36', 0, '2013-03-14 19:14:02');

-- --------------------------------------------------------

--
-- Table structure for table `pn_agenda`
--

CREATE TABLE IF NOT EXISTS `pn_agenda` (
  `id` int(11) NOT NULL AUTO_INCREMENT,
  `id_participante` int(11) NOT NULL,
  `id_empleado_creador` int(11) NOT NULL,
  `fecha_agenda` datetime NOT NULL,
  `fecha_creacion` datetime NOT NULL,
  PRIMARY KEY (`id`),
  KEY `id_participante` (`id_participante`),
  KEY `id_empleado_creador` (`id_empleado_creador`)
) ENGINE=InnoDB  DEFAULT CHARSET=latin1 AUTO_INCREMENT=11 ;

--
-- Dumping data for table `pn_agenda`
--

INSERT INTO `pn_agenda` (`id`, `id_participante`, `id_empleado_creador`, `fecha_agenda`, `fecha_creacion`) VALUES
(1, 3, 10, '2013-04-10 00:00:00', '2013-01-30 22:52:38'),
(4, 2, 5, '2013-02-21 00:00:00', '2013-02-13 16:28:46'),
(5, 4, 19, '2013-03-10 00:00:00', '2013-02-22 04:00:07'),
(6, 5, 23, '2013-02-25 00:00:00', '2013-02-22 13:31:07'),
(7, 9, 49, '2013-03-04 00:00:00', '2013-02-26 16:18:03'),
(8, 10, 45, '2013-03-14 00:00:00', '2013-02-26 16:40:43'),
(9, 21, 73, '2013-04-10 00:00:00', '2013-03-12 18:44:23'),
(10, 14, 66, '2013-04-04 00:00:00', '2013-03-12 18:54:31');

-- --------------------------------------------------------

--
-- Table structure for table `pn_agenda_invitado`
--

CREATE TABLE IF NOT EXISTS `pn_agenda_invitado` (
  `id` int(11) NOT NULL AUTO_INCREMENT,
  `id_agenda` int(11) NOT NULL,
  `hora` int(11) NOT NULL,
  `id_empleado` varchar(500) NOT NULL,
  `id_pn_subcapitulo` int(11) NOT NULL,
  `documentos` text,
  `preguntas` text,
  `resultados` text,
  PRIMARY KEY (`id`),
  KEY `id_agenda` (`id_agenda`),
  KEY `id_empleado` (`id_empleado`),
  KEY `id_pn_capitulo` (`id_pn_subcapitulo`)
) ENGINE=InnoDB  DEFAULT CHARSET=latin1 AUTO_INCREMENT=12 ;

--
-- Dumping data for table `pn_agenda_invitado`
--

INSERT INTO `pn_agenda_invitado` (`id`, `id_agenda`, `hora`, `id_empleado`, `id_pn_subcapitulo`, `documentos`, `preguntas`, `resultados`) VALUES
(1, 5, 6, 'Pedro Medina', 21, '', '¿Qué fue lo que pasó?', NULL),
(2, 5, 10, 'Maria', 1, '', '', NULL),
(3, 5, 8, 'Juan Caceres', 14, '', '', NULL),
(4, 6, 14, '', 6, 'lknl', ' kjlbn ', NULL),
(5, 6, 6, '', 10, '', 'iouhokbov  ohyoi hyodf 9o', NULL),
(6, 6, 6, '', 14, 'no', 'kiughfobfoh oihfoho oiho oh', NULL),
(7, 6, 6, '', 16, 'no', 'kndlflnov cvokn v', NULL),
(8, 8, 6, '', 1, '', '', NULL),
(9, 9, 9, 'Gerente de Producción', 1, '', 'Como cunado con quien', NULL),
(10, 9, 9, 'Gerente de Calidad', 18, '', 'Como', NULL),
(11, 4, 9, 'secretaria', 5, '', '', NULL);

-- --------------------------------------------------------

--
-- Table structure for table `pn_capitulo`
--

CREATE TABLE IF NOT EXISTS `pn_capitulo` (
  `id` int(11) NOT NULL AUTO_INCREMENT,
  `criterio` varchar(400) NOT NULL,
  `evalua_capitulo` varchar(600) NOT NULL,
  `maximo` int(11) NOT NULL,
  PRIMARY KEY (`id`)
) ENGINE=InnoDB  DEFAULT CHARSET=latin1 COMMENT='Capitulos para el PNEIG' AUTO_INCREMENT=9 ;

--
-- Dumping data for table `pn_capitulo`
--

INSERT INTO `pn_capitulo` (`id`, `criterio`, `evalua_capitulo`, `maximo`) VALUES
(1, 'Estrategia', 'Este criterio examina la formulación y el planteamiento estratégico establecido por la organización para desarrollar y sostener la capacidad de creación de valor, así como los procesos para el establecimiento y la gestión de esas defniciones estratégicas. Incluye la alineación de estrategia, estructura y cultura de la organización hacia el alcance de sus propósitos.', 140),
(2, 'Liderazgo', 'Este capítulo examina el enfoque y la implementación del sistema de liderazgo organizacional en cuanto a la capacidad, participación e infuencia de los líderes en la construcción y mantenimiento de un sistema de gestión integral, y de una cultura de excelencia e innovación, en los diferentes niveles de la organización.', 120),
(3, 'Capacidad de innovación', 'Este criterio examina el enfoque, la implementación y los resultados de la organización en cuanto a las estrategias, las prácticas y los procesos de innovación, a través de toda la cadena de valor. Igualmente evalúa la forma como se fomenta y gestiona una cultura de innovación, que se refeja en comportamientos y conductas visibles, y en productos, servicios y procesos de alto valor agregado.', 120),
(4, 'Personas', 'Este capítulo examina la forma como la organización desarrolla el potencial de las personas como elemento fundamental para alcanzar sus propósitos estratégicos. Revisa también la forma en que la estrategia de la organización orienta y genera un ambiente propicio para la innovación, el alto desempeño y el desarrollo integral de los trabajadores.', 80),
(5, 'Procesos', 'Este capítulo examina la estructura de los procesos, la forma en que la organización los gestiona y cómo estimula e integra a sus proveedores y clientes en el mejoramiento de los procesos clave y de apoyo. Lo anterior, con el fn de crear valor, responder ágil e inteligentemente a los cambios y alcanzar los objetivos estratégicos orientados a la innovación y sostenibilidad de la organización.', 80),
(6, 'Conocimiento e información', 'Este criterio examina cómo la organización utiliza, gestiona y asegura el conocimiento como activo y elemento potenciador de la competitividad, soportado en sistemas de información y en informaciones relevantes. Examina la forma como el conocimiento apoya la estrategia y las decisiones, y asegura la creación de valor de manera sostenible.', 80),
(7, 'Clientes y mercados', 'Este criterio evalúa el conocimiento y entendimiento que tiene la organización de sus clientes y mercados en cuanto a sus necesidades,  expectativas y preferencias. También respecto a  la forma como la organización utiliza esta información para desarrollar productos y servicios innovadores, con alto valor agregado, que satisfagan y superen dichos requerimientos. Así mismo, evalúa la capacidad de la compañía para sostenerse en los mercados objetivos e incursionar en otros nuevos, a través de estrategias de asociatividad y cooperación, basándose en relaciones duraderas con sus clientes.', 80),
(8, 'Resultados', 'Este criterio examina los resultados de la organización, su evolución y  comparación con los mejores, y la manera como esos resultados contribuyen a la Creación de Valor para los diferentes grupos sociales objetivo y para el medio ambiente. Igualmente, evalúa la Competitividad de la organización, entendida como un concepto asociado a su desempeño y a los logros obtenidos en el pasado y hasta el presente. Por último la Sostenibilidad, relacionada con el enfoque de las estrategias que aseguran la permanencia y crecimiento de la organización en el futuro. ', 300);

-- --------------------------------------------------------

--
-- Table structure for table `pn_categoria_criterio`
--

CREATE TABLE IF NOT EXISTS `pn_categoria_criterio` (
  `id` int(11) NOT NULL AUTO_INCREMENT,
  `categoria_criterio` varchar(400) NOT NULL,
  PRIMARY KEY (`id`)
) ENGINE=InnoDB  DEFAULT CHARSET=latin1 COMMENT='Agrupa Criterios Por Categoria' AUTO_INCREMENT=5 ;

--
-- Dumping data for table `pn_categoria_criterio`
--

INSERT INTO `pn_categoria_criterio` (`id`, `categoria_criterio`) VALUES
(1, 'Enfoque'),
(2, 'Implementación'),
(3, 'Resultados'),
(4, 'Calificación Global');

-- --------------------------------------------------------

--
-- Table structure for table `pn_conclusion`
--

CREATE TABLE IF NOT EXISTS `pn_conclusion` (
  `id` int(11) NOT NULL AUTO_INCREMENT,
  `id_participante` int(11) NOT NULL,
  `id_capitulo` int(11) NOT NULL,
  `recomendacion` text NOT NULL,
  `fecha_creacion` datetime NOT NULL,
  PRIMARY KEY (`id`),
  KEY `id_participante` (`id_participante`),
  KEY `id_capitulo` (`id_capitulo`)
) ENGINE=InnoDB DEFAULT CHARSET=latin1 AUTO_INCREMENT=1 ;

-- --------------------------------------------------------

--
-- Table structure for table `pn_criterio`
--

CREATE TABLE IF NOT EXISTS `pn_criterio` (
  `id` int(11) NOT NULL AUTO_INCREMENT,
  `id_categoria_criterio` int(11) NOT NULL,
  `criterio` varchar(400) NOT NULL,
  `evalua` varchar(1000) DEFAULT NULL,
  `c_20` varchar(1000) DEFAULT NULL,
  `c_40` varchar(1000) DEFAULT NULL,
  `c_60` varchar(1000) DEFAULT NULL,
  `c_80` varchar(1000) DEFAULT NULL,
  `c_100` varchar(1000) DEFAULT NULL,
  `c_50` varchar(1000) DEFAULT NULL,
  PRIMARY KEY (`id`),
  KEY `id_categoria_criterio` (`id_categoria_criterio`)
) ENGINE=InnoDB  DEFAULT CHARSET=latin1 COMMENT='Creterios PNEIG' AUTO_INCREMENT=16 ;

--
-- Dumping data for table `pn_criterio`
--

INSERT INTO `pn_criterio` (`id`, `id_categoria_criterio`, `criterio`, `evalua`, `c_20`, `c_40`, `c_60`, `c_80`, `c_100`, `c_50`) VALUES
(1, 1, 'Sistematicidad', 'Grado en que el enfoque es definido y aplicado de manera organizada.', 'El enfoque no es integral, es puntual y no se relaciona con el direccionamiento estratégico.', 'Comienzo de un enfoque sistemático para referirse a los propósitos básicos del capítulo.', 'El enfoque es sistemático, alcanzable y razonable para lograr los propósitos del capítulo que se desea evaluar, varía con respecto del 50% en su grado y extensión.', 'El enfoque sistemático tiene un buen grado de integración.', 'El enfoque es definido y aplicado de manera organizada en todos los procesos.', 'El enfoque es sistemático, alcanzable y razonable para lograr los propósitos del capítulo que se desea evaluar.'),
(2, 1, 'Amplitud', 'Grado en que el enfoque está presente y orienta los diferentes procesos de la organización o distintos puntos del capítulo.', 'El enfoque no está presente en los diferentes procesos.', 'El enfoque empieza a estar está presente algunos procesos.', 'Se empieza a presentar un ciclo de evolución del enfoque en aquellos procesos débiles, más importantes para la creación de valor; varía en su grado y extensión con respecto del 50%.', 'El enfoque responde a todos los propósitos del capítulo.', 'El enfoque está presente y orienta los diferentes procesos de la organización o distintos puntos del capítulo.', 'Se empieza a presentar un ciclo de evolución del enfoque en procesos débiles.'),
(3, 1, 'Proactividad', 'Grado en que el enfoque es preventivo y proactivo.', 'Los enfoques son mayoritariamente reactivos o su inexistencia genera activismo en la implementación.', 'Etapas iniciales de transición de la reacción a la prevención de problemas.  ', 'Enfoque mayoritariamente preventivo hacia el manejo y control de los procesos y problemas de los mismos de manera proactiva, aún cuando  existen algunos procesos en donde se actúa reactivamente.', 'El enfoque es mayoritariamente proactivo y preventivo.', 'El enfoque es proactivo y preventivo en todas los procesos.', 'Enfoque mayoritariamente preventivo hacia el manejo y control de los procesos y problemas de los mismos de manera proactiva, aún cuando  existen algunos de ellos en donde se actúa reactivamente.'),
(4, 1, 'Impacto', 'Grado de incidencia del enfoque en la implementación y en los resultados.', 'Hay activismo porque el enfoque incide muy poco en la implementación y no se puede demostrar en la relación con los resultados.', 'La incidencia del enfoque en la implementación es baja y no se puede demostrar en la relación con los resultados.', 'El enfoque incide en la implementación y en los resultados obtenidos, varía en grado y extensión con respecto del 50%.', 'El enfoque incide en la implementación en los procesos más importantes.', 'La incidencia del enfoque en la implementación y en los resultados es demostrable.', 'La incidencia del enfoque en la implementación y en los resultados es demostrada en los puntos más estratégicos'),
(5, 1, 'Ciclo de evaluación y mejoramiento', 'Forma en que se evalúa y mejora el enfoque y su asimilación.', 'El enfoque no es evaluado ni mejorado y se desconoce el grado asimilación.', 'CICLO DE EVALUACIÓN El enfoque sigue sin evaluarse y se desconoce el grado de asimilación.', ': El enfoque se evalúa y mide su asimilación. Se muestran evidencias de mejoramiento en el tiempo.  Este ciclo varía del 50% en cuanto  al grado y extensión.', 'El enfoque es evaluado y  se inician acciones de mejoramiento del enfoque.', 'Se evidencia ciclos de evaluación del enfoque y su asimilación. Hay ciclos de mejoramiento sistemático del enfoque.', 'Se evalúa el enfoque y su grado de asimilación, en donde se considera amplio y se muestran evidencias claras de mejoramiento en el tiempo.'),
(6, 2, 'Despliegue', 'Grado en que se ha implementado el enfoque y es consistente en los distintos procesos de la organización o los distintos puntos del capítulo.', 'El enfoque se ha implementado en algunos procesos y se refleja su debilidad.', 'La implementación del enfoque se da en algunos procesos principales y existen brechas muy significativas en procesos importantes y factores claves.', 'La implementación está más avanzada en procesos claves y no existen grandes brechas con respecto a otros procesos, hay variación en mayor o menor grado con el 50%.', 'Existe un enfoque bien desplegado en todas los procesos, con brechas no significativas en procesos de soporte', 'La implementación del enfoque se amplía continuamente para cubrir nuevos procesos en forma integrada y responde al enfoque definido en todos los procesos claves.', 'La implementación está más avanzada en procesos claves y no existen grandes brechas con respecto a otros procesos.'),
(7, 2, 'Sistematicidad ', 'Grado en que la implementación refiere a etapas y procesos de manera organizada y consistente.', 'La implementación es esporádica e inconsistente.', 'El manejo de los procesos y su análisis  mejora la integración entre los mismos.', 'La implementación refiere a etapas y procesos claves de manera organizada y consistente, variando en amplitud con el 50%.', 'Se da una evidencia clara de integración mejorada y refinamiento como resultado de análisis y ciclos de mejoramiento.', ': La implementación se refiere a etapas y procesos de manera organizada y consistente.', 'La implementación refiere a etapas y procesos claves de manera organizada y consistente.'),
(8, 2, 'Prioridad', 'Aplicación del enfoque en los procesos según su nivel de importancia en la creación de valor.', 'La aplicación del enfoque en los procesos no es claro.', 'Aplicación del enfoque en los procesos según su nivel de importancia en la creación de valor.', 'El enfoque es implementado en los procesos más importantes para la creación de valor, variando en extensión con el 50%.', 'El enfoque se ha implementado en los procesos según su nivel de importancia en la creación de valor.', 'El enfoque está presente en todos los procesos, con especial énfasis en los que agregan valor.', 'El enfoque es aplicado en los procesos más importantes para la creación de valor.'),
(9, 2, 'Ciclo de evaluación y mejoramiento', 'Grado en que se recoge información durante la implementación,  calidad y utilidad de la misma para efectuar acciones correctivas y definir mejoramientos a los procesos claves de la organización o el capítulo', '·     La información presentada es anecdótica y se encuentra desarticulada, no hay evidencias  (hechos y datos) sobre la misma. No se muestran acciones de mejoramiento.', ': La evidencia de un proceso de evaluación y mejoramiento del enfoque es limitada.', 'El proceso de mejoramiento está basado en hechos y datos (acciones específicas realizadas y el registro de las mismas) cubriendo procesos claves  que abarcan la mayoría de los productos y servicios, variando en amplitud y extensión con el 50%.', 'La evaluación está basada en hechos y datos registrados de manera sistemática. Existe un  proceso de mejoramiento basado en hechos y datos como herramienta básica de dirección', 'Existen ciclos sistemáticos de evaluación, la información recogida es consistente, válida, oportuna y se emplea para la evaluación y la definición de acciones de mejoramiento. ', 'El proceso de mejoramiento está basado en hechos y datos (acciones específicas realizadas y el registro de las mismas) cubriendo procesos claves  que abarcan la mayoría de los productos y servicios.'),
(10, 3, 'Pertinencia', 'Grado en que los resultados referidos se relacionan con el proceso o punto del capítulo y alcanzan los objetivos y metas propuestas.', 'Los datos presentados no responden a los factores claves del capítulo.', 'Los logros presentados son parciales y se refieren a unos pocos procesos, factores, productos o servicios que no son los claves para la organización.', 'Los logros se refieren a indicadores pertinentes relacionados con los procesos claves para los requerimientos del capítulo y factores claves del desempeño del negocio, con variaciones hacia arriba o abajo con respecto del 50%.', 'Los resultados referidos se relacionan con el proceso o punto del capítulo y alcanzan  buenos niveles con respecto a los objetivos y metas propuestas.', 'Los resultados se relacionan con el proceso o punto del capítulo y alcanzan los objetivos y metas propuestas.', 'Los logros se refieren a indicadores pertinentes relacionados con los procesos claves para los requerimientos del capítulo y factores claves del desempeño del negocio.'),
(11, 3, 'Consistencia', 'Relación de los resultados como producto de la implementación del enfoque.', 'Sólo existen ejemplos anecdóticos de aspectos poco relevantes y no hay evidencia de que sean resultado de la implementación del enfoque. ', 'Los resultados no se pueden garantizar en su presentación y alcance.', '·        Existe evidencia de que los logros son causados por el enfoque implementado y las acciones de mejoramiento, con variaciones de alcance con respecto del 50%.', 'Los resultados responden a la implementación del enfoque y a las acciones de mejoramiento.', ': Existen evidencias claras de que los logros son causados por los enfoques implementados y las acciones sistemáticas de mejoramiento.', ': Existe evidencia de que los logros son causados por el enfoque implementado.'),
(12, 3, 'Avance de la medición', 'Grado en que la medición responde a una práctica sistemática de la organización en un período de tiempo que le permita su consolidación y existen indicadores definidos para la medición del proceso o punto del capítulo, calidad y pertinencia de los mismos.', 'No existen indicadores que muestren tendencias en la calidad y el desempeño del proceso. La organización se encuentra en una etapa muy temprana de la medición.', 'La organización se encuentra en una etapa media del desarrollo de la medición.', 'Existen indicadores que monitorean los procesos y muestran tendencias positivas de mejoramiento en procesos claves para el capítulo, así como en los productos y servicios por ellas ofrecidos. Algunos procesos reportados pueden estar en etapas  recientes de medición.  Se presentan datos sobre tendencias de mejoramiento en los procesos y factores claves.  Esto varía en extensión con respecto del 50%.', 'Los procesos principales cuentan con mecanismos de medición a través de indicadores.', 'Existen procesos sistemáticos (indicadores) de medición para la mayoría de los procesos y factores claves de la organización.', 'Existen indicadores que monitorean los procesos y muestran tendencias positivas de mejoramiento en procesos claves para el capítulo, así como en los productos y servicios por ellos ofrecidos. Algunos procesos reportados pueden estar en etapas  recientes de medición.  Se presentan datos sobre tendencias de mejoramiento en los procesos y factores claves.'),
(13, 3, 'Tendencia', 'Desempeño de los indicadores en el tiempo.  Puede ser positiva cuando los datos muestran una mejoría general a lo largo del tiempo.', 'No se presentan tendencias de los resultados de los factores claves de desempeño. ', 'Se muestran resultados muy recientes que no permiten tener suficientes bases para establecer tendencias. Algunos indicadores muestran tendencias positivas de mejoramiento.', 'Se presentan tendencias de mejoramiento en los factores claves del desempeño de negocio, variando con respecto del 50%.', 'La mayoría de los indicadores muestran tendencias fuertes de mejoramiento presentes en casi todos los procesos claves, lo cual se refleja en los factores claves, que van de bueno a excelente.', 'Se observa una tendencia positiva y sostenida de mejoramiento de los datos a lo largo del tiempo.', 'Se presentan tendencias de mejoramiento en los factores claves del desempeño de negocio. '),
(14, 3, 'Comparación', 'Grado en que los resultados son comparados con referentes nacionales e internacionales y la calidad de los mismos con respecto de esas comparaciones.', 'Los procesos de la organización no son comparados.', 'No existen prácticas de comparación de los procesos de la organización.', 'Los resultados de procesos y factores claves se pueden comparar con los resultados obtenidos en períodos anteriores, variando con respecto del 50%.', 'La organización  ha realizado ejercicios de comparación de algunos de los indicadores y factores claves con organizaciones líderes en los mismos.', 'Los resultados son comparados con referentes nacionales e internacionales y se ubican en niveles cercanos a las tendencias de clase mundial.', 'Los resultados de procesos y factores claves se pueden comparar con los resultados obtenidos en períodos anteriores o con otras organizaciones.  '),
(15, 4, 'Calificación Global de la Organización', '', '', '', '', '', '', '');

-- --------------------------------------------------------

--
-- Table structure for table `pn_cualitativa`
--

CREATE TABLE IF NOT EXISTS `pn_cualitativa` (
  `id` int(11) NOT NULL AUTO_INCREMENT,
  `id_tipo_formato` int(11) NOT NULL,
  `id_participante` int(11) NOT NULL,
  `id_empleado` int(11) DEFAULT NULL COMMENT 'En Global es NULO',
  `id_capitulo` int(11) DEFAULT NULL,
  `fecha_creacion` timestamp NOT NULL DEFAULT CURRENT_TIMESTAMP ON UPDATE CURRENT_TIMESTAMP,
  `fortalezas` text NOT NULL,
  `oportunidades` text NOT NULL,
  `pendientes_visita` text NOT NULL,
  `vision` text,
  PRIMARY KEY (`id`),
  KEY `id_tipo_formato` (`id_tipo_formato`),
  KEY `id_participante` (`id_participante`),
  KEY `id_empleado` (`id_empleado`),
  KEY `id_capitulo` (`id_capitulo`)
) ENGINE=InnoDB  DEFAULT CHARSET=latin1 AUTO_INCREMENT=163 ;

--
-- Dumping data for table `pn_cualitativa`
--

INSERT INTO `pn_cualitativa` (`id`, `id_tipo_formato`, `id_participante`, `id_empleado`, `id_capitulo`, `fecha_creacion`, `fortalezas`, `oportunidades`, `pendientes_visita`, `vision`) VALUES
(1, 1, 2, 5, NULL, '2013-03-12 12:05:01', '', '', '', ''),
(2, 2, 2, 5, 1, '2013-03-12 12:05:19', '', '', '', ''),
(3, 2, 2, 5, 2, '2013-03-12 12:05:19', '', '', '', ''),
(4, 2, 2, 5, 3, '2013-03-12 12:05:19', '', '', '', ''),
(5, 2, 2, 5, 4, '2013-03-12 12:05:19', '', '', '', ''),
(6, 2, 2, 5, 5, '2013-03-12 12:05:19', '', '', '', ''),
(7, 2, 2, 5, 6, '2013-03-12 12:05:19', '', '', '', ''),
(8, 2, 2, 5, 7, '2013-03-12 12:05:19', '', '', '', ''),
(9, 2, 2, 5, 8, '2013-03-12 12:05:19', '', '', '', ''),
(10, 1, 2, 20, NULL, '2013-03-12 12:07:52', '', '', '', ''),
(11, 2, 2, 20, 1, '2013-03-12 12:08:08', '', '', '', ''),
(12, 2, 2, 20, 2, '2013-03-12 12:08:08', '', '', '', ''),
(13, 2, 2, 20, 3, '2013-03-12 12:08:08', '', '', '', ''),
(14, 2, 2, 20, 4, '2013-03-12 12:08:08', '', '', '', ''),
(15, 2, 2, 20, 5, '2013-03-12 12:08:08', '', '', '', ''),
(16, 2, 2, 20, 6, '2013-03-12 12:08:08', '', '', '', ''),
(17, 2, 2, 20, 7, '2013-03-12 12:08:08', '', '', '', ''),
(18, 2, 2, 20, 8, '2013-03-12 12:08:08', '', '', '', ''),
(19, 6, 2, 5, NULL, '2013-03-12 12:09:55', 'cg2', 'cg3', 'cg4', 'cg1'),
(20, 7, 2, 5, 1, '2013-03-12 12:10:50', '2', '3', '4', '1'),
(21, 7, 2, 5, 2, '2013-03-12 12:10:50', '6', '7', '8', '5'),
(22, 7, 2, 5, 3, '2013-03-12 12:10:50', '0', '1', '2', '9'),
(23, 7, 2, 5, 4, '2013-03-12 12:10:50', '4', '5', '6', '3'),
(24, 7, 2, 5, 5, '2013-03-12 12:10:50', '', '', '', ''),
(25, 7, 2, 5, 6, '2013-03-12 12:10:50', '', '', '', ''),
(26, 7, 2, 5, 7, '2013-03-12 12:10:50', '', '', '', ''),
(27, 7, 2, 5, 8, '2013-03-12 12:10:50', '', '', '', ''),
(31, 1, 14, 66, NULL, '2013-03-12 16:53:18', '', '', '', 'La organización'),
(32, 1, 21, 73, NULL, '2013-03-12 16:53:36', '', '', '', ''),
(33, 1, 16, 68, NULL, '2013-03-12 16:53:44', 'Nfnfjncnd', 'Nwkfdfxn', 'Djhfhhgjhf', 'Jdbbvojdn'),
(34, 1, 15, 67, NULL, '2013-03-12 16:53:47', '', '', '', ''),
(35, 1, 17, 69, NULL, '2013-03-12 16:54:05', 'basada en un pensamiento organiz', 'si bien es cirert', 'veri', 'esta clar'),
(68, 2, 15, 67, 1, '2013-03-12 17:01:21', '', '', '', ''),
(69, 2, 15, 67, 2, '2013-03-12 17:01:21', '', '', '', ''),
(70, 2, 15, 67, 3, '2013-03-12 17:01:21', '', '', '', ''),
(71, 2, 15, 67, 4, '2013-03-12 17:01:21', '', '', '', ''),
(72, 2, 15, 67, 5, '2013-03-12 17:01:21', '', '', '', ''),
(73, 2, 15, 67, 6, '2013-03-12 17:01:21', '', '', '', ''),
(74, 2, 15, 67, 7, '2013-03-12 17:01:21', '', '', '', ''),
(75, 2, 15, 67, 8, '2013-03-12 17:01:21', '', '', '', ''),
(76, 2, 17, 69, 1, '2013-03-12 17:06:11', 'c', 'm', '', 'c'),
(77, 2, 17, 69, 2, '2013-03-12 17:06:11', '', '', '', ''),
(78, 2, 17, 69, 3, '2013-03-12 17:06:11', '', '', '', ''),
(79, 2, 17, 69, 4, '2013-03-12 17:06:11', '', '', '', ''),
(80, 2, 17, 69, 5, '2013-03-12 17:06:11', '', '', '', ''),
(81, 2, 17, 69, 6, '2013-03-12 17:06:11', '', '', '', ''),
(82, 2, 17, 69, 7, '2013-03-12 17:06:11', '', '', '', ''),
(83, 2, 17, 69, 8, '2013-03-12 17:06:11', '', '', '', ''),
(84, 2, 21, 73, 1, '2013-03-12 17:07:05', '', '', '', ''),
(85, 2, 21, 73, 2, '2013-03-12 17:07:05', '', '', '', ''),
(86, 2, 21, 73, 3, '2013-03-12 17:07:05', '', '', '', ''),
(87, 2, 21, 73, 4, '2013-03-12 17:07:05', '', '', '', ''),
(88, 2, 21, 73, 5, '2013-03-12 17:07:05', '', '', '', ''),
(89, 2, 21, 73, 6, '2013-03-12 17:07:05', '', '', '', ''),
(90, 2, 21, 73, 7, '2013-03-12 17:07:05', '', '', '', ''),
(91, 2, 21, 73, 8, '2013-03-12 17:07:05', '', '', '', ''),
(92, 2, 16, 68, 1, '2013-03-12 17:07:05', '', '', '', ''),
(93, 2, 16, 68, 2, '2013-03-12 17:07:05', '', '', '', ''),
(94, 2, 16, 68, 3, '2013-03-12 17:07:05', '', '', '', ''),
(95, 2, 16, 68, 4, '2013-03-12 17:07:05', '', '', '', ''),
(96, 2, 16, 68, 5, '2013-03-12 17:07:05', '', '', '', ''),
(97, 2, 16, 68, 6, '2013-03-12 17:07:05', '', '', '', ''),
(98, 2, 16, 68, 7, '2013-03-12 17:07:05', '', '', '', ''),
(99, 2, 16, 68, 8, '2013-03-12 17:07:05', '', '', '', ''),
(100, 2, 14, 66, 1, '2013-03-12 17:07:21', '', '', '', ''),
(101, 2, 14, 66, 2, '2013-03-12 17:07:21', '', '', '', ''),
(102, 2, 14, 66, 3, '2013-03-12 17:07:21', '', '', '', ''),
(103, 2, 14, 66, 4, '2013-03-12 17:07:21', '', '', '', ''),
(104, 2, 14, 66, 5, '2013-03-12 17:07:21', '', '', '', ''),
(105, 2, 14, 66, 6, '2013-03-12 17:07:21', '', '', '', ''),
(106, 2, 14, 66, 7, '2013-03-12 17:07:21', '', '', '', ''),
(107, 2, 14, 66, 8, '2013-03-12 17:07:21', '', '', '', ''),
(108, 6, 21, 73, NULL, '2013-03-12 17:19:31', '', '', 'Oportunidades de Mejora', ''),
(109, 6, 16, 68, NULL, '2013-03-12 17:19:37', '', '', '', ''),
(110, 6, 15, 67, NULL, '2013-03-12 17:19:47', '', '', '', ''),
(111, 6, 14, 66, NULL, '2013-03-12 17:20:09', '', '', '', ''),
(120, 7, 16, 68, 1, '2013-03-12 17:20:42', '', '', '', ''),
(121, 7, 16, 68, 2, '2013-03-12 17:20:42', '', '', '', ''),
(122, 7, 16, 68, 3, '2013-03-12 17:20:42', '', '', '', ''),
(123, 7, 16, 68, 4, '2013-03-12 17:20:42', '', '', '', ''),
(124, 7, 16, 68, 5, '2013-03-12 17:20:42', '', '', '', ''),
(125, 7, 16, 68, 6, '2013-03-12 17:20:42', '', '', '', ''),
(126, 7, 16, 68, 7, '2013-03-12 17:20:42', '', '', '', ''),
(127, 7, 16, 68, 8, '2013-03-12 17:20:42', '', '', '', ''),
(128, 7, 14, 66, 1, '2013-03-12 17:20:43', '', '', '', ''),
(129, 7, 14, 66, 2, '2013-03-12 17:20:43', '', '', '', ''),
(130, 7, 14, 66, 3, '2013-03-12 17:20:43', '', '', '', ''),
(131, 7, 14, 66, 4, '2013-03-12 17:20:43', '', '', '', ''),
(132, 7, 14, 66, 5, '2013-03-12 17:20:43', '', '', '', ''),
(133, 7, 14, 66, 6, '2013-03-12 17:20:43', '', '', '', ''),
(134, 7, 14, 66, 7, '2013-03-12 17:20:43', '', '', '', ''),
(135, 7, 14, 66, 8, '2013-03-12 17:20:43', '', '', '', ''),
(136, 6, 17, 69, NULL, '2013-03-12 17:23:49', '', '', '', ''),
(137, 7, 21, 73, 1, '2013-03-12 18:43:37', '', '', '', ''),
(138, 7, 21, 73, 2, '2013-03-12 18:43:37', '', '', '', ''),
(139, 7, 21, 73, 3, '2013-03-12 18:43:37', '', '', '', ''),
(140, 7, 21, 73, 4, '2013-03-12 18:43:37', '', '', '', ''),
(141, 7, 21, 73, 5, '2013-03-12 18:43:37', '', '', '', ''),
(142, 7, 21, 73, 6, '2013-03-12 18:43:37', '', '', '', ''),
(143, 7, 21, 73, 7, '2013-03-12 18:43:37', '', '', '', ''),
(144, 7, 21, 73, 8, '2013-03-12 18:43:37', '', '', '', ''),
(154, 1, 22, 75, NULL, '2013-03-14 18:56:22', '', '', '', ''),
(155, 2, 22, 75, 1, '2013-03-14 19:06:05', '', '', '. La organización cuenta con una filosofía o pensamiento, el cual es explícito y compartido a diferentes niveles, y es un referente fundamental para realizar la formulación estratégica y establecer el planteamiento estratégico. Es un enfoque liderado por la alta dirección y con la participación de las áreas claves. La organización conoce su oferta de valor diferenciado y ha iniciado el proceso para establecer los recursos estratégicos para sostenerla en el tiempo. La innovación se considera dentro de la estrategia de la organización, enfocada a productos, servicios y procesos, no de manera integral.', ''),
(156, 2, 22, 75, 2, '2013-03-14 19:06:05', '', '', '', ''),
(157, 2, 22, 75, 3, '2013-03-14 19:06:05', '', '', '', ''),
(158, 2, 22, 75, 4, '2013-03-14 19:06:05', '', '', '', ''),
(159, 2, 22, 75, 5, '2013-03-14 19:06:05', '', '', '', ''),
(160, 2, 22, 75, 6, '2013-03-14 19:06:05', '', '', '', ''),
(161, 2, 22, 75, 7, '2013-03-14 19:06:05', '', '', '', ''),
(162, 2, 22, 75, 8, '2013-03-14 19:06:05', '', '', '', '');

-- --------------------------------------------------------

--
-- Table structure for table `pn_cuantitativa`
--

CREATE TABLE IF NOT EXISTS `pn_cuantitativa` (
  `id` int(11) NOT NULL AUTO_INCREMENT,
  `id_tipo_formato` int(11) NOT NULL,
  `id_participante` int(11) NOT NULL,
  `id_empleado` int(11) NOT NULL,
  `id_sub_capitulo` int(11) NOT NULL,
  `valor` int(11) NOT NULL,
  `total` int(11) NOT NULL,
  `fecha_creacion` timestamp NOT NULL DEFAULT CURRENT_TIMESTAMP ON UPDATE CURRENT_TIMESTAMP,
  PRIMARY KEY (`id`),
  KEY `id_tipo_formato` (`id_tipo_formato`),
  KEY `id_participante` (`id_participante`),
  KEY `id_empleado` (`id_empleado`),
  KEY `id_sub_capitulo` (`id_sub_capitulo`)
) ENGINE=InnoDB  DEFAULT CHARSET=latin1 COMMENT='Total de 0 a 1000, Cada Valor se Multiplica por el Ponderado del SubCapilo' AUTO_INCREMENT=2491 ;

--
-- Dumping data for table `pn_cuantitativa`
--

INSERT INTO `pn_cuantitativa` (`id`, `id_tipo_formato`, `id_participante`, `id_empleado`, `id_sub_capitulo`, `valor`, `total`, `fecha_creacion`) VALUES
(691, 4, 2, 5, 1, 0, 0, '2013-02-13 16:28:20'),
(692, 4, 2, 5, 2, 0, 0, '2013-02-13 16:28:20'),
(693, 4, 2, 5, 3, 0, 0, '2013-02-13 16:28:20'),
(694, 4, 2, 5, 4, 0, 0, '2013-02-13 16:28:20'),
(695, 4, 2, 5, 5, 0, 0, '2013-02-13 16:28:20'),
(696, 4, 2, 5, 6, 0, 0, '2013-02-13 16:28:20'),
(697, 4, 2, 5, 7, 0, 0, '2013-02-13 16:28:20'),
(698, 4, 2, 5, 8, 0, 0, '2013-02-13 16:28:20'),
(699, 4, 2, 5, 9, 0, 0, '2013-02-13 16:28:20'),
(700, 4, 2, 5, 10, 0, 0, '2013-02-13 16:28:20'),
(701, 4, 2, 5, 11, 0, 0, '2013-02-13 16:28:20'),
(702, 4, 2, 5, 12, 0, 0, '2013-02-13 16:28:20'),
(703, 4, 2, 5, 13, 0, 0, '2013-02-13 16:28:20'),
(704, 4, 2, 5, 14, 0, 0, '2013-02-13 16:28:20'),
(705, 4, 2, 5, 15, 0, 0, '2013-02-13 16:28:20'),
(706, 4, 2, 5, 16, 0, 0, '2013-02-13 16:28:20'),
(707, 4, 2, 5, 17, 0, 0, '2013-02-13 16:28:20'),
(708, 4, 2, 5, 18, 0, 0, '2013-02-13 16:28:20'),
(709, 4, 2, 5, 19, 0, 0, '2013-02-13 16:28:20'),
(710, 4, 2, 5, 20, 0, 0, '2013-02-13 16:28:20'),
(711, 4, 2, 5, 21, 0, 0, '2013-02-13 16:28:20'),
(712, 4, 2, 5, 22, 0, 0, '2013-02-13 16:28:20'),
(713, 4, 2, 5, 23, 0, 0, '2013-02-13 16:28:20'),
(714, 4, 2, 5, 25, 0, 0, '2013-02-13 16:28:20'),
(715, 4, 2, 5, 24, 0, 0, '2013-02-13 16:28:20'),
(716, 4, 2, 5, 26, 0, 0, '2013-02-13 16:28:20'),
(717, 4, 2, 5, 27, 0, 0, '2013-02-13 16:28:20'),
(718, 4, 2, 5, 28, 0, 0, '2013-02-13 16:28:20'),
(719, 4, 2, 5, 29, 0, 0, '2013-02-13 16:28:20'),
(720, 4, 2, 5, 30, 0, 0, '2013-02-13 16:28:20'),
(811, 3, 4, 16, 1, 10, 4, '2013-02-22 03:54:08'),
(812, 3, 4, 16, 2, 5, 2, '2013-02-22 03:54:08'),
(813, 3, 4, 16, 3, 10, 4, '2013-02-22 03:54:08'),
(814, 3, 4, 16, 4, 35, 13, '2013-02-22 03:54:08'),
(815, 3, 4, 16, 5, 40, 16, '2013-02-22 03:54:08'),
(816, 3, 4, 16, 6, 45, 18, '2013-02-22 03:54:08'),
(817, 3, 4, 16, 7, 50, 20, '2013-02-22 03:54:08'),
(818, 3, 4, 16, 8, 0, 0, '2013-02-22 03:54:08'),
(819, 3, 4, 16, 9, 0, 0, '2013-02-22 03:54:08'),
(820, 3, 4, 16, 10, 0, 0, '2013-02-22 03:54:08'),
(821, 3, 4, 16, 11, 0, 0, '2013-02-22 03:54:08'),
(822, 3, 4, 16, 12, 0, 0, '2013-02-22 03:54:08'),
(823, 3, 4, 16, 13, 0, 0, '2013-02-22 03:54:08'),
(824, 3, 4, 16, 14, 0, 0, '2013-02-22 03:54:08'),
(825, 3, 4, 16, 15, 0, 0, '2013-02-22 03:54:08'),
(826, 3, 4, 16, 16, 0, 0, '2013-02-22 03:54:08'),
(827, 3, 4, 16, 17, 0, 0, '2013-02-22 03:54:08'),
(828, 3, 4, 16, 18, 0, 0, '2013-02-22 03:54:08'),
(829, 3, 4, 16, 19, 0, 0, '2013-02-22 03:54:08'),
(830, 3, 4, 16, 20, 0, 0, '2013-02-22 03:54:08'),
(831, 3, 4, 16, 21, 0, 0, '2013-02-22 03:54:08'),
(832, 3, 4, 16, 22, 0, 0, '2013-02-22 03:54:08'),
(833, 3, 4, 16, 23, 0, 0, '2013-02-22 03:54:08'),
(834, 3, 4, 16, 25, 0, 0, '2013-02-22 03:54:08'),
(835, 3, 4, 16, 24, 0, 0, '2013-02-22 03:54:08'),
(836, 3, 4, 16, 26, 0, 0, '2013-02-22 03:54:08'),
(837, 3, 4, 16, 27, 0, 0, '2013-02-22 03:54:08'),
(838, 3, 4, 16, 28, 0, 0, '2013-02-22 03:54:08'),
(839, 3, 4, 16, 29, 0, 0, '2013-02-22 03:54:08'),
(840, 3, 4, 16, 30, 0, 0, '2013-02-22 03:54:08'),
(841, 3, 4, 17, 1, 0, 0, '2013-02-22 03:56:14'),
(842, 3, 4, 17, 2, 0, 0, '2013-02-22 03:56:14'),
(843, 3, 4, 17, 3, 0, 0, '2013-02-22 03:56:14'),
(844, 3, 4, 17, 4, 0, 0, '2013-02-22 03:56:14'),
(845, 3, 4, 17, 5, 0, 0, '2013-02-22 03:56:14'),
(846, 3, 4, 17, 6, 0, 0, '2013-02-22 03:56:14'),
(847, 3, 4, 17, 7, 0, 0, '2013-02-22 03:56:14'),
(848, 3, 4, 17, 8, 30, 9, '2013-02-22 03:56:14'),
(849, 3, 4, 17, 9, 35, 7, '2013-02-22 03:56:14'),
(850, 3, 4, 17, 10, 40, 8, '2013-02-22 03:56:14'),
(851, 3, 4, 17, 11, 45, 9, '2013-02-22 03:56:14'),
(852, 3, 4, 17, 12, 50, 15, '2013-02-22 03:56:14'),
(853, 3, 4, 17, 13, 0, 0, '2013-02-22 03:56:14'),
(854, 3, 4, 17, 14, 0, 0, '2013-02-22 03:56:14'),
(855, 3, 4, 17, 15, 0, 0, '2013-02-22 03:56:14'),
(856, 3, 4, 17, 16, 0, 0, '2013-02-22 03:56:14'),
(857, 3, 4, 17, 17, 0, 0, '2013-02-22 03:56:14'),
(858, 3, 4, 17, 18, 0, 0, '2013-02-22 03:56:14'),
(859, 3, 4, 17, 19, 0, 0, '2013-02-22 03:56:14'),
(860, 3, 4, 17, 20, 0, 0, '2013-02-22 03:56:14'),
(861, 3, 4, 17, 21, 0, 0, '2013-02-22 03:56:14'),
(862, 3, 4, 17, 22, 0, 0, '2013-02-22 03:56:14'),
(863, 3, 4, 17, 23, 0, 0, '2013-02-22 03:56:14'),
(864, 3, 4, 17, 25, 0, 0, '2013-02-22 03:56:14'),
(865, 3, 4, 17, 24, 0, 0, '2013-02-22 03:56:14'),
(866, 3, 4, 17, 26, 0, 0, '2013-02-22 03:56:14'),
(867, 3, 4, 17, 27, 0, 0, '2013-02-22 03:56:14'),
(868, 3, 4, 17, 28, 10, 10, '2013-02-22 03:56:14'),
(869, 3, 4, 17, 29, 40, 40, '2013-02-22 03:56:14'),
(870, 3, 4, 17, 30, 70, 70, '2013-02-22 03:56:14'),
(871, 3, 4, 19, 1, 35, 13, '2013-02-22 03:57:31'),
(872, 3, 4, 19, 2, 40, 14, '2013-02-22 03:57:31'),
(873, 3, 4, 19, 3, 45, 16, '2013-02-22 03:57:31'),
(874, 3, 4, 19, 4, 50, 18, '2013-02-22 03:57:31'),
(875, 3, 4, 19, 5, 0, 0, '2013-02-22 03:57:31'),
(876, 3, 4, 19, 6, 0, 0, '2013-02-22 03:57:31'),
(877, 3, 4, 19, 7, 0, 0, '2013-02-22 03:57:31'),
(878, 3, 4, 19, 8, 0, 0, '2013-02-22 03:57:31'),
(879, 3, 4, 19, 9, 0, 0, '2013-02-22 03:57:31'),
(880, 3, 4, 19, 10, 0, 0, '2013-02-22 03:57:31'),
(881, 3, 4, 19, 11, 0, 0, '2013-02-22 03:57:31'),
(882, 3, 4, 19, 12, 0, 0, '2013-02-22 03:57:31'),
(883, 3, 4, 19, 13, 0, 0, '2013-02-22 03:57:31'),
(884, 3, 4, 19, 14, 0, 0, '2013-02-22 03:57:31'),
(885, 3, 4, 19, 15, 0, 0, '2013-02-22 03:57:31'),
(886, 3, 4, 19, 16, 0, 0, '2013-02-22 03:57:31'),
(887, 3, 4, 19, 17, 0, 0, '2013-02-22 03:57:31'),
(888, 3, 4, 19, 18, 0, 0, '2013-02-22 03:57:31'),
(889, 3, 4, 19, 19, 0, 0, '2013-02-22 03:57:31'),
(890, 3, 4, 19, 20, 0, 0, '2013-02-22 03:57:31'),
(891, 3, 4, 19, 21, 0, 0, '2013-02-22 03:57:31'),
(892, 3, 4, 19, 22, 0, 0, '2013-02-22 03:57:31'),
(893, 3, 4, 19, 23, 0, 0, '2013-02-22 03:57:31'),
(894, 3, 4, 19, 25, 10, 2, '2013-02-22 03:57:31'),
(895, 3, 4, 19, 24, 10, 2, '2013-02-22 03:57:31'),
(896, 3, 4, 19, 26, 10, 2, '2013-02-22 03:57:31'),
(897, 3, 4, 19, 27, 10, 2, '2013-02-22 03:57:31'),
(898, 3, 4, 19, 28, 0, 0, '2013-02-22 03:57:31'),
(899, 3, 4, 19, 29, 0, 0, '2013-02-22 03:57:31'),
(900, 3, 4, 19, 30, 0, 0, '2013-02-22 03:57:31'),
(901, 4, 4, 19, 1, 0, 0, '2013-02-22 03:58:13'),
(902, 4, 4, 19, 2, 0, 0, '2013-02-22 03:58:13'),
(903, 4, 4, 19, 3, 0, 0, '2013-02-22 03:58:13'),
(904, 4, 4, 19, 4, 0, 0, '2013-02-22 03:58:13'),
(905, 4, 4, 19, 5, 0, 0, '2013-02-22 03:58:13'),
(906, 4, 4, 19, 6, 0, 0, '2013-02-22 03:58:13'),
(907, 4, 4, 19, 7, 0, 0, '2013-02-22 03:58:13'),
(908, 4, 4, 19, 8, 0, 0, '2013-02-22 03:58:13'),
(909, 4, 4, 19, 9, 0, 0, '2013-02-22 03:58:13'),
(910, 4, 4, 19, 10, 0, 0, '2013-02-22 03:58:13'),
(911, 4, 4, 19, 11, 0, 0, '2013-02-22 03:58:13'),
(912, 4, 4, 19, 12, 0, 0, '2013-02-22 03:58:13'),
(913, 4, 4, 19, 13, 0, 0, '2013-02-22 03:58:13'),
(914, 4, 4, 19, 14, 0, 0, '2013-02-22 03:58:13'),
(915, 4, 4, 19, 15, 0, 0, '2013-02-22 03:58:13'),
(916, 4, 4, 19, 16, 0, 0, '2013-02-22 03:58:13'),
(917, 4, 4, 19, 17, 0, 0, '2013-02-22 03:58:13'),
(918, 4, 4, 19, 18, 0, 0, '2013-02-22 03:58:13'),
(919, 4, 4, 19, 19, 0, 0, '2013-02-22 03:58:13'),
(920, 4, 4, 19, 20, 0, 0, '2013-02-22 03:58:13'),
(921, 4, 4, 19, 21, 0, 0, '2013-02-22 03:58:13'),
(922, 4, 4, 19, 22, 0, 0, '2013-02-22 03:58:13'),
(923, 4, 4, 19, 23, 0, 0, '2013-02-22 03:58:13'),
(924, 4, 4, 19, 25, 0, 0, '2013-02-22 03:58:13'),
(925, 4, 4, 19, 24, 0, 0, '2013-02-22 03:58:13'),
(926, 4, 4, 19, 26, 0, 0, '2013-02-22 03:58:13'),
(927, 4, 4, 19, 27, 0, 0, '2013-02-22 03:58:13'),
(928, 4, 4, 19, 28, 0, 0, '2013-02-22 03:58:13'),
(929, 4, 4, 19, 29, 0, 0, '2013-02-22 03:58:13'),
(930, 4, 4, 19, 30, 0, 0, '2013-02-22 03:58:13'),
(931, 5, 4, 19, 1, 70, 25, '2013-02-22 04:04:43'),
(932, 5, 4, 19, 2, 80, 28, '2013-02-22 04:04:43'),
(933, 5, 4, 19, 3, 70, 25, '2013-02-22 04:04:43'),
(934, 5, 4, 19, 4, 50, 18, '2013-02-22 04:04:43'),
(935, 5, 4, 19, 5, 45, 18, '2013-02-22 04:04:43'),
(936, 5, 4, 19, 6, 70, 28, '2013-02-22 04:04:43'),
(937, 5, 4, 19, 7, 85, 34, '2013-02-22 04:04:43'),
(938, 5, 4, 19, 8, 90, 27, '2013-02-22 04:04:43'),
(939, 5, 4, 19, 9, 30, 6, '2013-02-22 04:04:43'),
(940, 5, 4, 19, 10, 70, 14, '2013-02-22 04:04:43'),
(941, 5, 4, 19, 11, 50, 10, '2013-02-22 04:04:43'),
(942, 5, 4, 19, 12, 45, 14, '2013-02-22 04:04:43'),
(943, 5, 4, 19, 13, 15, 3, '2013-02-22 04:04:43'),
(944, 5, 4, 19, 14, 45, 9, '2013-02-22 04:04:43'),
(945, 5, 4, 19, 15, 50, 10, '2013-02-22 04:04:43'),
(946, 5, 4, 19, 16, 50, 10, '2013-02-22 04:04:43'),
(947, 5, 4, 19, 17, 10, 2, '2013-02-22 04:04:43'),
(948, 5, 4, 19, 18, 70, 14, '2013-02-22 04:04:43'),
(949, 5, 4, 19, 19, 45, 9, '2013-02-22 04:04:43'),
(950, 5, 4, 19, 20, 95, 19, '2013-02-22 04:04:43'),
(951, 5, 4, 19, 21, 10, 3, '2013-02-22 04:04:43'),
(952, 5, 4, 19, 22, 20, 6, '2013-02-22 04:04:43'),
(953, 5, 4, 19, 23, 40, 8, '2013-02-22 04:04:43'),
(954, 5, 4, 19, 25, 45, 9, '2013-02-22 04:04:43'),
(955, 5, 4, 19, 24, 45, 9, '2013-02-22 04:04:43'),
(956, 5, 4, 19, 26, 100, 20, '2013-02-22 04:04:43'),
(957, 5, 4, 19, 27, 95, 19, '2013-02-22 04:04:43'),
(958, 5, 4, 19, 28, 65, 65, '2013-02-22 04:04:43'),
(959, 5, 4, 19, 29, 20, 20, '2013-02-22 04:04:43'),
(960, 5, 4, 19, 30, 75, 75, '2013-02-22 04:04:43'),
(961, 3, 5, 25, 1, 50, 18, '2013-02-22 13:07:59'),
(962, 3, 5, 25, 2, 50, 18, '2013-02-22 13:07:59'),
(963, 3, 5, 25, 3, 50, 18, '2013-02-22 13:07:59'),
(964, 3, 5, 25, 4, 50, 18, '2013-02-22 13:07:59'),
(965, 3, 5, 25, 5, 50, 20, '2013-02-22 13:07:59'),
(966, 3, 5, 25, 6, 50, 20, '2013-02-22 13:07:59'),
(967, 3, 5, 25, 7, 50, 20, '2013-02-22 13:07:59'),
(968, 3, 5, 25, 8, 50, 15, '2013-02-22 13:07:59'),
(969, 3, 5, 25, 9, 50, 10, '2013-02-22 13:07:59'),
(970, 3, 5, 25, 10, 50, 10, '2013-02-22 13:07:59'),
(971, 3, 5, 25, 11, 50, 10, '2013-02-22 13:07:59'),
(972, 3, 5, 25, 12, 50, 15, '2013-02-22 13:07:59'),
(973, 3, 5, 25, 13, 50, 10, '2013-02-22 13:07:59'),
(974, 3, 5, 25, 14, 50, 10, '2013-02-22 13:07:59'),
(975, 3, 5, 25, 15, 50, 10, '2013-02-22 13:07:59'),
(976, 3, 5, 25, 16, 50, 10, '2013-02-22 13:07:59'),
(977, 3, 5, 25, 17, 50, 10, '2013-02-22 13:07:59'),
(978, 3, 5, 25, 18, 50, 10, '2013-02-22 13:07:59'),
(979, 3, 5, 25, 19, 50, 10, '2013-02-22 13:07:59'),
(980, 3, 5, 25, 20, 50, 10, '2013-02-22 13:07:59'),
(981, 3, 5, 25, 21, 50, 15, '2013-02-22 13:07:59'),
(982, 3, 5, 25, 22, 50, 15, '2013-02-22 13:07:59'),
(983, 3, 5, 25, 23, 50, 10, '2013-02-22 13:07:59'),
(984, 3, 5, 25, 25, 50, 10, '2013-02-22 13:07:59'),
(985, 3, 5, 25, 24, 50, 10, '2013-02-22 13:07:59'),
(986, 3, 5, 25, 26, 50, 10, '2013-02-22 13:07:59'),
(987, 3, 5, 25, 27, 50, 10, '2013-02-22 13:07:59'),
(988, 3, 5, 25, 28, 50, 50, '2013-02-22 13:07:59'),
(989, 3, 5, 25, 29, 50, 50, '2013-02-22 13:07:59'),
(990, 3, 5, 25, 30, 50, 50, '2013-02-22 13:07:59'),
(1051, 3, 5, 24, 1, 15, 6, '2013-02-22 13:12:47'),
(1052, 3, 5, 24, 2, 20, 7, '2013-02-22 13:12:47'),
(1053, 3, 5, 24, 3, 10, 4, '2013-02-22 13:12:47'),
(1054, 3, 5, 24, 4, 45, 16, '2013-02-22 13:12:47'),
(1055, 3, 5, 24, 5, 20, 8, '2013-02-22 13:12:47'),
(1056, 3, 5, 24, 6, 15, 6, '2013-02-22 13:12:47'),
(1057, 3, 5, 24, 7, 25, 10, '2013-02-22 13:12:47'),
(1058, 3, 5, 24, 8, 10, 3, '2013-02-22 13:12:47'),
(1059, 3, 5, 24, 9, 15, 3, '2013-02-22 13:12:47'),
(1060, 3, 5, 24, 10, 10, 2, '2013-02-22 13:12:47'),
(1061, 3, 5, 24, 11, 20, 4, '2013-02-22 13:12:47'),
(1062, 3, 5, 24, 12, 55, 17, '2013-02-22 13:12:47'),
(1063, 3, 5, 24, 13, 35, 7, '2013-02-22 13:12:47'),
(1064, 3, 5, 24, 14, 40, 8, '2013-02-22 13:12:47'),
(1065, 3, 5, 24, 15, 30, 6, '2013-02-22 13:12:47'),
(1066, 3, 5, 24, 16, 20, 4, '2013-02-22 13:12:47'),
(1067, 3, 5, 24, 17, 15, 3, '2013-02-22 13:12:47'),
(1068, 3, 5, 24, 18, 15, 3, '2013-02-22 13:12:47'),
(1069, 3, 5, 24, 19, 40, 8, '2013-02-22 13:12:47'),
(1070, 3, 5, 24, 20, 20, 4, '2013-02-22 13:12:47'),
(1071, 3, 5, 24, 21, 25, 8, '2013-02-22 13:12:47'),
(1072, 3, 5, 24, 22, 25, 8, '2013-02-22 13:12:47'),
(1073, 3, 5, 24, 23, 20, 4, '2013-02-22 13:12:47'),
(1074, 3, 5, 24, 25, 15, 3, '2013-02-22 13:12:47'),
(1075, 3, 5, 24, 24, 25, 5, '2013-02-22 13:12:47'),
(1076, 3, 5, 24, 26, 20, 4, '2013-02-22 13:12:47'),
(1077, 3, 5, 24, 27, 20, 4, '2013-02-22 13:12:47'),
(1078, 3, 5, 24, 28, 25, 25, '2013-02-22 13:12:47'),
(1079, 3, 5, 24, 29, 25, 25, '2013-02-22 13:12:47'),
(1080, 3, 5, 24, 30, 20, 20, '2013-02-22 13:12:47'),
(1081, 3, 5, 23, 1, 45, 16, '2013-02-22 13:13:35'),
(1082, 3, 5, 23, 2, 50, 18, '2013-02-22 13:13:35'),
(1083, 3, 5, 23, 3, 70, 25, '2013-02-22 13:13:35'),
(1084, 3, 5, 23, 4, 55, 20, '2013-02-22 13:13:35'),
(1085, 3, 5, 23, 5, 40, 16, '2013-02-22 13:13:35'),
(1086, 3, 5, 23, 6, 75, 30, '2013-02-22 13:13:35'),
(1087, 3, 5, 23, 7, 60, 24, '2013-02-22 13:13:35'),
(1088, 3, 5, 23, 8, 35, 11, '2013-02-22 13:13:35'),
(1089, 3, 5, 23, 9, 55, 11, '2013-02-22 13:13:35'),
(1090, 3, 5, 23, 10, 65, 13, '2013-02-22 13:13:35'),
(1091, 3, 5, 23, 11, 70, 14, '2013-02-22 13:13:35'),
(1092, 3, 5, 23, 12, 60, 18, '2013-02-22 13:13:35'),
(1093, 3, 5, 23, 13, 50, 10, '2013-02-22 13:13:35'),
(1094, 3, 5, 23, 14, 60, 12, '2013-02-22 13:13:35'),
(1095, 3, 5, 23, 15, 65, 13, '2013-02-22 13:13:35'),
(1096, 3, 5, 23, 16, 65, 13, '2013-02-22 13:13:35'),
(1097, 3, 5, 23, 17, 55, 11, '2013-02-22 13:13:35'),
(1098, 3, 5, 23, 18, 40, 8, '2013-02-22 13:13:35'),
(1099, 3, 5, 23, 19, 55, 11, '2013-02-22 13:13:35'),
(1100, 3, 5, 23, 20, 45, 9, '2013-02-22 13:13:35'),
(1101, 3, 5, 23, 21, 40, 12, '2013-02-22 13:13:35'),
(1102, 3, 5, 23, 22, 60, 18, '2013-02-22 13:13:35'),
(1103, 3, 5, 23, 23, 40, 8, '2013-02-22 13:13:35'),
(1104, 3, 5, 23, 25, 60, 12, '2013-02-22 13:13:35'),
(1105, 3, 5, 23, 24, 55, 11, '2013-02-22 13:13:35'),
(1106, 3, 5, 23, 26, 50, 10, '2013-02-22 13:13:35'),
(1107, 3, 5, 23, 27, 60, 12, '2013-02-22 13:13:35'),
(1108, 3, 5, 23, 28, 60, 60, '2013-02-22 13:13:35'),
(1109, 3, 5, 23, 29, 50, 50, '2013-02-22 13:13:35'),
(1110, 3, 5, 23, 30, 25, 25, '2013-02-22 13:13:35'),
(1111, 4, 5, 23, 1, 40, 14, '2013-02-22 13:28:42'),
(1112, 4, 5, 23, 2, 20, 7, '2013-02-22 13:28:42'),
(1113, 4, 5, 23, 3, 45, 16, '2013-02-22 13:28:42'),
(1114, 4, 5, 23, 4, 25, 9, '2013-02-22 13:28:42'),
(1115, 4, 5, 23, 5, 45, 18, '2013-02-22 13:28:42'),
(1116, 4, 5, 23, 6, 55, 22, '2013-02-22 13:28:42'),
(1117, 4, 5, 23, 7, 60, 24, '2013-02-22 13:28:42'),
(1118, 4, 5, 23, 8, 60, 18, '2013-02-22 13:28:42'),
(1119, 4, 5, 23, 9, 60, 12, '2013-02-22 13:28:42'),
(1120, 4, 5, 23, 10, 40, 8, '2013-02-22 13:28:42'),
(1121, 4, 5, 23, 11, 65, 13, '2013-02-22 13:28:42'),
(1122, 4, 5, 23, 12, 50, 15, '2013-02-22 13:28:42'),
(1123, 4, 5, 23, 13, 45, 9, '2013-02-22 13:28:42'),
(1124, 4, 5, 23, 14, 65, 13, '2013-02-22 13:28:42'),
(1125, 4, 5, 23, 15, 65, 13, '2013-02-22 13:28:42'),
(1126, 4, 5, 23, 16, 45, 9, '2013-02-22 13:28:42'),
(1127, 4, 5, 23, 17, 55, 11, '2013-02-22 13:28:42'),
(1128, 4, 5, 23, 18, 55, 11, '2013-02-22 13:28:42'),
(1129, 4, 5, 23, 19, 60, 12, '2013-02-22 13:28:42'),
(1130, 4, 5, 23, 20, 25, 5, '2013-02-22 13:28:42'),
(1131, 4, 5, 23, 21, 50, 15, '2013-02-22 13:28:42'),
(1132, 4, 5, 23, 22, 65, 20, '2013-02-22 13:28:42'),
(1133, 4, 5, 23, 23, 45, 9, '2013-02-22 13:28:42'),
(1134, 4, 5, 23, 25, 35, 7, '2013-02-22 13:28:42'),
(1135, 4, 5, 23, 24, 50, 10, '2013-02-22 13:28:42'),
(1136, 4, 5, 23, 26, 45, 9, '2013-02-22 13:28:42'),
(1137, 4, 5, 23, 27, 75, 15, '2013-02-22 13:28:42'),
(1138, 4, 5, 23, 28, 70, 70, '2013-02-22 13:28:42'),
(1139, 4, 5, 23, 29, 40, 40, '2013-02-22 13:28:42'),
(1140, 4, 5, 23, 30, 45, 45, '2013-02-22 13:28:42'),
(1261, 5, 5, 23, 1, 45, 16, '2013-02-22 15:27:29'),
(1262, 5, 5, 23, 2, 55, 20, '2013-02-22 15:27:29'),
(1263, 5, 5, 23, 3, 65, 23, '2013-02-22 15:27:29'),
(1264, 5, 5, 23, 4, 60, 21, '2013-02-22 15:27:29'),
(1265, 5, 5, 23, 5, 45, 18, '2013-02-22 15:27:29'),
(1266, 5, 5, 23, 6, 45, 18, '2013-02-22 15:27:29'),
(1267, 5, 5, 23, 7, 65, 26, '2013-02-22 15:27:29'),
(1268, 5, 5, 23, 8, 30, 9, '2013-02-22 15:27:29'),
(1269, 5, 5, 23, 9, 50, 10, '2013-02-22 15:27:29'),
(1270, 5, 5, 23, 10, 45, 9, '2013-02-22 15:27:29'),
(1271, 5, 5, 23, 11, 60, 12, '2013-02-22 15:27:29'),
(1272, 5, 5, 23, 12, 40, 12, '2013-02-22 15:27:29'),
(1273, 5, 5, 23, 13, 45, 9, '2013-02-22 15:27:29'),
(1274, 5, 5, 23, 14, 45, 9, '2013-02-22 15:27:29'),
(1275, 5, 5, 23, 15, 50, 10, '2013-02-22 15:27:29'),
(1276, 5, 5, 23, 16, 50, 10, '2013-02-22 15:27:29'),
(1277, 5, 5, 23, 17, 35, 7, '2013-02-22 15:27:29'),
(1278, 5, 5, 23, 18, 60, 12, '2013-02-22 15:27:29'),
(1279, 5, 5, 23, 19, 60, 12, '2013-02-22 15:27:29'),
(1280, 5, 5, 23, 20, 65, 13, '2013-02-22 15:27:29'),
(1281, 5, 5, 23, 21, 30, 9, '2013-02-22 15:27:29'),
(1282, 5, 5, 23, 22, 45, 14, '2013-02-22 15:27:29'),
(1283, 5, 5, 23, 23, 50, 10, '2013-02-22 15:27:29'),
(1284, 5, 5, 23, 25, 30, 6, '2013-02-22 15:27:29'),
(1285, 5, 5, 23, 24, 40, 8, '2013-02-22 15:27:29'),
(1286, 5, 5, 23, 26, 40, 8, '2013-02-22 15:27:29'),
(1287, 5, 5, 23, 27, 65, 13, '2013-02-22 15:27:29'),
(1288, 5, 5, 23, 28, 25, 25, '2013-02-22 15:27:29'),
(1289, 5, 5, 23, 29, 25, 25, '2013-02-22 15:27:29'),
(1290, 5, 5, 23, 30, 60, 60, '2013-02-22 15:27:29'),
(1291, 3, 9, 49, 1, 75, 27, '2013-02-26 15:44:54'),
(1292, 3, 9, 49, 2, 50, 18, '2013-02-26 15:44:54'),
(1293, 3, 9, 49, 3, 50, 18, '2013-02-26 15:44:54'),
(1294, 3, 9, 49, 4, 0, 0, '2013-02-26 15:44:54'),
(1295, 3, 9, 49, 5, 50, 20, '2013-02-26 15:44:54'),
(1296, 3, 9, 49, 6, 50, 20, '2013-02-26 15:44:54'),
(1297, 3, 9, 49, 7, 0, 0, '2013-02-26 15:44:54'),
(1298, 3, 9, 49, 8, 50, 15, '2013-02-26 15:44:54'),
(1299, 3, 9, 49, 9, 50, 10, '2013-02-26 15:44:54'),
(1300, 3, 9, 49, 10, 50, 10, '2013-02-26 15:44:54'),
(1301, 3, 9, 49, 11, 50, 10, '2013-02-26 15:44:54'),
(1302, 3, 9, 49, 12, 50, 15, '2013-02-26 15:44:54'),
(1303, 3, 9, 49, 13, 50, 10, '2013-02-26 15:44:54'),
(1304, 3, 9, 49, 14, 50, 10, '2013-02-26 15:44:54'),
(1305, 3, 9, 49, 15, 50, 10, '2013-02-26 15:44:54'),
(1306, 3, 9, 49, 16, 50, 10, '2013-02-26 15:44:54'),
(1307, 3, 9, 49, 17, 50, 10, '2013-02-26 15:44:54'),
(1308, 3, 9, 49, 18, 50, 10, '2013-02-26 15:44:54'),
(1309, 3, 9, 49, 19, 50, 10, '2013-02-26 15:44:54'),
(1310, 3, 9, 49, 20, 50, 10, '2013-02-26 15:44:54'),
(1311, 3, 9, 49, 21, 50, 15, '2013-02-26 15:44:54'),
(1312, 3, 9, 49, 22, 50, 15, '2013-02-26 15:44:54'),
(1313, 3, 9, 49, 23, 50, 10, '2013-02-26 15:44:54'),
(1314, 3, 9, 49, 25, 50, 10, '2013-02-26 15:44:54'),
(1315, 3, 9, 49, 24, 50, 10, '2013-02-26 15:44:54'),
(1316, 3, 9, 49, 26, 50, 10, '2013-02-26 15:44:54'),
(1317, 3, 9, 49, 27, 50, 10, '2013-02-26 15:44:54'),
(1318, 3, 9, 49, 28, 50, 50, '2013-02-26 15:44:54'),
(1319, 3, 9, 49, 29, 50, 50, '2013-02-26 15:44:54'),
(1320, 3, 9, 49, 30, 50, 50, '2013-02-26 15:44:54'),
(1411, 3, 8, 35, 1, 50, 18, '2013-02-26 15:49:47'),
(1412, 3, 8, 35, 2, 65, 23, '2013-02-26 15:49:47'),
(1413, 3, 8, 35, 3, 100, 35, '2013-02-26 15:49:47'),
(1414, 3, 8, 35, 4, 80, 28, '2013-02-26 15:49:47'),
(1415, 3, 8, 35, 5, 65, 26, '2013-02-26 15:49:47'),
(1416, 3, 8, 35, 6, 95, 38, '2013-02-26 15:49:47'),
(1417, 3, 8, 35, 7, 90, 36, '2013-02-26 15:49:47'),
(1418, 3, 8, 35, 8, 45, 14, '2013-02-26 15:49:47'),
(1419, 3, 8, 35, 9, 35, 7, '2013-02-26 15:49:47'),
(1420, 3, 8, 35, 10, 85, 17, '2013-02-26 15:49:47'),
(1421, 3, 8, 35, 11, 55, 11, '2013-02-26 15:49:47'),
(1422, 3, 8, 35, 12, 60, 18, '2013-02-26 15:49:47'),
(1423, 3, 8, 35, 13, 85, 17, '2013-02-26 15:49:47'),
(1424, 3, 8, 35, 14, 80, 16, '2013-02-26 15:49:47'),
(1425, 3, 8, 35, 15, 80, 16, '2013-02-26 15:49:47'),
(1426, 3, 8, 35, 16, 50, 10, '2013-02-26 15:49:47'),
(1427, 3, 8, 35, 17, 95, 19, '2013-02-26 15:49:47'),
(1428, 3, 8, 35, 18, 85, 17, '2013-02-26 15:49:47'),
(1429, 3, 8, 35, 19, 75, 15, '2013-02-26 15:49:47'),
(1430, 3, 8, 35, 20, 40, 8, '2013-02-26 15:49:47'),
(1431, 3, 8, 35, 21, 80, 24, '2013-02-26 15:49:47'),
(1432, 3, 8, 35, 22, 90, 27, '2013-02-26 15:49:47'),
(1433, 3, 8, 35, 23, 75, 15, '2013-02-26 15:49:47'),
(1434, 3, 8, 35, 25, 65, 13, '2013-02-26 15:49:47'),
(1435, 3, 8, 35, 24, 55, 11, '2013-02-26 15:49:47'),
(1436, 3, 8, 35, 26, 90, 18, '2013-02-26 15:49:47'),
(1437, 3, 8, 35, 27, 95, 19, '2013-02-26 15:49:47'),
(1438, 3, 8, 35, 28, 25, 25, '2013-02-26 15:49:47'),
(1439, 3, 8, 35, 29, 80, 80, '2013-02-26 15:49:47'),
(1440, 3, 8, 35, 30, 80, 80, '2013-02-26 15:49:47'),
(1471, 3, 8, 46, 1, 60, 21, '2013-02-26 15:51:23'),
(1472, 3, 8, 46, 2, 70, 25, '2013-02-26 15:51:23'),
(1473, 3, 8, 46, 3, 60, 21, '2013-02-26 15:51:23'),
(1474, 3, 8, 46, 4, 40, 14, '2013-02-26 15:51:23'),
(1475, 3, 8, 46, 5, 60, 24, '2013-02-26 15:51:23'),
(1476, 3, 8, 46, 6, 65, 26, '2013-02-26 15:51:23'),
(1477, 3, 8, 46, 7, 25, 10, '2013-02-26 15:51:23'),
(1478, 3, 8, 46, 8, 40, 12, '2013-02-26 15:51:23'),
(1479, 3, 8, 46, 9, 60, 12, '2013-02-26 15:51:23'),
(1480, 3, 8, 46, 10, 70, 14, '2013-02-26 15:51:23'),
(1481, 3, 8, 46, 11, 65, 13, '2013-02-26 15:51:23'),
(1482, 3, 8, 46, 12, 70, 21, '2013-02-26 15:51:23'),
(1483, 3, 8, 46, 13, 60, 12, '2013-02-26 15:51:23'),
(1484, 3, 8, 46, 14, 65, 13, '2013-02-26 15:51:23'),
(1485, 3, 8, 46, 15, 70, 14, '2013-02-26 15:51:23'),
(1486, 3, 8, 46, 16, 50, 10, '2013-02-26 15:51:23'),
(1487, 3, 8, 46, 17, 15, 3, '2013-02-26 15:51:23'),
(1488, 3, 8, 46, 18, 5, 1, '2013-02-26 15:51:23'),
(1489, 3, 8, 46, 19, 70, 14, '2013-02-26 15:51:23'),
(1490, 3, 8, 46, 20, 80, 16, '2013-02-26 15:51:23'),
(1491, 3, 8, 46, 21, 80, 24, '2013-02-26 15:51:23'),
(1492, 3, 8, 46, 22, 80, 24, '2013-02-26 15:51:23'),
(1493, 3, 8, 46, 23, 70, 14, '2013-02-26 15:51:23'),
(1494, 3, 8, 46, 25, 55, 11, '2013-02-26 15:51:23'),
(1495, 3, 8, 46, 24, 45, 9, '2013-02-26 15:51:23'),
(1496, 3, 8, 46, 26, 60, 12, '2013-02-26 15:51:23'),
(1497, 3, 8, 46, 27, 40, 8, '2013-02-26 15:51:23'),
(1498, 3, 8, 46, 28, 70, 70, '2013-02-26 15:51:23'),
(1499, 3, 8, 46, 29, 60, 60, '2013-02-26 15:51:23'),
(1500, 3, 8, 46, 30, 55, 55, '2013-02-26 15:51:23'),
(1531, 3, 10, 45, 1, 45, 16, '2013-02-26 16:05:12'),
(1532, 3, 10, 45, 2, 60, 21, '2013-02-26 16:05:12'),
(1533, 3, 10, 45, 3, 45, 16, '2013-02-26 16:05:12'),
(1534, 3, 10, 45, 4, 40, 14, '2013-02-26 16:05:12'),
(1535, 3, 10, 45, 5, 45, 18, '2013-02-26 16:05:12'),
(1536, 3, 10, 45, 6, 55, 22, '2013-02-26 16:05:12'),
(1537, 3, 10, 45, 7, 55, 22, '2013-02-26 16:05:12'),
(1538, 3, 10, 45, 8, 45, 14, '2013-02-26 16:05:12'),
(1539, 3, 10, 45, 9, 50, 10, '2013-02-26 16:05:12'),
(1540, 3, 10, 45, 10, 55, 11, '2013-02-26 16:05:12'),
(1541, 3, 10, 45, 11, 45, 9, '2013-02-26 16:05:12'),
(1542, 3, 10, 45, 12, 50, 15, '2013-02-26 16:05:12'),
(1543, 3, 10, 45, 13, 40, 8, '2013-02-26 16:05:12'),
(1544, 3, 10, 45, 14, 45, 9, '2013-02-26 16:05:12'),
(1545, 3, 10, 45, 15, 35, 7, '2013-02-26 16:05:12'),
(1546, 3, 10, 45, 16, 45, 9, '2013-02-26 16:05:12'),
(1547, 3, 10, 45, 17, 50, 10, '2013-02-26 16:05:12'),
(1548, 3, 10, 45, 18, 35, 7, '2013-02-26 16:05:12'),
(1549, 3, 10, 45, 19, 45, 9, '2013-02-26 16:05:12'),
(1550, 3, 10, 45, 20, 50, 10, '2013-02-26 16:05:12'),
(1551, 3, 10, 45, 21, 55, 17, '2013-02-26 16:05:12'),
(1552, 3, 10, 45, 22, 45, 14, '2013-02-26 16:05:12'),
(1553, 3, 10, 45, 23, 60, 12, '2013-02-26 16:05:12'),
(1554, 3, 10, 45, 25, 50, 10, '2013-02-26 16:05:12'),
(1555, 3, 10, 45, 24, 40, 8, '2013-02-26 16:05:12'),
(1556, 3, 10, 45, 26, 45, 9, '2013-02-26 16:05:12'),
(1557, 3, 10, 45, 27, 45, 9, '2013-02-26 16:05:12'),
(1558, 3, 10, 45, 28, 50, 50, '2013-02-26 16:05:12'),
(1559, 3, 10, 45, 29, 60, 60, '2013-02-26 16:05:12'),
(1560, 3, 10, 45, 30, 65, 65, '2013-02-26 16:05:12'),
(1591, 3, 9, 43, 1, 65, 23, '2013-02-26 16:10:44'),
(1592, 3, 9, 43, 2, 55, 20, '2013-02-26 16:10:44'),
(1593, 3, 9, 43, 3, 45, 16, '2013-02-26 16:10:44'),
(1594, 3, 9, 43, 4, 40, 14, '2013-02-26 16:10:44'),
(1595, 3, 9, 43, 5, 30, 12, '2013-02-26 16:10:44'),
(1596, 3, 9, 43, 6, 60, 24, '2013-02-26 16:10:44'),
(1597, 3, 9, 43, 7, 50, 20, '2013-02-26 16:10:44'),
(1598, 3, 9, 43, 8, 0, 0, '2013-02-26 16:10:44'),
(1599, 3, 9, 43, 9, 0, 0, '2013-02-26 16:10:44'),
(1600, 3, 9, 43, 10, 0, 0, '2013-02-26 16:10:44'),
(1601, 3, 9, 43, 11, 0, 0, '2013-02-26 16:10:44'),
(1602, 3, 9, 43, 12, 0, 0, '2013-02-26 16:10:44'),
(1603, 3, 9, 43, 13, 40, 8, '2013-02-26 16:10:44'),
(1604, 3, 9, 43, 14, 80, 16, '2013-02-26 16:10:44'),
(1605, 3, 9, 43, 15, 55, 11, '2013-02-26 16:10:44'),
(1606, 3, 9, 43, 16, 20, 4, '2013-02-26 16:10:44'),
(1607, 3, 9, 43, 17, 40, 8, '2013-02-26 16:10:44'),
(1608, 3, 9, 43, 18, 65, 13, '2013-02-26 16:10:44'),
(1609, 3, 9, 43, 19, 25, 5, '2013-02-26 16:10:44'),
(1610, 3, 9, 43, 20, 60, 12, '2013-02-26 16:10:44'),
(1611, 3, 9, 43, 21, 30, 9, '2013-02-26 16:10:44'),
(1612, 3, 9, 43, 22, 60, 18, '2013-02-26 16:10:44'),
(1613, 3, 9, 43, 23, 55, 11, '2013-02-26 16:10:44'),
(1614, 3, 9, 43, 25, 60, 12, '2013-02-26 16:10:44'),
(1615, 3, 9, 43, 24, 60, 12, '2013-02-26 16:10:44'),
(1616, 3, 9, 43, 26, 50, 10, '2013-02-26 16:10:44'),
(1617, 3, 9, 43, 27, 50, 10, '2013-02-26 16:10:44'),
(1618, 3, 9, 43, 28, 50, 50, '2013-02-26 16:10:44'),
(1619, 3, 9, 43, 29, 70, 70, '2013-02-26 16:10:44'),
(1620, 3, 9, 43, 30, 60, 60, '2013-02-26 16:10:44'),
(1651, 4, 9, 49, 1, 65, 23, '2013-02-26 16:17:19'),
(1652, 4, 9, 49, 2, 55, 20, '2013-02-26 16:17:19'),
(1653, 4, 9, 49, 3, 50, 18, '2013-02-26 16:17:19'),
(1654, 4, 9, 49, 4, 35, 13, '2013-02-26 16:17:19'),
(1655, 4, 9, 49, 5, 45, 18, '2013-02-26 16:17:19'),
(1656, 4, 9, 49, 6, 40, 16, '2013-02-26 16:17:19'),
(1657, 4, 9, 49, 7, 40, 16, '2013-02-26 16:17:19'),
(1658, 4, 9, 49, 8, 45, 14, '2013-02-26 16:17:19'),
(1659, 4, 9, 49, 9, 40, 8, '2013-02-26 16:17:19'),
(1660, 4, 9, 49, 10, 40, 8, '2013-02-26 16:17:19'),
(1661, 4, 9, 49, 11, 50, 10, '2013-02-26 16:17:19'),
(1662, 4, 9, 49, 12, 55, 17, '2013-02-26 16:17:19'),
(1663, 4, 9, 49, 13, 60, 12, '2013-02-26 16:17:19'),
(1664, 4, 9, 49, 14, 45, 9, '2013-02-26 16:17:19'),
(1665, 4, 9, 49, 15, 65, 13, '2013-02-26 16:17:19'),
(1666, 4, 9, 49, 16, 65, 13, '2013-02-26 16:17:19'),
(1667, 4, 9, 49, 17, 40, 8, '2013-02-26 16:17:19'),
(1668, 4, 9, 49, 18, 60, 12, '2013-02-26 16:17:19'),
(1669, 4, 9, 49, 19, 55, 11, '2013-02-26 16:17:19'),
(1670, 4, 9, 49, 20, 60, 12, '2013-02-26 16:17:19'),
(1671, 4, 9, 49, 21, 55, 17, '2013-02-26 16:17:19'),
(1672, 4, 9, 49, 22, 45, 14, '2013-02-26 16:17:19'),
(1673, 4, 9, 49, 23, 65, 13, '2013-02-26 16:17:19'),
(1674, 4, 9, 49, 25, 55, 11, '2013-02-26 16:17:19'),
(1675, 4, 9, 49, 24, 55, 11, '2013-02-26 16:17:19'),
(1676, 4, 9, 49, 26, 55, 11, '2013-02-26 16:17:19'),
(1677, 4, 9, 49, 27, 65, 13, '2013-02-26 16:17:19'),
(1678, 4, 9, 49, 28, 55, 55, '2013-02-26 16:17:19'),
(1679, 4, 9, 49, 29, 55, 55, '2013-02-26 16:17:19'),
(1680, 4, 9, 49, 30, 60, 60, '2013-02-26 16:17:19'),
(1681, 5, 9, 49, 1, 45, 16, '2013-02-26 16:36:31'),
(1682, 5, 9, 49, 2, 60, 21, '2013-02-26 16:36:31'),
(1683, 5, 9, 49, 3, 60, 21, '2013-02-26 16:36:31'),
(1684, 5, 9, 49, 4, 55, 20, '2013-02-26 16:36:31'),
(1685, 5, 9, 49, 5, 55, 22, '2013-02-26 16:36:31'),
(1686, 5, 9, 49, 6, 50, 20, '2013-02-26 16:36:31'),
(1687, 5, 9, 49, 7, 70, 28, '2013-02-26 16:36:31'),
(1688, 5, 9, 49, 8, 65, 20, '2013-02-26 16:36:31'),
(1689, 5, 9, 49, 9, 65, 13, '2013-02-26 16:36:31'),
(1690, 5, 9, 49, 10, 65, 13, '2013-02-26 16:36:31'),
(1691, 5, 9, 49, 11, 60, 12, '2013-02-26 16:36:31'),
(1692, 5, 9, 49, 12, 65, 20, '2013-02-26 16:36:31'),
(1693, 5, 9, 49, 13, 60, 12, '2013-02-26 16:36:31'),
(1694, 5, 9, 49, 14, 40, 8, '2013-02-26 16:36:31'),
(1695, 5, 9, 49, 15, 55, 11, '2013-02-26 16:36:31'),
(1696, 5, 9, 49, 16, 45, 9, '2013-02-26 16:36:31'),
(1697, 5, 9, 49, 17, 45, 9, '2013-02-26 16:36:31'),
(1698, 5, 9, 49, 18, 50, 10, '2013-02-26 16:36:31'),
(1699, 5, 9, 49, 19, 65, 13, '2013-02-26 16:36:31'),
(1700, 5, 9, 49, 20, 70, 14, '2013-02-26 16:36:31'),
(1701, 5, 9, 49, 21, 65, 20, '2013-02-26 16:36:31'),
(1702, 5, 9, 49, 22, 60, 18, '2013-02-26 16:36:31'),
(1703, 5, 9, 49, 23, 50, 10, '2013-02-26 16:36:31'),
(1704, 5, 9, 49, 25, 55, 11, '2013-02-26 16:36:31'),
(1705, 5, 9, 49, 24, 50, 10, '2013-02-26 16:36:31'),
(1706, 5, 9, 49, 26, 60, 12, '2013-02-26 16:36:31'),
(1707, 5, 9, 49, 27, 55, 11, '2013-02-26 16:36:31'),
(1708, 5, 9, 49, 28, 70, 70, '2013-02-26 16:36:31'),
(1709, 5, 9, 49, 29, 80, 80, '2013-02-26 16:36:31'),
(1710, 5, 9, 49, 30, 55, 55, '2013-02-26 16:36:31'),
(1711, 4, 10, 45, 1, 45, 16, '2013-02-26 16:38:15'),
(1712, 4, 10, 45, 2, 60, 21, '2013-02-26 16:38:15'),
(1713, 4, 10, 45, 3, 45, 16, '2013-02-26 16:38:15'),
(1714, 4, 10, 45, 4, 40, 14, '2013-02-26 16:38:15'),
(1715, 4, 10, 45, 5, 45, 18, '2013-02-26 16:38:15'),
(1716, 4, 10, 45, 6, 55, 22, '2013-02-26 16:38:15'),
(1717, 4, 10, 45, 7, 55, 22, '2013-02-26 16:38:15'),
(1718, 4, 10, 45, 8, 45, 14, '2013-02-26 16:38:15'),
(1719, 4, 10, 45, 9, 50, 10, '2013-02-26 16:38:15'),
(1720, 4, 10, 45, 10, 55, 11, '2013-02-26 16:38:15'),
(1721, 4, 10, 45, 11, 45, 9, '2013-02-26 16:38:15'),
(1722, 4, 10, 45, 12, 50, 15, '2013-02-26 16:38:15'),
(1723, 4, 10, 45, 13, 40, 8, '2013-02-26 16:38:15'),
(1724, 4, 10, 45, 14, 45, 9, '2013-02-26 16:38:15'),
(1725, 4, 10, 45, 15, 35, 7, '2013-02-26 16:38:15'),
(1726, 4, 10, 45, 16, 45, 9, '2013-02-26 16:38:15'),
(1727, 4, 10, 45, 17, 50, 10, '2013-02-26 16:38:15'),
(1728, 4, 10, 45, 18, 35, 7, '2013-02-26 16:38:15'),
(1729, 4, 10, 45, 19, 45, 9, '2013-02-26 16:38:15'),
(1730, 4, 10, 45, 20, 50, 10, '2013-02-26 16:38:15'),
(1731, 4, 10, 45, 21, 55, 17, '2013-02-26 16:38:15'),
(1732, 4, 10, 45, 22, 45, 14, '2013-02-26 16:38:15'),
(1733, 4, 10, 45, 23, 60, 12, '2013-02-26 16:38:15'),
(1734, 4, 10, 45, 25, 50, 10, '2013-02-26 16:38:15'),
(1735, 4, 10, 45, 24, 40, 8, '2013-02-26 16:38:15'),
(1736, 4, 10, 45, 26, 45, 9, '2013-02-26 16:38:15'),
(1737, 4, 10, 45, 27, 45, 9, '2013-02-26 16:38:15'),
(1738, 4, 10, 45, 28, 50, 50, '2013-02-26 16:38:15'),
(1739, 4, 10, 45, 29, 60, 60, '2013-02-26 16:38:15'),
(1740, 4, 10, 45, 30, 65, 65, '2013-02-26 16:38:15'),
(1771, 5, 10, 45, 1, 25, 9, '2013-02-26 16:54:01'),
(1772, 5, 10, 45, 2, 40, 14, '2013-02-26 16:54:01'),
(1773, 5, 10, 45, 3, 20, 7, '2013-02-26 16:54:01'),
(1774, 5, 10, 45, 4, 15, 6, '2013-02-26 16:54:01'),
(1775, 5, 10, 45, 5, 40, 16, '2013-02-26 16:54:01'),
(1776, 5, 10, 45, 6, 45, 18, '2013-02-26 16:54:01'),
(1777, 5, 10, 45, 7, 50, 20, '2013-02-26 16:54:01'),
(1778, 5, 10, 45, 8, 30, 9, '2013-02-26 16:54:01'),
(1779, 5, 10, 45, 9, 15, 3, '2013-02-26 16:54:01'),
(1780, 5, 10, 45, 10, 0, 0, '2013-02-26 16:54:01'),
(1781, 5, 10, 45, 11, 35, 7, '2013-02-26 16:54:01'),
(1782, 5, 10, 45, 12, 30, 9, '2013-02-26 16:54:01'),
(1783, 5, 10, 45, 13, 25, 5, '2013-02-26 16:54:01'),
(1784, 5, 10, 45, 14, 15, 3, '2013-02-26 16:54:01'),
(1785, 5, 10, 45, 15, 20, 4, '2013-02-26 16:54:01'),
(1786, 5, 10, 45, 16, 25, 5, '2013-02-26 16:54:01'),
(1787, 5, 10, 45, 17, 45, 9, '2013-02-26 16:54:01'),
(1788, 5, 10, 45, 18, 40, 8, '2013-02-26 16:54:01'),
(1789, 5, 10, 45, 19, 35, 7, '2013-02-26 16:54:01'),
(1790, 5, 10, 45, 20, 40, 8, '2013-02-26 16:54:01'),
(1791, 5, 10, 45, 21, 35, 11, '2013-02-26 16:54:01'),
(1792, 5, 10, 45, 22, 40, 12, '2013-02-26 16:54:01'),
(1793, 5, 10, 45, 23, 30, 6, '2013-02-26 16:54:01'),
(1794, 5, 10, 45, 25, 20, 4, '2013-02-26 16:54:01'),
(1795, 5, 10, 45, 24, 25, 5, '2013-02-26 16:54:01'),
(1796, 5, 10, 45, 26, 30, 6, '2013-02-26 16:54:01'),
(1797, 5, 10, 45, 27, 35, 7, '2013-02-26 16:54:01'),
(1798, 5, 10, 45, 28, 45, 45, '2013-02-26 16:54:01'),
(1799, 5, 10, 45, 29, 50, 50, '2013-02-26 16:54:01'),
(1800, 5, 10, 45, 30, 25, 25, '2013-02-26 16:54:01'),
(1891, 3, 3, 8, 1, 30, 11, '2013-02-27 00:42:53'),
(1892, 3, 3, 8, 2, 35, 13, '2013-02-27 00:42:53'),
(1893, 3, 3, 8, 3, 15, 6, '2013-02-27 00:42:53'),
(1894, 3, 3, 8, 4, 100, 35, '2013-02-27 00:42:53'),
(1895, 3, 3, 8, 5, 0, 0, '2013-02-27 00:42:53'),
(1896, 3, 3, 8, 6, 0, 0, '2013-02-27 00:42:53'),
(1897, 3, 3, 8, 7, 0, 0, '2013-02-27 00:42:53'),
(1898, 3, 3, 8, 8, 0, 0, '2013-02-27 00:42:53'),
(1899, 3, 3, 8, 9, 0, 0, '2013-02-27 00:42:53'),
(1900, 3, 3, 8, 10, 0, 0, '2013-02-27 00:42:53'),
(1901, 3, 3, 8, 11, 0, 0, '2013-02-27 00:42:53'),
(1902, 3, 3, 8, 12, 0, 0, '2013-02-27 00:42:53'),
(1903, 3, 3, 8, 13, 0, 0, '2013-02-27 00:42:53'),
(1904, 3, 3, 8, 14, 0, 0, '2013-02-27 00:42:53'),
(1905, 3, 3, 8, 15, 0, 0, '2013-02-27 00:42:53'),
(1906, 3, 3, 8, 16, 0, 0, '2013-02-27 00:42:53'),
(1907, 3, 3, 8, 17, 0, 0, '2013-02-27 00:42:53'),
(1908, 3, 3, 8, 18, 0, 0, '2013-02-27 00:42:53'),
(1909, 3, 3, 8, 19, 0, 0, '2013-02-27 00:42:53'),
(1910, 3, 3, 8, 20, 0, 0, '2013-02-27 00:42:53'),
(1911, 3, 3, 8, 21, 0, 0, '2013-02-27 00:42:53'),
(1912, 3, 3, 8, 22, 0, 0, '2013-02-27 00:42:53'),
(1913, 3, 3, 8, 23, 0, 0, '2013-02-27 00:42:53'),
(1914, 3, 3, 8, 25, 0, 0, '2013-02-27 00:42:53'),
(1915, 3, 3, 8, 24, 0, 0, '2013-02-27 00:42:53'),
(1916, 3, 3, 8, 26, 0, 0, '2013-02-27 00:42:53'),
(1917, 3, 3, 8, 27, 0, 0, '2013-02-27 00:42:53'),
(1918, 3, 3, 8, 28, 0, 0, '2013-02-27 00:42:53'),
(1919, 3, 3, 8, 29, 0, 0, '2013-02-27 00:42:53'),
(1920, 3, 3, 8, 30, 0, 0, '2013-02-27 00:42:53'),
(1921, 3, 2, 5, 1, 85, 30, '2013-03-12 12:07:25'),
(1922, 3, 2, 5, 2, 70, 25, '2013-03-12 12:07:25'),
(1923, 3, 2, 5, 3, 0, 0, '2013-03-12 12:07:25'),
(1924, 3, 2, 5, 4, 0, 0, '2013-03-12 12:07:25'),
(1925, 3, 2, 5, 5, 0, 0, '2013-03-12 12:07:25'),
(1926, 3, 2, 5, 6, 0, 0, '2013-03-12 12:07:25'),
(1927, 3, 2, 5, 7, 0, 0, '2013-03-12 12:07:25'),
(1928, 3, 2, 5, 8, 0, 0, '2013-03-12 12:07:25'),
(1929, 3, 2, 5, 9, 0, 0, '2013-03-12 12:07:25'),
(1930, 3, 2, 5, 10, 0, 0, '2013-03-12 12:07:25'),
(1931, 3, 2, 5, 11, 0, 0, '2013-03-12 12:07:25'),
(1932, 3, 2, 5, 12, 0, 0, '2013-03-12 12:07:25'),
(1933, 3, 2, 5, 13, 0, 0, '2013-03-12 12:07:25'),
(1934, 3, 2, 5, 14, 0, 0, '2013-03-12 12:07:25'),
(1935, 3, 2, 5, 15, 0, 0, '2013-03-12 12:07:25'),
(1936, 3, 2, 5, 16, 0, 0, '2013-03-12 12:07:25'),
(1937, 3, 2, 5, 17, 0, 0, '2013-03-12 12:07:25'),
(1938, 3, 2, 5, 18, 0, 0, '2013-03-12 12:07:25'),
(1939, 3, 2, 5, 19, 0, 0, '2013-03-12 12:07:25'),
(1940, 3, 2, 5, 20, 0, 0, '2013-03-12 12:07:25'),
(1941, 3, 2, 5, 21, 0, 0, '2013-03-12 12:07:25'),
(1942, 3, 2, 5, 22, 0, 0, '2013-03-12 12:07:25'),
(1943, 3, 2, 5, 23, 0, 0, '2013-03-12 12:07:25'),
(1944, 3, 2, 5, 25, 0, 0, '2013-03-12 12:07:25'),
(1945, 3, 2, 5, 24, 0, 0, '2013-03-12 12:07:25'),
(1946, 3, 2, 5, 26, 0, 0, '2013-03-12 12:07:25'),
(1947, 3, 2, 5, 27, 0, 0, '2013-03-12 12:07:25'),
(1948, 3, 2, 5, 28, 0, 0, '2013-03-12 12:07:25'),
(1949, 3, 2, 5, 29, 0, 0, '2013-03-12 12:07:25'),
(1950, 3, 2, 5, 30, 0, 0, '2013-03-12 12:07:25'),
(1951, 3, 2, 20, 1, 60, 21, '2013-03-12 12:08:43'),
(1952, 3, 2, 20, 2, 70, 25, '2013-03-12 12:08:43'),
(1953, 3, 2, 20, 3, 60, 21, '2013-03-12 12:08:43'),
(1954, 3, 2, 20, 4, 70, 25, '2013-03-12 12:08:43'),
(1955, 3, 2, 20, 5, 60, 24, '2013-03-12 12:08:43'),
(1956, 3, 2, 20, 6, 70, 28, '2013-03-12 12:08:43'),
(1957, 3, 2, 20, 7, 60, 24, '2013-03-12 12:08:43'),
(1958, 3, 2, 20, 8, 70, 21, '2013-03-12 12:08:43'),
(1959, 3, 2, 20, 9, 60, 12, '2013-03-12 12:08:43'),
(1960, 3, 2, 20, 10, 70, 14, '2013-03-12 12:08:43'),
(1961, 3, 2, 20, 11, 60, 12, '2013-03-12 12:08:43'),
(1962, 3, 2, 20, 12, 70, 21, '2013-03-12 12:08:43'),
(1963, 3, 2, 20, 13, 60, 12, '2013-03-12 12:08:43'),
(1964, 3, 2, 20, 14, 70, 14, '2013-03-12 12:08:43'),
(1965, 3, 2, 20, 15, 60, 12, '2013-03-12 12:08:43'),
(1966, 3, 2, 20, 16, 70, 14, '2013-03-12 12:08:43'),
(1967, 3, 2, 20, 17, 60, 12, '2013-03-12 12:08:43'),
(1968, 3, 2, 20, 18, 70, 14, '2013-03-12 12:08:43'),
(1969, 3, 2, 20, 19, 60, 12, '2013-03-12 12:08:43'),
(1970, 3, 2, 20, 20, 70, 14, '2013-03-12 12:08:43'),
(1971, 3, 2, 20, 21, 60, 18, '2013-03-12 12:08:43'),
(1972, 3, 2, 20, 22, 70, 21, '2013-03-12 12:08:43'),
(1973, 3, 2, 20, 23, 60, 12, '2013-03-12 12:08:43'),
(1974, 3, 2, 20, 25, 70, 14, '2013-03-12 12:08:43'),
(1975, 3, 2, 20, 24, 60, 12, '2013-03-12 12:08:43'),
(1976, 3, 2, 20, 26, 70, 14, '2013-03-12 12:08:43'),
(1977, 3, 2, 20, 27, 60, 12, '2013-03-12 12:08:43'),
(1978, 3, 2, 20, 28, 70, 70, '2013-03-12 12:08:43'),
(1979, 3, 2, 20, 29, 60, 60, '2013-03-12 12:08:43'),
(1980, 3, 2, 20, 30, 70, 70, '2013-03-12 12:08:43'),
(2011, 3, 17, 69, 1, 0, 0, '2013-03-12 17:11:01'),
(2012, 3, 17, 69, 2, 0, 0, '2013-03-12 17:11:01'),
(2013, 3, 17, 69, 3, 20, 7, '2013-03-12 17:11:01'),
(2014, 3, 17, 69, 4, 0, 0, '2013-03-12 17:11:01'),
(2015, 3, 17, 69, 5, 0, 0, '2013-03-12 17:11:01'),
(2016, 3, 17, 69, 6, 0, 0, '2013-03-12 17:11:01'),
(2017, 3, 17, 69, 7, 0, 0, '2013-03-12 17:11:01'),
(2018, 3, 17, 69, 8, 0, 0, '2013-03-12 17:11:01'),
(2019, 3, 17, 69, 9, 0, 0, '2013-03-12 17:11:01'),
(2020, 3, 17, 69, 10, 0, 0, '2013-03-12 17:11:01'),
(2021, 3, 17, 69, 11, 0, 0, '2013-03-12 17:11:01'),
(2022, 3, 17, 69, 12, 0, 0, '2013-03-12 17:11:01'),
(2023, 3, 17, 69, 13, 0, 0, '2013-03-12 17:11:01'),
(2024, 3, 17, 69, 14, 0, 0, '2013-03-12 17:11:01'),
(2025, 3, 17, 69, 15, 0, 0, '2013-03-12 17:11:01'),
(2026, 3, 17, 69, 16, 0, 0, '2013-03-12 17:11:01'),
(2027, 3, 17, 69, 17, 0, 0, '2013-03-12 17:11:01'),
(2028, 3, 17, 69, 18, 0, 0, '2013-03-12 17:11:01'),
(2029, 3, 17, 69, 19, 0, 0, '2013-03-12 17:11:01'),
(2030, 3, 17, 69, 20, 0, 0, '2013-03-12 17:11:01'),
(2031, 3, 17, 69, 21, 0, 0, '2013-03-12 17:11:01'),
(2032, 3, 17, 69, 22, 0, 0, '2013-03-12 17:11:01'),
(2033, 3, 17, 69, 23, 0, 0, '2013-03-12 17:11:01'),
(2034, 3, 17, 69, 25, 0, 0, '2013-03-12 17:11:01'),
(2035, 3, 17, 69, 24, 0, 0, '2013-03-12 17:11:01'),
(2036, 3, 17, 69, 26, 0, 0, '2013-03-12 17:11:01'),
(2037, 3, 17, 69, 27, 0, 0, '2013-03-12 17:11:01'),
(2038, 3, 17, 69, 28, 0, 0, '2013-03-12 17:11:01'),
(2039, 3, 17, 69, 29, 0, 0, '2013-03-12 17:11:01'),
(2040, 3, 17, 69, 30, 0, 0, '2013-03-12 17:11:01'),
(2041, 3, 21, 73, 1, 100, 35, '2013-03-12 17:11:04'),
(2042, 3, 21, 73, 2, 10, 4, '2013-03-12 17:11:04'),
(2043, 3, 21, 73, 3, 40, 14, '2013-03-12 17:11:04'),
(2044, 3, 21, 73, 4, 20, 7, '2013-03-12 17:11:04'),
(2045, 3, 21, 73, 5, 35, 14, '2013-03-12 17:11:04'),
(2046, 3, 21, 73, 6, 45, 18, '2013-03-12 17:11:04'),
(2047, 3, 21, 73, 7, 100, 40, '2013-03-12 17:11:04'),
(2048, 3, 21, 73, 8, 30, 9, '2013-03-12 17:11:04'),
(2049, 3, 21, 73, 9, 25, 5, '2013-03-12 17:11:04'),
(2050, 3, 21, 73, 10, 35, 7, '2013-03-12 17:11:04'),
(2051, 3, 21, 73, 11, 50, 10, '2013-03-12 17:11:04'),
(2052, 3, 21, 73, 12, 95, 29, '2013-03-12 17:11:04'),
(2053, 3, 21, 73, 13, 25, 5, '2013-03-12 17:11:04'),
(2054, 3, 21, 73, 14, 30, 6, '2013-03-12 17:11:04'),
(2055, 3, 21, 73, 15, 25, 5, '2013-03-12 17:11:04'),
(2056, 3, 21, 73, 16, 0, 0, '2013-03-12 17:11:04'),
(2057, 3, 21, 73, 17, 0, 0, '2013-03-12 17:11:04'),
(2058, 3, 21, 73, 18, 0, 0, '2013-03-12 17:11:04'),
(2059, 3, 21, 73, 19, 0, 0, '2013-03-12 17:11:04'),
(2060, 3, 21, 73, 20, 0, 0, '2013-03-12 17:11:04'),
(2061, 3, 21, 73, 21, 0, 0, '2013-03-12 17:11:04'),
(2062, 3, 21, 73, 22, 0, 0, '2013-03-12 17:11:04'),
(2063, 3, 21, 73, 23, 0, 0, '2013-03-12 17:11:04'),
(2064, 3, 21, 73, 25, 0, 0, '2013-03-12 17:11:04'),
(2065, 3, 21, 73, 24, 0, 0, '2013-03-12 17:11:04'),
(2066, 3, 21, 73, 26, 0, 0, '2013-03-12 17:11:04'),
(2067, 3, 21, 73, 27, 0, 0, '2013-03-12 17:11:04'),
(2068, 3, 21, 73, 28, 0, 0, '2013-03-12 17:11:04'),
(2069, 3, 21, 73, 29, 0, 0, '2013-03-12 17:11:04'),
(2070, 3, 21, 73, 30, 0, 0, '2013-03-12 17:11:04'),
(2071, 3, 16, 68, 1, 40, 14, '2013-03-12 17:11:14'),
(2072, 3, 16, 68, 2, 0, 0, '2013-03-12 17:11:14'),
(2073, 3, 16, 68, 3, 0, 0, '2013-03-12 17:11:14'),
(2074, 3, 16, 68, 4, 0, 0, '2013-03-12 17:11:14'),
(2075, 3, 16, 68, 5, 0, 0, '2013-03-12 17:11:14'),
(2076, 3, 16, 68, 6, 0, 0, '2013-03-12 17:11:14'),
(2077, 3, 16, 68, 7, 0, 0, '2013-03-12 17:11:14'),
(2078, 3, 16, 68, 8, 0, 0, '2013-03-12 17:11:14'),
(2079, 3, 16, 68, 9, 0, 0, '2013-03-12 17:11:14'),
(2080, 3, 16, 68, 10, 0, 0, '2013-03-12 17:11:14'),
(2081, 3, 16, 68, 11, 0, 0, '2013-03-12 17:11:14'),
(2082, 3, 16, 68, 12, 0, 0, '2013-03-12 17:11:14'),
(2083, 3, 16, 68, 13, 0, 0, '2013-03-12 17:11:14'),
(2084, 3, 16, 68, 14, 0, 0, '2013-03-12 17:11:14'),
(2085, 3, 16, 68, 15, 0, 0, '2013-03-12 17:11:14'),
(2086, 3, 16, 68, 16, 0, 0, '2013-03-12 17:11:14'),
(2087, 3, 16, 68, 17, 0, 0, '2013-03-12 17:11:14'),
(2088, 3, 16, 68, 18, 0, 0, '2013-03-12 17:11:14'),
(2089, 3, 16, 68, 19, 0, 0, '2013-03-12 17:11:14'),
(2090, 3, 16, 68, 20, 0, 0, '2013-03-12 17:11:14'),
(2091, 3, 16, 68, 21, 0, 0, '2013-03-12 17:11:14'),
(2092, 3, 16, 68, 22, 0, 0, '2013-03-12 17:11:14'),
(2093, 3, 16, 68, 23, 0, 0, '2013-03-12 17:11:14'),
(2094, 3, 16, 68, 25, 0, 0, '2013-03-12 17:11:14'),
(2095, 3, 16, 68, 24, 0, 0, '2013-03-12 17:11:14'),
(2096, 3, 16, 68, 26, 0, 0, '2013-03-12 17:11:14'),
(2097, 3, 16, 68, 27, 0, 0, '2013-03-12 17:11:14'),
(2098, 3, 16, 68, 28, 0, 0, '2013-03-12 17:11:14'),
(2099, 3, 16, 68, 29, 0, 0, '2013-03-12 17:11:14'),
(2100, 3, 16, 68, 30, 0, 0, '2013-03-12 17:11:14'),
(2101, 3, 15, 67, 1, 40, 14, '2013-03-12 17:11:23'),
(2102, 3, 15, 67, 2, 35, 13, '2013-03-12 17:11:23'),
(2103, 3, 15, 67, 3, 0, 0, '2013-03-12 17:11:23'),
(2104, 3, 15, 67, 4, 0, 0, '2013-03-12 17:11:23'),
(2105, 3, 15, 67, 5, 0, 0, '2013-03-12 17:11:23'),
(2106, 3, 15, 67, 6, 0, 0, '2013-03-12 17:11:23'),
(2107, 3, 15, 67, 7, 0, 0, '2013-03-12 17:11:23'),
(2108, 3, 15, 67, 8, 0, 0, '2013-03-12 17:11:23'),
(2109, 3, 15, 67, 9, 0, 0, '2013-03-12 17:11:23'),
(2110, 3, 15, 67, 10, 0, 0, '2013-03-12 17:11:23'),
(2111, 3, 15, 67, 11, 0, 0, '2013-03-12 17:11:23'),
(2112, 3, 15, 67, 12, 0, 0, '2013-03-12 17:11:23'),
(2113, 3, 15, 67, 13, 0, 0, '2013-03-12 17:11:23'),
(2114, 3, 15, 67, 14, 0, 0, '2013-03-12 17:11:23'),
(2115, 3, 15, 67, 15, 0, 0, '2013-03-12 17:11:23'),
(2116, 3, 15, 67, 16, 0, 0, '2013-03-12 17:11:23'),
(2117, 3, 15, 67, 17, 0, 0, '2013-03-12 17:11:23'),
(2118, 3, 15, 67, 18, 0, 0, '2013-03-12 17:11:23'),
(2119, 3, 15, 67, 19, 0, 0, '2013-03-12 17:11:23'),
(2120, 3, 15, 67, 20, 0, 0, '2013-03-12 17:11:23'),
(2121, 3, 15, 67, 21, 0, 0, '2013-03-12 17:11:23'),
(2122, 3, 15, 67, 22, 0, 0, '2013-03-12 17:11:23'),
(2123, 3, 15, 67, 23, 0, 0, '2013-03-12 17:11:23'),
(2124, 3, 15, 67, 25, 0, 0, '2013-03-12 17:11:23'),
(2125, 3, 15, 67, 24, 0, 0, '2013-03-12 17:11:23'),
(2126, 3, 15, 67, 26, 0, 0, '2013-03-12 17:11:23'),
(2127, 3, 15, 67, 27, 0, 0, '2013-03-12 17:11:23'),
(2128, 3, 15, 67, 28, 0, 0, '2013-03-12 17:11:23'),
(2129, 3, 15, 67, 29, 0, 0, '2013-03-12 17:11:23'),
(2130, 3, 15, 67, 30, 0, 0, '2013-03-12 17:11:23'),
(2131, 3, 14, 66, 1, 20, 7, '2013-03-12 17:17:18'),
(2132, 3, 14, 66, 2, 20, 7, '2013-03-12 17:17:18'),
(2133, 3, 14, 66, 3, 20, 7, '2013-03-12 17:17:18'),
(2134, 3, 14, 66, 4, 25, 9, '2013-03-12 17:17:18'),
(2135, 3, 14, 66, 5, 30, 12, '2013-03-12 17:17:18'),
(2136, 3, 14, 66, 6, 20, 8, '2013-03-12 17:17:18'),
(2137, 3, 14, 66, 7, 25, 10, '2013-03-12 17:17:18'),
(2138, 3, 14, 66, 8, 30, 9, '2013-03-12 17:17:18'),
(2139, 3, 14, 66, 9, 15, 3, '2013-03-12 17:17:18'),
(2140, 3, 14, 66, 10, 30, 6, '2013-03-12 17:17:18'),
(2141, 3, 14, 66, 11, 15, 3, '2013-03-12 17:17:18'),
(2142, 3, 14, 66, 12, 20, 6, '2013-03-12 17:17:18'),
(2143, 3, 14, 66, 13, 0, 0, '2013-03-12 17:17:18'),
(2144, 3, 14, 66, 14, 0, 0, '2013-03-12 17:17:18'),
(2145, 3, 14, 66, 15, 0, 0, '2013-03-12 17:17:18'),
(2146, 3, 14, 66, 16, 0, 0, '2013-03-12 17:17:18'),
(2147, 3, 14, 66, 17, 15, 3, '2013-03-12 17:17:18'),
(2148, 3, 14, 66, 18, 20, 4, '2013-03-12 17:17:18'),
(2149, 3, 14, 66, 19, 30, 6, '2013-03-12 17:17:18'),
(2150, 3, 14, 66, 20, 35, 7, '2013-03-12 17:17:18'),
(2151, 3, 14, 66, 21, 25, 8, '2013-03-12 17:17:18'),
(2152, 3, 14, 66, 22, 25, 8, '2013-03-12 17:17:18'),
(2153, 3, 14, 66, 23, 0, 0, '2013-03-12 17:17:18'),
(2154, 3, 14, 66, 25, 35, 7, '2013-03-12 17:17:18'),
(2155, 3, 14, 66, 24, 30, 6, '2013-03-12 17:17:18'),
(2156, 3, 14, 66, 26, 30, 6, '2013-03-12 17:17:18'),
(2157, 3, 14, 66, 27, 25, 5, '2013-03-12 17:17:18'),
(2158, 3, 14, 66, 28, 40, 40, '2013-03-12 17:17:18'),
(2159, 3, 14, 66, 29, 20, 20, '2013-03-12 17:17:18'),
(2160, 3, 14, 66, 30, 25, 25, '2013-03-12 17:17:18'),
(2221, 4, 16, 68, 1, 0, 0, '2013-03-12 17:24:45'),
(2222, 4, 16, 68, 2, 0, 0, '2013-03-12 17:24:45'),
(2223, 4, 16, 68, 3, 0, 0, '2013-03-12 17:24:45'),
(2224, 4, 16, 68, 4, 0, 0, '2013-03-12 17:24:45'),
(2225, 4, 16, 68, 5, 0, 0, '2013-03-12 17:24:45'),
(2226, 4, 16, 68, 6, 0, 0, '2013-03-12 17:24:45'),
(2227, 4, 16, 68, 7, 0, 0, '2013-03-12 17:24:45'),
(2228, 4, 16, 68, 8, 0, 0, '2013-03-12 17:24:45'),
(2229, 4, 16, 68, 9, 0, 0, '2013-03-12 17:24:45'),
(2230, 4, 16, 68, 10, 0, 0, '2013-03-12 17:24:45'),
(2231, 4, 16, 68, 11, 0, 0, '2013-03-12 17:24:45'),
(2232, 4, 16, 68, 12, 0, 0, '2013-03-12 17:24:45'),
(2233, 4, 16, 68, 13, 0, 0, '2013-03-12 17:24:45'),
(2234, 4, 16, 68, 14, 0, 0, '2013-03-12 17:24:45'),
(2235, 4, 16, 68, 15, 0, 0, '2013-03-12 17:24:45'),
(2236, 4, 16, 68, 16, 0, 0, '2013-03-12 17:24:45'),
(2237, 4, 16, 68, 17, 0, 0, '2013-03-12 17:24:45'),
(2238, 4, 16, 68, 18, 0, 0, '2013-03-12 17:24:45'),
(2239, 4, 16, 68, 19, 0, 0, '2013-03-12 17:24:45'),
(2240, 4, 16, 68, 20, 0, 0, '2013-03-12 17:24:45'),
(2241, 4, 16, 68, 21, 0, 0, '2013-03-12 17:24:45'),
(2242, 4, 16, 68, 22, 0, 0, '2013-03-12 17:24:45'),
(2243, 4, 16, 68, 23, 0, 0, '2013-03-12 17:24:45'),
(2244, 4, 16, 68, 25, 0, 0, '2013-03-12 17:24:45'),
(2245, 4, 16, 68, 24, 0, 0, '2013-03-12 17:24:45'),
(2246, 4, 16, 68, 26, 0, 0, '2013-03-12 17:24:45'),
(2247, 4, 16, 68, 27, 0, 0, '2013-03-12 17:24:45'),
(2248, 4, 16, 68, 28, 0, 0, '2013-03-12 17:24:45'),
(2249, 4, 16, 68, 29, 0, 0, '2013-03-12 17:24:45'),
(2250, 4, 16, 68, 30, 0, 0, '2013-03-12 17:24:45'),
(2281, 4, 14, 66, 1, 0, 0, '2013-03-12 17:27:15'),
(2282, 4, 14, 66, 2, 25, 9, '2013-03-12 17:27:15'),
(2283, 4, 14, 66, 3, 30, 11, '2013-03-12 17:27:15'),
(2284, 4, 14, 66, 4, 30, 11, '2013-03-12 17:27:15'),
(2285, 4, 14, 66, 5, 20, 8, '2013-03-12 17:27:15'),
(2286, 4, 14, 66, 6, 25, 10, '2013-03-12 17:27:15'),
(2287, 4, 14, 66, 7, 30, 12, '2013-03-12 17:27:15'),
(2288, 4, 14, 66, 8, 30, 9, '2013-03-12 17:27:15'),
(2289, 4, 14, 66, 9, 25, 5, '2013-03-12 17:27:15'),
(2290, 4, 14, 66, 10, 35, 7, '2013-03-12 17:27:15'),
(2291, 4, 14, 66, 11, 30, 6, '2013-03-12 17:27:15'),
(2292, 4, 14, 66, 12, 30, 9, '2013-03-12 17:27:15'),
(2293, 4, 14, 66, 13, 25, 5, '2013-03-12 17:27:15'),
(2294, 4, 14, 66, 14, 25, 5, '2013-03-12 17:27:15'),
(2295, 4, 14, 66, 15, 30, 6, '2013-03-12 17:27:15'),
(2296, 4, 14, 66, 16, 40, 8, '2013-03-12 17:27:15'),
(2297, 4, 14, 66, 17, 30, 6, '2013-03-12 17:27:15'),
(2298, 4, 14, 66, 18, 25, 5, '2013-03-12 17:27:15'),
(2299, 4, 14, 66, 19, 25, 5, '2013-03-12 17:27:15'),
(2300, 4, 14, 66, 20, 25, 5, '2013-03-12 17:27:15'),
(2301, 4, 14, 66, 21, 25, 8, '2013-03-12 17:27:15'),
(2302, 4, 14, 66, 22, 30, 9, '2013-03-12 17:27:15'),
(2303, 4, 14, 66, 23, 35, 7, '2013-03-12 17:27:15'),
(2304, 4, 14, 66, 25, 30, 6, '2013-03-12 17:27:15'),
(2305, 4, 14, 66, 24, 40, 8, '2013-03-12 17:27:15'),
(2306, 4, 14, 66, 26, 30, 6, '2013-03-12 17:27:15'),
(2307, 4, 14, 66, 27, 30, 6, '2013-03-12 17:27:15'),
(2308, 4, 14, 66, 28, 30, 30, '2013-03-12 17:27:15'),
(2309, 4, 14, 66, 29, 40, 40, '2013-03-12 17:27:15'),
(2310, 4, 14, 66, 30, 35, 35, '2013-03-12 17:27:15'),
(2341, 4, 21, 73, 1, 50, 18, '2013-03-12 17:30:17'),
(2342, 4, 21, 73, 2, 35, 13, '2013-03-12 17:30:17'),
(2343, 4, 21, 73, 3, 10, 4, '2013-03-12 17:30:17'),
(2344, 4, 21, 73, 4, 50, 18, '2013-03-12 17:30:17'),
(2345, 4, 21, 73, 5, 65, 26, '2013-03-12 17:30:17'),
(2346, 4, 21, 73, 6, 30, 12, '2013-03-12 17:30:17'),
(2347, 4, 21, 73, 7, 30, 12, '2013-03-12 17:30:17'),
(2348, 4, 21, 73, 8, 0, 0, '2013-03-12 17:30:17'),
(2349, 4, 21, 73, 9, 0, 0, '2013-03-12 17:30:17'),
(2350, 4, 21, 73, 10, 0, 0, '2013-03-12 17:30:17'),
(2351, 4, 21, 73, 11, 0, 0, '2013-03-12 17:30:17'),
(2352, 4, 21, 73, 12, 0, 0, '2013-03-12 17:30:17'),
(2353, 4, 21, 73, 13, 0, 0, '2013-03-12 17:30:17'),
(2354, 4, 21, 73, 14, 0, 0, '2013-03-12 17:30:17'),
(2355, 4, 21, 73, 15, 0, 0, '2013-03-12 17:30:17'),
(2356, 4, 21, 73, 16, 0, 0, '2013-03-12 17:30:17'),
(2357, 4, 21, 73, 17, 0, 0, '2013-03-12 17:30:17'),
(2358, 4, 21, 73, 18, 0, 0, '2013-03-12 17:30:17'),
(2359, 4, 21, 73, 19, 0, 0, '2013-03-12 17:30:17'),
(2360, 4, 21, 73, 20, 0, 0, '2013-03-12 17:30:17'),
(2361, 4, 21, 73, 21, 0, 0, '2013-03-12 17:30:17'),
(2362, 4, 21, 73, 22, 0, 0, '2013-03-12 17:30:17'),
(2363, 4, 21, 73, 23, 0, 0, '2013-03-12 17:30:17'),
(2364, 4, 21, 73, 25, 0, 0, '2013-03-12 17:30:17'),
(2365, 4, 21, 73, 24, 40, 8, '2013-03-12 17:30:17'),
(2366, 4, 21, 73, 26, 50, 10, '2013-03-12 17:30:17'),
(2367, 4, 21, 73, 27, 50, 10, '2013-03-12 17:30:17'),
(2368, 4, 21, 73, 28, 15, 15, '2013-03-12 17:30:17'),
(2369, 4, 21, 73, 29, 40, 40, '2013-03-12 17:30:17'),
(2370, 4, 21, 73, 30, 55, 55, '2013-03-12 17:30:17'),
(2371, 4, 15, 67, 1, 10, 4, '2013-03-12 17:30:29'),
(2372, 4, 15, 67, 2, 35, 13, '2013-03-12 17:30:29'),
(2373, 4, 15, 67, 3, 35, 13, '2013-03-12 17:30:29'),
(2374, 4, 15, 67, 4, 40, 14, '2013-03-12 17:30:29'),
(2375, 4, 15, 67, 5, 30, 12, '2013-03-12 17:30:29'),
(2376, 4, 15, 67, 6, 45, 18, '2013-03-12 17:30:29'),
(2377, 4, 15, 67, 7, 40, 16, '2013-03-12 17:30:29'),
(2378, 4, 15, 67, 8, 30, 9, '2013-03-12 17:30:29'),
(2379, 4, 15, 67, 9, 40, 8, '2013-03-12 17:30:29'),
(2380, 4, 15, 67, 10, 35, 7, '2013-03-12 17:30:29'),
(2381, 4, 15, 67, 11, 45, 9, '2013-03-12 17:30:29'),
(2382, 4, 15, 67, 12, 50, 15, '2013-03-12 17:30:29'),
(2383, 4, 15, 67, 13, 45, 9, '2013-03-12 17:30:29'),
(2384, 4, 15, 67, 14, 40, 8, '2013-03-12 17:30:29'),
(2385, 4, 15, 67, 15, 0, 0, '2013-03-12 17:30:29'),
(2386, 4, 15, 67, 16, 0, 0, '2013-03-12 17:30:29'),
(2387, 4, 15, 67, 17, 0, 0, '2013-03-12 17:30:29'),
(2388, 4, 15, 67, 18, 0, 0, '2013-03-12 17:30:29'),
(2389, 4, 15, 67, 19, 0, 0, '2013-03-12 17:30:29'),
(2390, 4, 15, 67, 20, 0, 0, '2013-03-12 17:30:29'),
(2391, 4, 15, 67, 21, 0, 0, '2013-03-12 17:30:29'),
(2392, 4, 15, 67, 22, 0, 0, '2013-03-12 17:30:29'),
(2393, 4, 15, 67, 23, 0, 0, '2013-03-12 17:30:29'),
(2394, 4, 15, 67, 25, 0, 0, '2013-03-12 17:30:29'),
(2395, 4, 15, 67, 24, 0, 0, '2013-03-12 17:30:29'),
(2396, 4, 15, 67, 26, 0, 0, '2013-03-12 17:30:29'),
(2397, 4, 15, 67, 27, 0, 0, '2013-03-12 17:30:29'),
(2398, 4, 15, 67, 28, 0, 0, '2013-03-12 17:30:29'),
(2399, 4, 15, 67, 29, 0, 0, '2013-03-12 17:30:29'),
(2400, 4, 15, 67, 30, 0, 0, '2013-03-12 17:30:29'),
(2431, 4, 17, 69, 1, 0, 0, '2013-03-12 19:04:05'),
(2432, 4, 17, 69, 2, 0, 0, '2013-03-12 19:04:05'),
(2433, 4, 17, 69, 3, 0, 0, '2013-03-12 19:04:05'),
(2434, 4, 17, 69, 4, 0, 0, '2013-03-12 19:04:05'),
(2435, 4, 17, 69, 5, 0, 0, '2013-03-12 19:04:05'),
(2436, 4, 17, 69, 6, 0, 0, '2013-03-12 19:04:05'),
(2437, 4, 17, 69, 7, 0, 0, '2013-03-12 19:04:05'),
(2438, 4, 17, 69, 8, 0, 0, '2013-03-12 19:04:05'),
(2439, 4, 17, 69, 9, 0, 0, '2013-03-12 19:04:05'),
(2440, 4, 17, 69, 10, 0, 0, '2013-03-12 19:04:05'),
(2441, 4, 17, 69, 11, 0, 0, '2013-03-12 19:04:05'),
(2442, 4, 17, 69, 12, 0, 0, '2013-03-12 19:04:05'),
(2443, 4, 17, 69, 13, 0, 0, '2013-03-12 19:04:05'),
(2444, 4, 17, 69, 14, 0, 0, '2013-03-12 19:04:05'),
(2445, 4, 17, 69, 15, 0, 0, '2013-03-12 19:04:05'),
(2446, 4, 17, 69, 16, 0, 0, '2013-03-12 19:04:05'),
(2447, 4, 17, 69, 17, 0, 0, '2013-03-12 19:04:05'),
(2448, 4, 17, 69, 18, 0, 0, '2013-03-12 19:04:05'),
(2449, 4, 17, 69, 19, 0, 0, '2013-03-12 19:04:05'),
(2450, 4, 17, 69, 20, 0, 0, '2013-03-12 19:04:05'),
(2451, 4, 17, 69, 21, 0, 0, '2013-03-12 19:04:05'),
(2452, 4, 17, 69, 22, 0, 0, '2013-03-12 19:04:05'),
(2453, 4, 17, 69, 23, 0, 0, '2013-03-12 19:04:05'),
(2454, 4, 17, 69, 25, 0, 0, '2013-03-12 19:04:05'),
(2455, 4, 17, 69, 24, 0, 0, '2013-03-12 19:04:05'),
(2456, 4, 17, 69, 26, 0, 0, '2013-03-12 19:04:05'),
(2457, 4, 17, 69, 27, 0, 0, '2013-03-12 19:04:05'),
(2458, 4, 17, 69, 28, 0, 0, '2013-03-12 19:04:05'),
(2459, 4, 17, 69, 29, 0, 0, '2013-03-12 19:04:05'),
(2460, 4, 17, 69, 30, 0, 0, '2013-03-12 19:04:05'),
(2461, 5, 21, 73, 1, 50, 18, '2013-03-12 19:07:10'),
(2462, 5, 21, 73, 2, 60, 21, '2013-03-12 19:07:10'),
(2463, 5, 21, 73, 3, 65, 23, '2013-03-12 19:07:10'),
(2464, 5, 21, 73, 4, 70, 25, '2013-03-12 19:07:10'),
(2465, 5, 21, 73, 5, 50, 20, '2013-03-12 19:07:10'),
(2466, 5, 21, 73, 6, 55, 22, '2013-03-12 19:07:10'),
(2467, 5, 21, 73, 7, 55, 22, '2013-03-12 19:07:10'),
(2468, 5, 21, 73, 8, 55, 17, '2013-03-12 19:07:10'),
(2469, 5, 21, 73, 9, 75, 15, '2013-03-12 19:07:10'),
(2470, 5, 21, 73, 10, 65, 13, '2013-03-12 19:07:10');
INSERT INTO `pn_cuantitativa` (`id`, `id_tipo_formato`, `id_participante`, `id_empleado`, `id_sub_capitulo`, `valor`, `total`, `fecha_creacion`) VALUES
(2471, 5, 21, 73, 11, 65, 13, '2013-03-12 19:07:10'),
(2472, 5, 21, 73, 12, 75, 23, '2013-03-12 19:07:10'),
(2473, 5, 21, 73, 13, 45, 9, '2013-03-12 19:07:10'),
(2474, 5, 21, 73, 14, 0, 0, '2013-03-12 19:07:10'),
(2475, 5, 21, 73, 15, 0, 0, '2013-03-12 19:07:10'),
(2476, 5, 21, 73, 16, 0, 0, '2013-03-12 19:07:10'),
(2477, 5, 21, 73, 17, 0, 0, '2013-03-12 19:07:10'),
(2478, 5, 21, 73, 18, 5, 1, '2013-03-12 19:07:10'),
(2479, 5, 21, 73, 19, 35, 7, '2013-03-12 19:07:10'),
(2480, 5, 21, 73, 20, 0, 0, '2013-03-12 19:07:10'),
(2481, 5, 21, 73, 21, 20, 6, '2013-03-12 19:07:10'),
(2482, 5, 21, 73, 22, 35, 11, '2013-03-12 19:07:10'),
(2483, 5, 21, 73, 23, 45, 9, '2013-03-12 19:07:10'),
(2484, 5, 21, 73, 25, 0, 0, '2013-03-12 19:07:10'),
(2485, 5, 21, 73, 24, 0, 0, '2013-03-12 19:07:10'),
(2486, 5, 21, 73, 26, 0, 0, '2013-03-12 19:07:10'),
(2487, 5, 21, 73, 27, 0, 0, '2013-03-12 19:07:10'),
(2488, 5, 21, 73, 28, 0, 0, '2013-03-12 19:07:10'),
(2489, 5, 21, 73, 29, 15, 15, '2013-03-12 19:07:10'),
(2490, 5, 21, 73, 30, 0, 0, '2013-03-12 19:07:10');

-- --------------------------------------------------------

--
-- Table structure for table `pn_etapa_participante`
--

CREATE TABLE IF NOT EXISTS `pn_etapa_participante` (
  `id_etapa_participante` int(11) NOT NULL AUTO_INCREMENT,
  `etapa_participante` varchar(200) NOT NULL,
  PRIMARY KEY (`id_etapa_participante`)
) ENGINE=InnoDB  DEFAULT CHARSET=latin1 AUTO_INCREMENT=6 ;

--
-- Dumping data for table `pn_etapa_participante`
--

INSERT INTO `pn_etapa_participante` (`id_etapa_participante`, `etapa_participante`) VALUES
(1, 'Individual'),
(2, 'Consenso'),
(3, 'Agenda'),
(4, 'Retroalimentación'),
(5, 'Final');

-- --------------------------------------------------------

--
-- Table structure for table `pn_premio`
--

CREATE TABLE IF NOT EXISTS `pn_premio` (
  `id` int(11) NOT NULL AUTO_INCREMENT,
  `nombre` varchar(400) NOT NULL,
  `fecha_desde` datetime NOT NULL,
  `fecha_hasta` datetime NOT NULL,
  `estado_inscripcion` int(11) NOT NULL,
  `fecha_creacion` datetime NOT NULL,
  PRIMARY KEY (`id`)
) ENGINE=InnoDB  DEFAULT CHARSET=latin1 AUTO_INCREMENT=7 ;

--
-- Dumping data for table `pn_premio`
--

INSERT INTO `pn_premio` (`id`, `nombre`, `fecha_desde`, `fecha_hasta`, `estado_inscripcion`, `fecha_creacion`) VALUES
(1, 'PNEIG Interna', '2013-01-01 00:00:00', '2013-01-15 00:00:00', 0, '2013-01-15 03:57:47'),
(2, 'dos', '2013-01-15 00:00:00', '2013-01-18 00:00:00', 0, '2013-01-15 03:48:41'),
(3, 'Premio Nacional a la Excelencia y la Innovación en Gestión 2012-2013', '2012-10-15 00:00:00', '2013-08-29 00:00:00', 0, '2013-02-22 12:32:45'),
(4, 'Premio Nacional a la Excelencia y la Innovación en Gestión 2020', '2013-01-21 00:00:00', '2014-02-07 00:00:00', 0, '2013-02-26 04:37:08'),
(5, 'Taller Plataforma Web Premio Nacional a la Excelencia y la Innovación en Gestión', '2013-02-28 00:00:00', '2013-03-28 00:00:00', 0, '2013-02-28 02:57:13'),
(6, 'Taller Plataforma Web Premio Nacional a la Excelencia y la Innovación en Gestión Cali', '2013-03-12 00:00:00', '2013-04-05 00:00:00', 1, '2013-03-12 10:23:27');

-- --------------------------------------------------------

--
-- Table structure for table `pn_retroalimentacion`
--

CREATE TABLE IF NOT EXISTS `pn_retroalimentacion` (
  `id_retro` int(11) NOT NULL AUTO_INCREMENT,
  `id_participante` int(11) NOT NULL,
  `id_pn_capitulo` int(11) NOT NULL,
  `fortalezas` longtext NOT NULL,
  `oportunidades` longtext NOT NULL,
  `fecha_creacion` datetime NOT NULL,
  PRIMARY KEY (`id_retro`),
  KEY `id_participante` (`id_participante`),
  KEY `id_pn_capitulo` (`id_pn_capitulo`)
) ENGINE=InnoDB  DEFAULT CHARSET=latin1 AUTO_INCREMENT=97 ;

--
-- Dumping data for table `pn_retroalimentacion`
--

INSERT INTO `pn_retroalimentacion` (`id_retro`, `id_participante`, `id_pn_capitulo`, `fortalezas`, `oportunidades`, `fecha_creacion`) VALUES
(17, 4, 1, 'xxxxxxxxxxxxxxxx', '1qqqqqqqqqqqqqqqqq', '2013-02-22 04:04:43'),
(18, 4, 2, 'qqqqqqqqqqqqqq', 'qqqqqqqqqqqqqqqqqqqqqq', '2013-02-22 04:04:43'),
(19, 4, 3, 'qqqqqqqqqqqqqqqqqq', 'qqqqqqqqqqqqqqqqqqqqwwwww', '2013-02-22 04:04:43'),
(20, 4, 4, 'wwwwwwwwwwwww', 'wwwwwwwwwwwwwww', '2013-02-22 04:04:43'),
(21, 4, 5, 'wwwwwwwwwwwwwwww', 'wwwwwwwwwwwwwwwwww', '2013-02-22 04:04:43'),
(22, 4, 6, 'wwwwwwwwwwwwwww', 'wwwwwwwwwwwwwwww', '2013-02-22 04:04:43'),
(23, 4, 7, 'wwwwwwwwwwwwwww', 'eeeeeeeeeeeeeeeeeeeeeeeee', '2013-02-22 04:04:43'),
(24, 4, 8, 'wwwwwwwwwwwwwwwwwwww', 'eeeeeeeeeeeeeee', '2013-02-22 04:04:43'),
(57, 5, 1, 'El control de gestión es un proceso que sirve para guiar la gestión empresarial hacia los objetivos de la organización y un instrumento para evaluarla.\n\nExisten diferencias importantes entre las concepciones clásica y moderna de control de gestión. La primera es aquella que incluye únicamente al control operativo y que lo desarrolla a través de un sistema de información relacionado con la contabilidad de costos, mientras que la segunda integra muchos más elementos y contempla una continua interacción entre todos ellos. El nuevo concepto de control de gestión centra su atención por igual en la planificación y en el control, y precisa de una orientación estratégica que dote de sentido sus aspectos más operativos.\n\nÍndice  [ocultar] \n1 Sistema de control de gestión\n2 Introducción y resumen\n3 Desarrollo\n4 Conclusiones\n5 Principios de Control\n6 Referencias\n7 Véase también\n[editar]Sistema de control de gestión\n\nEl SCG cuenta con el diagnóstico o análisis para entender las causas raíces que condicionan el comportamiento de los sistemas físicos, permite establecer los vínculos funcionales que ligan las variables técnicas-organizativas-sociales con el resultado económico de la empresa y es el punto de partida para la mejora de los estándares; mediante la planificación orienta las acciones en correspondencia con las estrategias trazadas, hacia mejores resultados; y, finalmente, cuenta con el control para saber si los resultados satisfacen los objetivos trazados. El control de gestion, considera como elementos a evaluar, no solo aspectos cuantitativos sino tambien cualitativos, ademas, utiliza la vision interna y externa de la organizacion, para lo cual asigna un valor agregado a la cultura organizacional segun AMATT. Se puede señalar como diferencia principal entre Control de Gestion y Control Interno que el primero evalua los tres niveles de las organizaciones: NIVEL ESTRATEGICO, NIVEL TACTICO Y NIVEL OPERATIVO, y el segundo, se limita solo a los dos ultimos niveles.\n\n[editar]Introducción y resumen\n\nTaylor (1895) fue uno de los iniciadores del CG industrial, introdujo la contabilidad analítica, el cronometraje de los tiempos de mano de obra directa, los estándares, la asignación de los costos indirectos, la remuneración por rendimientos. Brown (1907) estableció la fórmula de la rentabilidad del capital. Todavía hoy se observan muchos ejemplos en las empresas el CG gira en torno al control de la eficiencia interna de la empresa, centrando su atención en los recursos que consume, en el beneficio inmediato y en la información financiera exterior.\n\nEn la segunda mitad del siglo XX han ocurrido cambios sustanciales del entorno, el cual ha pasado de estable con reglas de juego fijas, a turbulento y muy competitivo. Estos cambios de entorno han desencadenado en las empresas un gran número de cambios internos, en variables tales como la orientación hacia el cliente, el desarrollo tecnológico y la innovación, el papel rector de la dirección estratégica, los enfoques de calidad, el rol de los recursos humanos en la organización, la gestión de la información y otros. El éxito empresarial por lo tanto, exige una continua adaptación de la empresa a su entorno y la competitividad se convierte en el criterio económico por excelencia para orientar y evaluar el desempeño dentro y fuera de la empresa.\n\n[editar]Desarrollo\n\nAcerca de la definición de control de gestión (CG)\nSegún García (1975), el control de gestión (CG) es ante todo un método, un medio para conducir con orden el pensamiento y la acción, lo primero es prever, establecer un pronóstico sobre el cual fijar objetivos y definir un programa de acción. Lo segundo es controlar, comparando las realizaciones con las previsiones, al mismo tiempo que se ponen todos los medios para compensar las diferencias constatadas.\n\nBlanco (1984) plantea que la moderna filosofía del CG presenta la función de control como el proceso mediante el cual los directivos se aseguran de la obtención de recursos y del empleo eficaz y eficiente de los mismos en el cumplimiento de los objetivos de la empresa.\n\nLa gestión es una mezcla de decisiones locales con objetivos globales de la compañía, según lo ve Goldratt (1990), desde su teoría sobre gestión de las limitaciones (TOC), precisando que el control es una parte del sistema de información que responde a una de las preguntas gerenciales más perturbadoras: ¿cómo medir objetiva y constructivamente el desempeño local pasado?\n\nSegún Huge Jordan (1995), el CG es un instrumento de la gestión que aporta una ayuda a la decisión y sus útiles de dirección van a permitir a los directores alcanzar los objetivos; es una función descentralizada y coordinada para la planificación de objetivos, acompañada de un plan de acción y la verificación de que los objetivos han sido alcanzados.\n\nA partir de 1990, aparece el término controlling (4) en Alemania, España y Estados Unidos. El salto cualitativo no está en la definición misma de control de gestión, sino en lo que enfatiza ahora la literatura con este término: las nuevas características que debe presentar el control de gestión ante el cambio radical que está operándose en los modelos de perfeccionamiento empresarial. Kupper (1992) lo ve como un medio de coordinación de las numerosas partes del sistema de management. Pacher-Theinburg (1992) subraya la significación del controlling por la integración alcanzada entre las funciones de planificación y control. García Echevarría (1994) resalta tanto su dimensión estratégica y global de la empresa como su dimensión específica en la función que se dirige. El controlling, como el control de gestión, orientado más hacia el futuro que al pasado y donde se ve fundamentalmente a la empresa desde afuera de sí misma, integrada con el cliente y la competencia.\n\nSi continuáramos citando autores, se comprobaría que la definición de CG no es única, varía con cada autor y con el transcurso de los años, ya que el constante cambio del entorno empresarial conduce a una evolución en la forma de pensar y actuar, así como en los métodos y herramientas empleadas para dirigir una organización.\n\nRepasando diferentes definiciones sobre control de gestión se observa que:\n\nTodos los autores reconocen que los objetivos son la categoría rectora, porque el proceso de toma de decisiones está orientado a alcanzar los objetivos marcados y luego estos son el patrón para evaluar a la gestión, o sea el grado en que los resultados de la gestión se acercan a los objetivos previamente establecidos. El control de gestión se relaciona con las actividades siguientes: formulación de objetivos, fijación de estándares, programas de acción (presupuestos), utilización de recursos, medición de resultados (verificación), análisis de desviaciones, corrección del desempeño o mejora.\nSe diferencia entre el concepto de gestión, control de gestión y la función de control, pero no se observa la misma precisión al establecer sus fronteras. Algunos consideran que el control de gestión comprende tanto la etapa de previsión como la etapa de control o verificación propiamente dicha; otros lo ven más cercano a la ejecución y verificación; para otro, abarca los procesos de asignación de recursos, el seguimiento de las acciones y la evaluación del resultado.\nEn este marco se considera que la gestión comprende todos los procesos descritos anteriormente puesto que constituyen la vía para concretar y alcanzar la política general de la empresa, y por ende incluye al control de gestión como su herramienta para evaluar si las decisiones que se toman al asignar y utilizar los recursos, se alejan o se acercan a los objetivos. También se considera que el control de gestión no debe ser reducido a la función de control (entendido como evaluación y corrección del desempeño solamente) sino que comprende también la fase de planificación (porque durante el proceso de definir objetivos se determinan las formas de medirlos, y su cuantificación en el estándar), que a su vez está determinada por los procesos de mejoramiento que son los que le otorgan la capacidad de diagnóstico al control de gestión.\nAutores como Goldratt llaman la atención sobre el papel de la gestión y el CG como un puente entre los objetivos globales y los objetivos locales, reflejando la problemática existente de que muchos sistemas de control de gestión (SCG) se quedan en la medición de los objetivos globales de la compañía pero son incapaces de medir si los desempeños locales van contribuyendo o no al alcance de los objetivos globales. Resulta contrastante que en todas las definiciones se asocia al CG con la noción de medir y, sin embargo, una de las problemáticas no resueltas en lo referente a los SCG son los sistemas de información, que se quedan en la superficie o en lo global. Muchos CG son buenos para asignar tareas y recursos por departamentos, pero ineficientes para evaluar si el desempeño local contribuye o no al desempeño de la organización.\nLa mayor parte de la bibliografía consultada identifica, explícita o implícitamente, al CG con el control económico solamente, basado en la ventaja de la homogeneidad que ofrecen las medidas monetarias.\nAquí se considera que el CG debe ofrecer información homogénea en la medida que asciende en la pirámide de información para ofrecer información agregada sobre estados o resultados pero cuando se avanza en sentido contrario, lo que se maneja es información sobre decisiones, algunas tan directas y heterogéneas como lo son las relativas a los procesos sobre los que actúan. En estas condiciones, la problemática a resolver por el CG es servir de puente entre los resultados económicos y las decisiones que se toman sobre los procesos físicos de la empresa poniendo de manifiesto sus vínculos funcionales.\n\nEn la mayor parte de las definiciones de gestión y control de gestión consultadas no se especifica quién es el sujeto de dirección y cuando lo hacen se refieren a los managers o directivos denotándose un enfoque tradicional del control de gestión donde el personal es considerado como un recurso más de la producción cuya utilización debe ser calculada al menor costo posible; los trabajadores no se ven formando parte efectivamente del sistema ni participan de forma activa en el proceso de toma de decisiones.\nSin embargo, solo a través de la implicación de todo el personal, una empresa puede dar respuesta a las exigencias de flexibilidad y capacidad de reacción que le plantea hoy el cambio de entorno.(3) Pierden competitividad aquellas organizaciones que mantienen una división entre los que piensan y los que actúan; se abren paso las organizaciones inteligentes (learning organizations) que se basan en el aprendizaje y la gestión del conocimiento, lo que equivale a que los recursos humanos se convierten en el principal factor diferenciador en el actual contexto.\nHasta la década de 1970, es una tendencia considerar al CG como verificación de lo realizado, más que un proceso de aprendizaje y mejoramiento permanente del desempeño.\nSólo algunos autores subrayan el CG subordinado a la planificación estratégica. (1)(5)(12) Aspecto muy importante si de entornos turbulentos se trata, puesto que la gestión solo conducirá a resultados exitosos si previamente se ha marcado la meta y la estrategia para alcanzarla.\nLa consideración anterior conduce a otra muy importante y es que la gestión y el CG subordinados al planteamiento estratégico ofrecen una visión dinámica, de cambio en el diseño de los SCG, los cuales deben modificarse a la velocidad con que cambian las estrategias. A esto Lorino le llama "el problema de la coherencia entre la estrategia y las reglas de gestión"\n[editar]Conclusiones\n\nEl CG es un proceso que sirve para guiar la gestión hacia los objetivos de la organización y un instrumento para evaluarla. Su definición ha evolucionado en la medida que cambia el modelo de funcionamiento empresarial ante las exigencias del entorno.\n[editar]Principios de Control\n\nLos sistemas de control se basan en una serie de principios básicos, los cuales permiten alcanzar los objetivos propuestos por todo sistema de control. A saber son:\n\nUso de la Contabilidad como elemento informativo\nEconomía del Control\nControl por excepción\nControl por responsabilidades\nIntegración de los sistemas de control\nCoincidencia entre el presupuesto y el plan de cuentas contable\nInformación pertinente, precisa, sintética y oportuna\nMedidas adecuadas como consecuencia del control\n[editar]Referencias\n\n[editar]Véase también\n\ncuadro de mando integral\nsistemas de información ejecutiva\nplan estratégico\ncomposición de un sistema de trazabilidad\nsoftware de trazabilidad\nEl RFID como ayuda para el control interno de las compañías.\nEl RFID Data Suite como software para la gestión de activos y control de la trazabilidad interna', 'kjbkj ojbobEl control de gestión es un proceso que sirve para guiar la gestión empresarial hacia los objetivos de la organización y un instrumento para evaluarla.\n\nExisten diferencias importantes entre las concepciones clásica y moderna de control de gestión. La primera es aquella que incluye únicamente al control operativo y que lo desarrolla a través de un sistema de información relacionado con la contabilidad de costos, mientras que la segunda integra muchos más elementos y contempla una continua interacción entre todos ellos. El nuevo concepto de control de gestión centra su atención por igual en la planificación y en el control, y precisa de una orientación estratégica que dote de sentido sus aspectos más operativos.\n\nÍndice  [ocultar] \n1 Sistema de control de gestión\n2 Introducción y resumen\n3 Desarrollo\n4 Conclusiones\n5 Principios de Control\n6 Referencias\n7 Véase también\n[editar]Sistema de control de gestión\n\nEl SCG cuenta con el diagnóstico o análisis para entender las causas raíces que condicionan el comportamiento de los sistemas físicos, permite establecer los vínculos funcionales que ligan las variables técnicas-organizativas-sociales con el resultado económico de la empresa y es el punto de partida para la mejora de los estándares; mediante la planificación orienta las acciones en correspondencia con las estrategias trazadas, hacia mejores resultados; y, finalmente, cuenta con el control para saber si los resultados satisfacen los objetivos trazados. El control de gestion, considera como elementos a evaluar, no solo aspectos cuantitativos sino tambien cualitativos, ademas, utiliza la vision interna y externa de la organizacion, para lo cual asigna un valor agregado a la cultura organizacional segun AMATT. Se puede señalar como diferencia principal entre Control de Gestion y Control Interno que el primero evalua los tres niveles de las organizaciones: NIVEL ESTRATEGICO, NIVEL TACTICO Y NIVEL OPERATIVO, y el segundo, se limita solo a los dos ultimos niveles.\n\n[editar]Introducción y resumen\n\nTaylor (1895) fue uno de los iniciadores del CG industrial, introdujo la contabilidad analítica, el cronometraje de los tiempos de mano de obra directa, los estándares, la asignación de los costos indirectos, la remuneración por rendimientos. Brown (1907) estableció la fórmula de la rentabilidad del capital. Todavía hoy se observan muchos ejemplos en las empresas el CG gira en torno al control de la eficiencia interna de la empresa, centrando su atención en los recursos que consume, en el beneficio inmediato y en la información financiera exterior.\n\nEn la segunda mitad del siglo XX han ocurrido cambios sustanciales del entorno, el cual ha pasado de estable con reglas de juego fijas, a turbulento y muy competitivo. Estos cambios de entorno han desencadenado en las empresas un gran número de cambios internos, en variables tales como la orientación hacia el cliente, el desarrollo tecnológico y la innovación, el papel rector de la dirección estratégica, los enfoques de calidad, el rol de los recursos humanos en la organización, la gestión de la información y otros. El éxito empresarial por lo tanto, exige una continua adaptación de la empresa a su entorno y la competitividad se convierte en el criterio económico por excelencia para orientar y evaluar el desempeño dentro y fuera de la empresa.\n\n[editar]Desarrollo\n\nAcerca de la definición de control de gestión (CG)\nSegún García (1975), el control de gestión (CG) es ante todo un método, un medio para conducir con orden el pensamiento y la acción, lo primero es prever, establecer un pronóstico sobre el cual fijar objetivos y definir un programa de acción. Lo segundo es controlar, comparando las realizaciones con las previsiones, al mismo tiempo que se ponen todos los medios para compensar las diferencias constatadas.\n\nBlanco (1984) plantea que la moderna filosofía del CG presenta la función de control como el proceso mediante el cual los directivos se aseguran de la obtención de recursos y del empleo eficaz y eficiente de los mismos en el cumplimiento de los objetivos de la empresa.\n\nLa gestión es una mezcla de decisiones locales con objetivos globales de la compañía, según lo ve Goldratt (1990), desde su teoría sobre gestión de las limitaciones (TOC), precisando que el control es una parte del sistema de información que responde a una de las preguntas gerenciales más perturbadoras: ¿cómo medir objetiva y constructivamente el desempeño local pasado?\n\nSegún Huge Jordan (1995), el CG es un instrumento de la gestión que aporta una ayuda a la decisión y sus útiles de dirección van a permitir a los directores alcanzar los objetivos; es una función descentralizada y coordinada para la planificación de objetivos, acompañada de un plan de acción y la verificación de que los objetivos han sido alcanzados.\n\nA partir de 1990, aparece el término controlling (4) en Alemania, España y Estados Unidos. El salto cualitativo no está en la definición misma de control de gestión, sino en lo que enfatiza ahora la literatura con este término: las nuevas características que debe presentar el control de gestión ante el cambio radical que está operándose en los modelos de perfeccionamiento empresarial. Kupper (1992) lo ve como un medio de coordinación de las numerosas partes del sistema de management. Pacher-Theinburg (1992) subraya la significación del controlling por la integración alcanzada entre las funciones de planificación y control. García Echevarría (1994) resalta tanto su dimensión estratégica y global de la empresa como su dimensión específica en la función que se dirige. El controlling, como el control de gestión, orientado más hacia el futuro que al pasado y donde se ve fundamentalmente a la empresa desde afuera de sí misma, integrada con el cliente y la competencia.\n\nSi continuáramos citando autores, se comprobaría que la definición de CG no es única, varía con cada autor y con el transcurso de los años, ya que el constante cambio del entorno empresarial conduce a una evolución en la forma de pensar y actuar, así como en los métodos y herramientas empleadas para dirigir una organización.\n\nRepasando diferentes definiciones sobre control de gestión se observa que:\n\nTodos los autores reconocen que los objetivos son la categoría rectora, porque el proceso de toma de decisiones está orientado a alcanzar los objetivos marcados y luego estos son el patrón para evaluar a la gestión, o sea el grado en que los resultados de la gestión se acercan a los objetivos previamente establecidos. El control de gestión se relaciona con las actividades siguientes: formulación de objetivos, fijación de estándares, programas de acción (presupuestos), utilización de recursos, medición de resultados (verificación), análisis de desviaciones, corrección del desempeño o mejora.\nSe diferencia entre el concepto de gestión, control de gestión y la función de control, pero no se observa la misma precisión al establecer sus fronteras. Algunos consideran que el control de gestión comprende tanto la etapa de previsión como la etapa de control o verificación propiamente dicha; otros lo ven más cercano a la ejecución y verificación; para otro, abarca los procesos de asignación de recursos, el seguimiento de las acciones y la evaluación del resultado.\nEn este marco se considera que la gestión comprende todos los procesos descritos anteriormente puesto que constituyen la vía para concretar y alcanzar la política general de la empresa, y por ende incluye al control de gestión como su herramienta para evaluar si las decisiones que se toman al asignar y utilizar los recursos, se alejan o se acercan a los objetivos. También se considera que el control de gestión no debe ser reducido a la función de control (entendido como evaluación y corrección del desempeño solamente) sino que comprende también la fase de planificación (porque durante el proceso de definir objetivos se determinan las formas de medirlos, y su cuantificación en el estándar), que a su vez está determinada por los procesos de mejoramiento que son los que le otorgan la capacidad de diagnóstico al control de gestión.\nAutores como Goldratt llaman la atención sobre el papel de la gestión y el CG como un puente entre los objetivos globales y los objetivos locales, reflejando la problemática existente de que muchos sistemas de control de gestión (SCG) se quedan en la medición de los objetivos globales de la compañía pero son incapaces de medir si los desempeños locales van contribuyendo o no al alcance de los objetivos globales. Resulta contrastante que en todas las definiciones se asocia al CG con la noción de medir y, sin embargo, una de las problemáticas no resueltas en lo referente a los SCG son los sistemas de información, que se quedan en la superficie o en lo global. Muchos CG son buenos para asignar tareas y recursos por departamentos, pero ineficientes para evaluar si el desempeño local contribuye o no al desempeño de la organización.\nLa mayor parte de la bibliografía consultada identifica, explícita o implícitamente, al CG con el control económico solamente, basado en la ventaja de la homogeneidad que ofrecen las medidas monetarias.\nAquí se considera que el CG debe ofrecer información homogénea en la medida que asciende en la pirámide de información para ofrecer información agregada sobre estados o resultados pero cuando se avanza en sentido contrario, lo que se maneja es información sobre decisiones, algunas tan directas y heterogéneas como lo son las relativas a los procesos sobre los que actúan. En estas condiciones, la problemática a resolver por el CG es servir de puente entre los resultados económicos y las decisiones que se toman sobre los procesos físicos de la empresa poniendo de manifiesto sus vínculos funcionales.\n\nEn la mayor parte de las definiciones de gestión y control de gestión consultadas no se especifica quién es el sujeto de dirección y cuando lo hacen se refieren a los managers o directivos denotándose un enfoque tradicional del control de gestión donde el personal es considerado como un recurso más de la producción cuya utilización debe ser calculada al menor costo posible; los trabajadores no se ven formando parte efectivamente del sistema ni participan de forma activa en el proceso de toma de decisiones.\nSin embargo, solo a través de la implicación de todo el personal, una empresa puede dar respuesta a las exigencias de flexibilidad y capacidad de reacción que le plantea hoy el cambio de entorno.(3) Pierden competitividad aquellas organizaciones que mantienen una división entre los que piensan y los que actúan; se abren paso las organizaciones inteligentes (learning organizations) que se basan en el aprendizaje y la gestión del conocimiento, lo que equivale a que los recursos humanos se convierten en el principal factor diferenciador en el actual contexto.\nHasta la década de 1970, es una tendencia considerar al CG como verificación de lo realizado, más que un proceso de aprendizaje y mejoramiento permanente del desempeño.\nSólo algunos autores subrayan el CG subordinado a la planificación estratégica. (1)(5)(12) Aspecto muy importante si de entornos turbulentos se trata, puesto que la gestión solo conducirá a resultados exitosos si previamente se ha marcado la meta y la estrategia para alcanzarla.\nLa consideración anterior conduce a otra muy importante y es que la gestión y el CG subordinados al planteamiento estratégico ofrecen una visión dinámica, de cambio en el diseño de los SCG, los cuales deben modificarse a la velocidad con que cambian las estrategias. A esto Lorino le llama "el problema de la coherencia entre la estrategia y las reglas de gestión"\n[editar]Conclusiones\n\nEl CG es un proceso que sirve para guiar la gestión hacia los objetivos de la organización y un instrumento para evaluarla. Su definición ha evolucionado en la medida que cambia el modelo de funcionamiento empresarial ante las exigencias del entorno.\n[editar]Principios de Control\n\nLos sistemas de control se basan en una serie de principios básicos, los cuales permiten alcanzar los objetivos propuestos por todo sistema de control. A saber son:\n\nUso de la Contabilidad como elemento informativo\nEconomía del Control\nControl por excepción\nControl por responsabilidades\nIntegración de los sistemas de control\nCoincidencia entre el presupuesto y el plan de cuentas contable\nInformación pertinente, precisa, sintética y oportuna\nMedidas adecuadas como consecuencia del control\n[editar]Referencias\n\n[editar]Véase también\n\ncuadro de mando integral\nsistemas de información ejecutiva\nplan estratégico\ncomposición de un sistema de trazabilidad\nsoftware de trazabilidad\nEl RFID como ayuda para el control interno de las compañías.\nEl RFID Data Suite como software para la gestión de activos y control de la trazabilidad interna', '2013-02-22 15:27:29');
INSERT INTO `pn_retroalimentacion` (`id_retro`, `id_participante`, `id_pn_capitulo`, `fortalezas`, `oportunidades`, `fecha_creacion`) VALUES
(58, 5, 2, 'kjbgiugEl control de gestión es un proceso que sirve para guiar la gestión empresarial hacia los objetivos de la organización y un instrumento para evaluarla.\n\nExisten diferencias importantes entre las concepciones clásica y moderna de control de gestión. La primera es aquella que incluye únicamente al control operativo y que lo desarrolla a través de un sistema de información relacionado con la contabilidad de costos, mientras que la segunda integra muchos más elementos y contempla una continua interacción entre todos ellos. El nuevo concepto de control de gestión centra su atención por igual en la planificación y en el control, y precisa de una orientación estratégica que dote de sentido sus aspectos más operativos.\n\nÍndice  [ocultar] \n1 Sistema de control de gestión\n2 Introducción y resumen\n3 Desarrollo\n4 Conclusiones\n5 Principios de Control\n6 Referencias\n7 Véase también\n[editar]Sistema de control de gestión\n\nEl SCG cuenta con el diagnóstico o análisis para entender las causas raíces que condicionan el comportamiento de los sistemas físicos, permite establecer los vínculos funcionales que ligan las variables técnicas-organizativas-sociales con el resultado económico de la empresa y es el punto de partida para la mejora de los estándares; mediante la planificación orienta las acciones en correspondencia con las estrategias trazadas, hacia mejores resultados; y, finalmente, cuenta con el control para saber si los resultados satisfacen los objetivos trazados. El control de gestion, considera como elementos a evaluar, no solo aspectos cuantitativos sino tambien cualitativos, ademas, utiliza la vision interna y externa de la organizacion, para lo cual asigna un valor agregado a la cultura organizacional segun AMATT. Se puede señalar como diferencia principal entre Control de Gestion y Control Interno que el primero evalua los tres niveles de las organizaciones: NIVEL ESTRATEGICO, NIVEL TACTICO Y NIVEL OPERATIVO, y el segundo, se limita solo a los dos ultimos niveles.\n\n[editar]Introducción y resumen\n\nTaylor (1895) fue uno de los iniciadores del CG industrial, introdujo la contabilidad analítica, el cronometraje de los tiempos de mano de obra directa, los estándares, la asignación de los costos indirectos, la remuneración por rendimientos. Brown (1907) estableció la fórmula de la rentabilidad del capital. Todavía hoy se observan muchos ejemplos en las empresas el CG gira en torno al control de la eficiencia interna de la empresa, centrando su atención en los recursos que consume, en el beneficio inmediato y en la información financiera exterior.\n\nEn la segunda mitad del siglo XX han ocurrido cambios sustanciales del entorno, el cual ha pasado de estable con reglas de juego fijas, a turbulento y muy competitivo. Estos cambios de entorno han desencadenado en las empresas un gran número de cambios internos, en variables tales como la orientación hacia el cliente, el desarrollo tecnológico y la innovación, el papel rector de la dirección estratégica, los enfoques de calidad, el rol de los recursos humanos en la organización, la gestión de la información y otros. El éxito empresarial por lo tanto, exige una continua adaptación de la empresa a su entorno y la competitividad se convierte en el criterio económico por excelencia para orientar y evaluar el desempeño dentro y fuera de la empresa.\n\n[editar]Desarrollo\n\nAcerca de la definición de control de gestión (CG)\nSegún García (1975), el control de gestión (CG) es ante todo un método, un medio para conducir con orden el pensamiento y la acción, lo primero es prever, establecer un pronóstico sobre el cual fijar objetivos y definir un programa de acción. Lo segundo es controlar, comparando las realizaciones con las previsiones, al mismo tiempo que se ponen todos los medios para compensar las diferencias constatadas.\n\nBlanco (1984) plantea que la moderna filosofía del CG presenta la función de control como el proceso mediante el cual los directivos se aseguran de la obtención de recursos y del empleo eficaz y eficiente de los mismos en el cumplimiento de los objetivos de la empresa.\n\nLa gestión es una mezcla de decisiones locales con objetivos globales de la compañía, según lo ve Goldratt (1990), desde su teoría sobre gestión de las limitaciones (TOC), precisando que el control es una parte del sistema de información que responde a una de las preguntas gerenciales más perturbadoras: ¿cómo medir objetiva y constructivamente el desempeño local pasado?\n\nSegún Huge Jordan (1995), el CG es un instrumento de la gestión que aporta una ayuda a la decisión y sus útiles de dirección van a permitir a los directores alcanzar los objetivos; es una función descentralizada y coordinada para la planificación de objetivos, acompañada de un plan de acción y la verificación de que los objetivos han sido alcanzados.\n\nA partir de 1990, aparece el término controlling (4) en Alemania, España y Estados Unidos. El salto cualitativo no está en la definición misma de control de gestión, sino en lo que enfatiza ahora la literatura con este término: las nuevas características que debe presentar el control de gestión ante el cambio radical que está operándose en los modelos de perfeccionamiento empresarial. Kupper (1992) lo ve como un medio de coordinación de las numerosas partes del sistema de management. Pacher-Theinburg (1992) subraya la significación del controlling por la integración alcanzada entre las funciones de planificación y control. García Echevarría (1994) resalta tanto su dimensión estratégica y global de la empresa como su dimensión específica en la función que se dirige. El controlling, como el control de gestión, orientado más hacia el futuro que al pasado y donde se ve fundamentalmente a la empresa desde afuera de sí misma, integrada con el cliente y la competencia.\n\nSi continuáramos citando autores, se comprobaría que la definición de CG no es única, varía con cada autor y con el transcurso de los años, ya que el constante cambio del entorno empresarial conduce a una evolución en la forma de pensar y actuar, así como en los métodos y herramientas empleadas para dirigir una organización.\n\nRepasando diferentes definiciones sobre control de gestión se observa que:\n\nTodos los autores reconocen que los objetivos son la categoría rectora, porque el proceso de toma de decisiones está orientado a alcanzar los objetivos marcados y luego estos son el patrón para evaluar a la gestión, o sea el grado en que los resultados de la gestión se acercan a los objetivos previamente establecidos. El control de gestión se relaciona con las actividades siguientes: formulación de objetivos, fijación de estándares, programas de acción (presupuestos), utilización de recursos, medición de resultados (verificación), análisis de desviaciones, corrección del desempeño o mejora.\nSe diferencia entre el concepto de gestión, control de gestión y la función de control, pero no se observa la misma precisión al establecer sus fronteras. Algunos consideran que el control de gestión comprende tanto la etapa de previsión como la etapa de control o verificación propiamente dicha; otros lo ven más cercano a la ejecución y verificación; para otro, abarca los procesos de asignación de recursos, el seguimiento de las acciones y la evaluación del resultado.\nEn este marco se considera que la gestión comprende todos los procesos descritos anteriormente puesto que constituyen la vía para concretar y alcanzar la política general de la empresa, y por ende incluye al control de gestión como su herramienta para evaluar si las decisiones que se toman al asignar y utilizar los recursos, se alejan o se acercan a los objetivos. También se considera que el control de gestión no debe ser reducido a la función de control (entendido como evaluación y corrección del desempeño solamente) sino que comprende también la fase de planificación (porque durante el proceso de definir objetivos se determinan las formas de medirlos, y su cuantificación en el estándar), que a su vez está determinada por los procesos de mejoramiento que son los que le otorgan la capacidad de diagnóstico al control de gestión.\nAutores como Goldratt llaman la atención sobre el papel de la gestión y el CG como un puente entre los objetivos globales y los objetivos locales, reflejando la problemática existente de que muchos sistemas de control de gestión (SCG) se quedan en la medición de los objetivos globales de la compañía pero son incapaces de medir si los desempeños locales van contribuyendo o no al alcance de los objetivos globales. Resulta contrastante que en todas las definiciones se asocia al CG con la noción de medir y, sin embargo, una de las problemáticas no resueltas en lo referente a los SCG son los sistemas de información, que se quedan en la superficie o en lo global. Muchos CG son buenos para asignar tareas y recursos por departamentos, pero ineficientes para evaluar si el desempeño local contribuye o no al desempeño de la organización.\nLa mayor parte de la bibliografía consultada identifica, explícita o implícitamente, al CG con el control económico solamente, basado en la ventaja de la homogeneidad que ofrecen las medidas monetarias.\nAquí se considera que el CG debe ofrecer información homogénea en la medida que asciende en la pirámide de información para ofrecer información agregada sobre estados o resultados pero cuando se avanza en sentido contrario, lo que se maneja es información sobre decisiones, algunas tan directas y heterogéneas como lo son las relativas a los procesos sobre los que actúan. En estas condiciones, la problemática a resolver por el CG es servir de puente entre los resultados económicos y las decisiones que se toman sobre los procesos físicos de la empresa poniendo de manifiesto sus vínculos funcionales.\n\nEn la mayor parte de las definiciones de gestión y control de gestión consultadas no se especifica quién es el sujeto de dirección y cuando lo hacen se refieren a los managers o directivos denotándose un enfoque tradicional del control de gestión donde el personal es considerado como un recurso más de la producción cuya utilización debe ser calculada al menor costo posible; los trabajadores no se ven formando parte efectivamente del sistema ni participan de forma activa en el proceso de toma de decisiones.\nSin embargo, solo a través de la implicación de todo el personal, una empresa puede dar respuesta a las exigencias de flexibilidad y capacidad de reacción que le plantea hoy el cambio de entorno.(3) Pierden competitividad aquellas organizaciones que mantienen una división entre los que piensan y los que actúan; se abren paso las organizaciones inteligentes (learning organizations) que se basan en el aprendizaje y la gestión del conocimiento, lo que equivale a que los recursos humanos se convierten en el principal factor diferenciador en el actual contexto.\nHasta la década de 1970, es una tendencia considerar al CG como verificación de lo realizado, más que un proceso de aprendizaje y mejoramiento permanente del desempeño.\nSólo algunos autores subrayan el CG subordinado a la planificación estratégica. (1)(5)(12) Aspecto muy importante si de entornos turbulentos se trata, puesto que la gestión solo conducirá a resultados exitosos si previamente se ha marcado la meta y la estrategia para alcanzarla.\nLa consideración anterior conduce a otra muy importante y es que la gestión y el CG subordinados al planteamiento estratégico ofrecen una visión dinámica, de cambio en el diseño de los SCG, los cuales deben modificarse a la velocidad con que cambian las estrategias. A esto Lorino le llama "el problema de la coherencia entre la estrategia y las reglas de gestión"\n[editar]Conclusiones\n\nEl CG es un proceso que sirve para guiar la gestión hacia los objetivos de la organización y un instrumento para evaluarla. Su definición ha evolucionado en la medida que cambia el modelo de funcionamiento empresarial ante las exigencias del entorno.\n[editar]Principios de Control\n\nLos sistemas de control se basan en una serie de principios básicos, los cuales permiten alcanzar los objetivos propuestos por todo sistema de control. A saber son:\n\nUso de la Contabilidad como elemento informativo\nEconomía del Control\nControl por excepción\nControl por responsabilidades\nIntegración de los sistemas de control\nCoincidencia entre el presupuesto y el plan de cuentas contable\nInformación pertinente, precisa, sintética y oportuna\nMedidas adecuadas como consecuencia del control\n[editar]Referencias\n\n[editar]Véase también\n\ncuadro de mando integral\nsistemas de información ejecutiva\nplan estratégico\ncomposición de un sistema de trazabilidad\nsoftware de trazabilidad\nEl RFID como ayuda para el control interno de las compañías.\nEl RFID Data Suite como software para la gestión de activos y control de la trazabilidad interna', 'oighiuohEl control de gestión es un proceso que sirve para guiar la gestión empresarial hacia los objetivos de la organización y un instrumento para evaluarla.\n\nExisten diferencias importantes entre las concepciones clásica y moderna de control de gestión. La primera es aquella que incluye únicamente al control operativo y que lo desarrolla a través de un sistema de información relacionado con la contabilidad de costos, mientras que la segunda integra muchos más elementos y contempla una continua interacción entre todos ellos. El nuevo concepto de control de gestión centra su atención por igual en la planificación y en el control, y precisa de una orientación estratégica que dote de sentido sus aspectos más operativos.\n\nÍndice  [ocultar] \n1 Sistema de control de gestión\n2 Introducción y resumen\n3 Desarrollo\n4 Conclusiones\n5 Principios de Control\n6 Referencias\n7 Véase también\n[editar]Sistema de control de gestión\n\nEl SCG cuenta con el diagnóstico o análisis para entender las causas raíces que condicionan el comportamiento de los sistemas físicos, permite establecer los vínculos funcionales que ligan las variables técnicas-organizativas-sociales con el resultado económico de la empresa y es el punto de partida para la mejora de los estándares; mediante la planificación orienta las acciones en correspondencia con las estrategias trazadas, hacia mejores resultados; y, finalmente, cuenta con el control para saber si los resultados satisfacen los objetivos trazados. El control de gestion, considera como elementos a evaluar, no solo aspectos cuantitativos sino tambien cualitativos, ademas, utiliza la vision interna y externa de la organizacion, para lo cual asigna un valor agregado a la cultura organizacional segun AMATT. Se puede señalar como diferencia principal entre Control de Gestion y Control Interno que el primero evalua los tres niveles de las organizaciones: NIVEL ESTRATEGICO, NIVEL TACTICO Y NIVEL OPERATIVO, y el segundo, se limita solo a los dos ultimos niveles.\n\n[editar]Introducción y resumen\n\nTaylor (1895) fue uno de los iniciadores del CG industrial, introdujo la contabilidad analítica, el cronometraje de los tiempos de mano de obra directa, los estándares, la asignación de los costos indirectos, la remuneración por rendimientos. Brown (1907) estableció la fórmula de la rentabilidad del capital. Todavía hoy se observan muchos ejemplos en las empresas el CG gira en torno al control de la eficiencia interna de la empresa, centrando su atención en los recursos que consume, en el beneficio inmediato y en la información financiera exterior.\n\nEn la segunda mitad del siglo XX han ocurrido cambios sustanciales del entorno, el cual ha pasado de estable con reglas de juego fijas, a turbulento y muy competitivo. Estos cambios de entorno han desencadenado en las empresas un gran número de cambios internos, en variables tales como la orientación hacia el cliente, el desarrollo tecnológico y la innovación, el papel rector de la dirección estratégica, los enfoques de calidad, el rol de los recursos humanos en la organización, la gestión de la información y otros. El éxito empresarial por lo tanto, exige una continua adaptación de la empresa a su entorno y la competitividad se convierte en el criterio económico por excelencia para orientar y evaluar el desempeño dentro y fuera de la empresa.\n\n[editar]Desarrollo\n\nAcerca de la definición de control de gestión (CG)\nSegún García (1975), el control de gestión (CG) es ante todo un método, un medio para conducir con orden el pensamiento y la acción, lo primero es prever, establecer un pronóstico sobre el cual fijar objetivos y definir un programa de acción. Lo segundo es controlar, comparando las realizaciones con las previsiones, al mismo tiempo que se ponen todos los medios para compensar las diferencias constatadas.\n\nBlanco (1984) plantea que la moderna filosofía del CG presenta la función de control como el proceso mediante el cual los directivos se aseguran de la obtención de recursos y del empleo eficaz y eficiente de los mismos en el cumplimiento de los objetivos de la empresa.\n\nLa gestión es una mezcla de decisiones locales con objetivos globales de la compañía, según lo ve Goldratt (1990), desde su teoría sobre gestión de las limitaciones (TOC), precisando que el control es una parte del sistema de información que responde a una de las preguntas gerenciales más perturbadoras: ¿cómo medir objetiva y constructivamente el desempeño local pasado?\n\nSegún Huge Jordan (1995), el CG es un instrumento de la gestión que aporta una ayuda a la decisión y sus útiles de dirección van a permitir a los directores alcanzar los objetivos; es una función descentralizada y coordinada para la planificación de objetivos, acompañada de un plan de acción y la verificación de que los objetivos han sido alcanzados.\n\nA partir de 1990, aparece el término controlling (4) en Alemania, España y Estados Unidos. El salto cualitativo no está en la definición misma de control de gestión, sino en lo que enfatiza ahora la literatura con este término: las nuevas características que debe presentar el control de gestión ante el cambio radical que está operándose en los modelos de perfeccionamiento empresarial. Kupper (1992) lo ve como un medio de coordinación de las numerosas partes del sistema de management. Pacher-Theinburg (1992) subraya la significación del controlling por la integración alcanzada entre las funciones de planificación y control. García Echevarría (1994) resalta tanto su dimensión estratégica y global de la empresa como su dimensión específica en la función que se dirige. El controlling, como el control de gestión, orientado más hacia el futuro que al pasado y donde se ve fundamentalmente a la empresa desde afuera de sí misma, integrada con el cliente y la competencia.\n\nSi continuáramos citando autores, se comprobaría que la definición de CG no es única, varía con cada autor y con el transcurso de los años, ya que el constante cambio del entorno empresarial conduce a una evolución en la forma de pensar y actuar, así como en los métodos y herramientas empleadas para dirigir una organización.\n\nRepasando diferentes definiciones sobre control de gestión se observa que:\n\nTodos los autores reconocen que los objetivos son la categoría rectora, porque el proceso de toma de decisiones está orientado a alcanzar los objetivos marcados y luego estos son el patrón para evaluar a la gestión, o sea el grado en que los resultados de la gestión se acercan a los objetivos previamente establecidos. El control de gestión se relaciona con las actividades siguientes: formulación de objetivos, fijación de estándares, programas de acción (presupuestos), utilización de recursos, medición de resultados (verificación), análisis de desviaciones, corrección del desempeño o mejora.\nSe diferencia entre el concepto de gestión, control de gestión y la función de control, pero no se observa la misma precisión al establecer sus fronteras. Algunos consideran que el control de gestión comprende tanto la etapa de previsión como la etapa de control o verificación propiamente dicha; otros lo ven más cercano a la ejecución y verificación; para otro, abarca los procesos de asignación de recursos, el seguimiento de las acciones y la evaluación del resultado.\nEn este marco se considera que la gestión comprende todos los procesos descritos anteriormente puesto que constituyen la vía para concretar y alcanzar la política general de la empresa, y por ende incluye al control de gestión como su herramienta para evaluar si las decisiones que se toman al asignar y utilizar los recursos, se alejan o se acercan a los objetivos. También se considera que el control de gestión no debe ser reducido a la función de control (entendido como evaluación y corrección del desempeño solamente) sino que comprende también la fase de planificación (porque durante el proceso de definir objetivos se determinan las formas de medirlos, y su cuantificación en el estándar), que a su vez está determinada por los procesos de mejoramiento que son los que le otorgan la capacidad de diagnóstico al control de gestión.\nAutores como Goldratt llaman la atención sobre el papel de la gestión y el CG como un puente entre los objetivos globales y los objetivos locales, reflejando la problemática existente de que muchos sistemas de control de gestión (SCG) se quedan en la medición de los objetivos globales de la compañía pero son incapaces de medir si los desempeños locales van contribuyendo o no al alcance de los objetivos globales. Resulta contrastante que en todas las definiciones se asocia al CG con la noción de medir y, sin embargo, una de las problemáticas no resueltas en lo referente a los SCG son los sistemas de información, que se quedan en la superficie o en lo global. Muchos CG son buenos para asignar tareas y recursos por departamentos, pero ineficientes para evaluar si el desempeño local contribuye o no al desempeño de la organización.\nLa mayor parte de la bibliografía consultada identifica, explícita o implícitamente, al CG con el control económico solamente, basado en la ventaja de la homogeneidad que ofrecen las medidas monetarias.\nAquí se considera que el CG debe ofrecer información homogénea en la medida que asciende en la pirámide de información para ofrecer información agregada sobre estados o resultados pero cuando se avanza en sentido contrario, lo que se maneja es información sobre decisiones, algunas tan directas y heterogéneas como lo son las relativas a los procesos sobre los que actúan. En estas condiciones, la problemática a resolver por el CG es servir de puente entre los resultados económicos y las decisiones que se toman sobre los procesos físicos de la empresa poniendo de manifiesto sus vínculos funcionales.\n\nEn la mayor parte de las definiciones de gestión y control de gestión consultadas no se especifica quién es el sujeto de dirección y cuando lo hacen se refieren a los managers o directivos denotándose un enfoque tradicional del control de gestión donde el personal es considerado como un recurso más de la producción cuya utilización debe ser calculada al menor costo posible; los trabajadores no se ven formando parte efectivamente del sistema ni participan de forma activa en el proceso de toma de decisiones.\nSin embargo, solo a través de la implicación de todo el personal, una empresa puede dar respuesta a las exigencias de flexibilidad y capacidad de reacción que le plantea hoy el cambio de entorno.(3) Pierden competitividad aquellas organizaciones que mantienen una división entre los que piensan y los que actúan; se abren paso las organizaciones inteligentes (learning organizations) que se basan en el aprendizaje y la gestión del conocimiento, lo que equivale a que los recursos humanos se convierten en el principal factor diferenciador en el actual contexto.\nHasta la década de 1970, es una tendencia considerar al CG como verificación de lo realizado, más que un proceso de aprendizaje y mejoramiento permanente del desempeño.\nSólo algunos autores subrayan el CG subordinado a la planificación estratégica. (1)(5)(12) Aspecto muy importante si de entornos turbulentos se trata, puesto que la gestión solo conducirá a resultados exitosos si previamente se ha marcado la meta y la estrategia para alcanzarla.\nLa consideración anterior conduce a otra muy importante y es que la gestión y el CG subordinados al planteamiento estratégico ofrecen una visión dinámica, de cambio en el diseño de los SCG, los cuales deben modificarse a la velocidad con que cambian las estrategias. A esto Lorino le llama "el problema de la coherencia entre la estrategia y las reglas de gestión"\n[editar]Conclusiones\n\nEl CG es un proceso que sirve para guiar la gestión hacia los objetivos de la organización y un instrumento para evaluarla. Su definición ha evolucionado en la medida que cambia el modelo de funcionamiento empresarial ante las exigencias del entorno.\n[editar]Principios de Control\n\nLos sistemas de control se basan en una serie de principios básicos, los cuales permiten alcanzar los objetivos propuestos por todo sistema de control. A saber son:\n\nUso de la Contabilidad como elemento informativo\nEconomía del Control\nControl por excepción\nControl por responsabilidades\nIntegración de los sistemas de control\nCoincidencia entre el presupuesto y el plan de cuentas contable\nInformación pertinente, precisa, sintética y oportuna\nMedidas adecuadas como consecuencia del control\n[editar]Referencias\n\n[editar]Véase también\n\ncuadro de mando integral\nsistemas de información ejecutiva\nplan estratégico\ncomposición de un sistema de trazabilidad\nsoftware de trazabilidad\nEl RFID como ayuda para el control interno de las compañías.\nEl RFID Data Suite como software para la gestión de activos y control de la trazabilidad interna', '2013-02-22 15:27:29');
INSERT INTO `pn_retroalimentacion` (`id_retro`, `id_participante`, `id_pn_capitulo`, `fortalezas`, `oportunidades`, `fecha_creacion`) VALUES
(59, 5, 3, 'iugiEl control de gestión es un proceso que sirve para guiar la gestión empresarial hacia los objetivos de la organización y un instrumento para evaluarla.\n\nExisten diferencias importantes entre las concepciones clásica y moderna de control de gestión. La primera es aquella que incluye únicamente al control operativo y que lo desarrolla a través de un sistema de información relacionado con la contabilidad de costos, mientras que la segunda integra muchos más elementos y contempla una continua interacción entre todos ellos. El nuevo concepto de control de gestión centra su atención por igual en la planificación y en el control, y precisa de una orientación estratégica que dote de sentido sus aspectos más operativos.\n\nÍndice  [ocultar] \n1 Sistema de control de gestión\n2 Introducción y resumen\n3 Desarrollo\n4 Conclusiones\n5 Principios de Control\n6 Referencias\n7 Véase también\n[editar]Sistema de control de gestión\n\nEl SCG cuenta con el diagnóstico o análisis para entender las causas raíces que condicionan el comportamiento de los sistemas físicos, permite establecer los vínculos funcionales que ligan las variables técnicas-organizativas-sociales con el resultado económico de la empresa y es el punto de partida para la mejora de los estándares; mediante la planificación orienta las acciones en correspondencia con las estrategias trazadas, hacia mejores resultados; y, finalmente, cuenta con el control para saber si los resultados satisfacen los objetivos trazados. El control de gestion, considera como elementos a evaluar, no solo aspectos cuantitativos sino tambien cualitativos, ademas, utiliza la vision interna y externa de la organizacion, para lo cual asigna un valor agregado a la cultura organizacional segun AMATT. Se puede señalar como diferencia principal entre Control de Gestion y Control Interno que el primero evalua los tres niveles de las organizaciones: NIVEL ESTRATEGICO, NIVEL TACTICO Y NIVEL OPERATIVO, y el segundo, se limita solo a los dos ultimos niveles.\n\n[editar]Introducción y resumen\n\nTaylor (1895) fue uno de los iniciadores del CG industrial, introdujo la contabilidad analítica, el cronometraje de los tiempos de mano de obra directa, los estándares, la asignación de los costos indirectos, la remuneración por rendimientos. Brown (1907) estableció la fórmula de la rentabilidad del capital. Todavía hoy se observan muchos ejemplos en las empresas el CG gira en torno al control de la eficiencia interna de la empresa, centrando su atención en los recursos que consume, en el beneficio inmediato y en la información financiera exterior.\n\nEn la segunda mitad del siglo XX han ocurrido cambios sustanciales del entorno, el cual ha pasado de estable con reglas de juego fijas, a turbulento y muy competitivo. Estos cambios de entorno han desencadenado en las empresas un gran número de cambios internos, en variables tales como la orientación hacia el cliente, el desarrollo tecnológico y la innovación, el papel rector de la dirección estratégica, los enfoques de calidad, el rol de los recursos humanos en la organización, la gestión de la información y otros. El éxito empresarial por lo tanto, exige una continua adaptación de la empresa a su entorno y la competitividad se convierte en el criterio económico por excelencia para orientar y evaluar el desempeño dentro y fuera de la empresa.\n\n[editar]Desarrollo\n\nAcerca de la definición de control de gestión (CG)\nSegún García (1975), el control de gestión (CG) es ante todo un método, un medio para conducir con orden el pensamiento y la acción, lo primero es prever, establecer un pronóstico sobre el cual fijar objetivos y definir un programa de acción. Lo segundo es controlar, comparando las realizaciones con las previsiones, al mismo tiempo que se ponen todos los medios para compensar las diferencias constatadas.\n\nBlanco (1984) plantea que la moderna filosofía del CG presenta la función de control como el proceso mediante el cual los directivos se aseguran de la obtención de recursos y del empleo eficaz y eficiente de los mismos en el cumplimiento de los objetivos de la empresa.\n\nLa gestión es una mezcla de decisiones locales con objetivos globales de la compañía, según lo ve Goldratt (1990), desde su teoría sobre gestión de las limitaciones (TOC), precisando que el control es una parte del sistema de información que responde a una de las preguntas gerenciales más perturbadoras: ¿cómo medir objetiva y constructivamente el desempeño local pasado?\n\nSegún Huge Jordan (1995), el CG es un instrumento de la gestión que aporta una ayuda a la decisión y sus útiles de dirección van a permitir a los directores alcanzar los objetivos; es una función descentralizada y coordinada para la planificación de objetivos, acompañada de un plan de acción y la verificación de que los objetivos han sido alcanzados.\n\nA partir de 1990, aparece el término controlling (4) en Alemania, España y Estados Unidos. El salto cualitativo no está en la definición misma de control de gestión, sino en lo que enfatiza ahora la literatura con este término: las nuevas características que debe presentar el control de gestión ante el cambio radical que está operándose en los modelos de perfeccionamiento empresarial. Kupper (1992) lo ve como un medio de coordinación de las numerosas partes del sistema de management. Pacher-Theinburg (1992) subraya la significación del controlling por la integración alcanzada entre las funciones de planificación y control. García Echevarría (1994) resalta tanto su dimensión estratégica y global de la empresa como su dimensión específica en la función que se dirige. El controlling, como el control de gestión, orientado más hacia el futuro que al pasado y donde se ve fundamentalmente a la empresa desde afuera de sí misma, integrada con el cliente y la competencia.\n\nSi continuáramos citando autores, se comprobaría que la definición de CG no es única, varía con cada autor y con el transcurso de los años, ya que el constante cambio del entorno empresarial conduce a una evolución en la forma de pensar y actuar, así como en los métodos y herramientas empleadas para dirigir una organización.\n\nRepasando diferentes definiciones sobre control de gestión se observa que:\n\nTodos los autores reconocen que los objetivos son la categoría rectora, porque el proceso de toma de decisiones está orientado a alcanzar los objetivos marcados y luego estos son el patrón para evaluar a la gestión, o sea el grado en que los resultados de la gestión se acercan a los objetivos previamente establecidos. El control de gestión se relaciona con las actividades siguientes: formulación de objetivos, fijación de estándares, programas de acción (presupuestos), utilización de recursos, medición de resultados (verificación), análisis de desviaciones, corrección del desempeño o mejora.\nSe diferencia entre el concepto de gestión, control de gestión y la función de control, pero no se observa la misma precisión al establecer sus fronteras. Algunos consideran que el control de gestión comprende tanto la etapa de previsión como la etapa de control o verificación propiamente dicha; otros lo ven más cercano a la ejecución y verificación; para otro, abarca los procesos de asignación de recursos, el seguimiento de las acciones y la evaluación del resultado.\nEn este marco se considera que la gestión comprende todos los procesos descritos anteriormente puesto que constituyen la vía para concretar y alcanzar la política general de la empresa, y por ende incluye al control de gestión como su herramienta para evaluar si las decisiones que se toman al asignar y utilizar los recursos, se alejan o se acercan a los objetivos. También se considera que el control de gestión no debe ser reducido a la función de control (entendido como evaluación y corrección del desempeño solamente) sino que comprende también la fase de planificación (porque durante el proceso de definir objetivos se determinan las formas de medirlos, y su cuantificación en el estándar), que a su vez está determinada por los procesos de mejoramiento que son los que le otorgan la capacidad de diagnóstico al control de gestión.\nAutores como Goldratt llaman la atención sobre el papel de la gestión y el CG como un puente entre los objetivos globales y los objetivos locales, reflejando la problemática existente de que muchos sistemas de control de gestión (SCG) se quedan en la medición de los objetivos globales de la compañía pero son incapaces de medir si los desempeños locales van contribuyendo o no al alcance de los objetivos globales. Resulta contrastante que en todas las definiciones se asocia al CG con la noción de medir y, sin embargo, una de las problemáticas no resueltas en lo referente a los SCG son los sistemas de información, que se quedan en la superficie o en lo global. Muchos CG son buenos para asignar tareas y recursos por departamentos, pero ineficientes para evaluar si el desempeño local contribuye o no al desempeño de la organización.\nLa mayor parte de la bibliografía consultada identifica, explícita o implícitamente, al CG con el control económico solamente, basado en la ventaja de la homogeneidad que ofrecen las medidas monetarias.\nAquí se considera que el CG debe ofrecer información homogénea en la medida que asciende en la pirámide de información para ofrecer información agregada sobre estados o resultados pero cuando se avanza en sentido contrario, lo que se maneja es información sobre decisiones, algunas tan directas y heterogéneas como lo son las relativas a los procesos sobre los que actúan. En estas condiciones, la problemática a resolver por el CG es servir de puente entre los resultados económicos y las decisiones que se toman sobre los procesos físicos de la empresa poniendo de manifiesto sus vínculos funcionales.\n\nEn la mayor parte de las definiciones de gestión y control de gestión consultadas no se especifica quién es el sujeto de dirección y cuando lo hacen se refieren a los managers o directivos denotándose un enfoque tradicional del control de gestión donde el personal es considerado como un recurso más de la producción cuya utilización debe ser calculada al menor costo posible; los trabajadores no se ven formando parte efectivamente del sistema ni participan de forma activa en el proceso de toma de decisiones.\nSin embargo, solo a través de la implicación de todo el personal, una empresa puede dar respuesta a las exigencias de flexibilidad y capacidad de reacción que le plantea hoy el cambio de entorno.(3) Pierden competitividad aquellas organizaciones que mantienen una división entre los que piensan y los que actúan; se abren paso las organizaciones inteligentes (learning organizations) que se basan en el aprendizaje y la gestión del conocimiento, lo que equivale a que los recursos humanos se convierten en el principal factor diferenciador en el actual contexto.\nHasta la década de 1970, es una tendencia considerar al CG como verificación de lo realizado, más que un proceso de aprendizaje y mejoramiento permanente del desempeño.\nSólo algunos autores subrayan el CG subordinado a la planificación estratégica. (1)(5)(12) Aspecto muy importante si de entornos turbulentos se trata, puesto que la gestión solo conducirá a resultados exitosos si previamente se ha marcado la meta y la estrategia para alcanzarla.\nLa consideración anterior conduce a otra muy importante y es que la gestión y el CG subordinados al planteamiento estratégico ofrecen una visión dinámica, de cambio en el diseño de los SCG, los cuales deben modificarse a la velocidad con que cambian las estrategias. A esto Lorino le llama "el problema de la coherencia entre la estrategia y las reglas de gestión"\n[editar]Conclusiones\n\nEl CG es un proceso que sirve para guiar la gestión hacia los objetivos de la organización y un instrumento para evaluarla. Su definición ha evolucionado en la medida que cambia el modelo de funcionamiento empresarial ante las exigencias del entorno.\n[editar]Principios de Control\n\nLos sistemas de control se basan en una serie de principios básicos, los cuales permiten alcanzar los objetivos propuestos por todo sistema de control. A saber son:\n\nUso de la Contabilidad como elemento informativo\nEconomía del Control\nControl por excepción\nControl por responsabilidades\nIntegración de los sistemas de control\nCoincidencia entre el presupuesto y el plan de cuentas contable\nInformación pertinente, precisa, sintética y oportuna\nMedidas adecuadas como consecuencia del control\n[editar]Referencias\n\n[editar]Véase también\n\ncuadro de mando integral\nsistemas de información ejecutiva\nplan estratégico\ncomposición de un sistema de trazabilidad\nsoftware de trazabilidad\nEl RFID como ayuda para el control interno de las compañías.\nEl RFID Data Suite como software para la gestión de activos y control de la trazabilidad interna', 'goihohEl control de gestión es un proceso que sirve para guiar la gestión empresarial hacia los objetivos de la organización y un instrumento para evaluarla.\n\nExisten diferencias importantes entre las concepciones clásica y moderna de control de gestión. La primera es aquella que incluye únicamente al control operativo y que lo desarrolla a través de un sistema de información relacionado con la contabilidad de costos, mientras que la segunda integra muchos más elementos y contempla una continua interacción entre todos ellos. El nuevo concepto de control de gestión centra su atención por igual en la planificación y en el control, y precisa de una orientación estratégica que dote de sentido sus aspectos más operativos.\n\nÍndice  [ocultar] \n1 Sistema de control de gestión\n2 Introducción y resumen\n3 Desarrollo\n4 Conclusiones\n5 Principios de Control\n6 Referencias\n7 Véase también\n[editar]Sistema de control de gestión\n\nEl SCG cuenta con el diagnóstico o análisis para entender las causas raíces que condicionan el comportamiento de los sistemas físicos, permite establecer los vínculos funcionales que ligan las variables técnicas-organizativas-sociales con el resultado económico de la empresa y es el punto de partida para la mejora de los estándares; mediante la planificación orienta las acciones en correspondencia con las estrategias trazadas, hacia mejores resultados; y, finalmente, cuenta con el control para saber si los resultados satisfacen los objetivos trazados. El control de gestion, considera como elementos a evaluar, no solo aspectos cuantitativos sino tambien cualitativos, ademas, utiliza la vision interna y externa de la organizacion, para lo cual asigna un valor agregado a la cultura organizacional segun AMATT. Se puede señalar como diferencia principal entre Control de Gestion y Control Interno que el primero evalua los tres niveles de las organizaciones: NIVEL ESTRATEGICO, NIVEL TACTICO Y NIVEL OPERATIVO, y el segundo, se limita solo a los dos ultimos niveles.\n\n[editar]Introducción y resumen\n\nTaylor (1895) fue uno de los iniciadores del CG industrial, introdujo la contabilidad analítica, el cronometraje de los tiempos de mano de obra directa, los estándares, la asignación de los costos indirectos, la remuneración por rendimientos. Brown (1907) estableció la fórmula de la rentabilidad del capital. Todavía hoy se observan muchos ejemplos en las empresas el CG gira en torno al control de la eficiencia interna de la empresa, centrando su atención en los recursos que consume, en el beneficio inmediato y en la información financiera exterior.\n\nEn la segunda mitad del siglo XX han ocurrido cambios sustanciales del entorno, el cual ha pasado de estable con reglas de juego fijas, a turbulento y muy competitivo. Estos cambios de entorno han desencadenado en las empresas un gran número de cambios internos, en variables tales como la orientación hacia el cliente, el desarrollo tecnológico y la innovación, el papel rector de la dirección estratégica, los enfoques de calidad, el rol de los recursos humanos en la organización, la gestión de la información y otros. El éxito empresarial por lo tanto, exige una continua adaptación de la empresa a su entorno y la competitividad se convierte en el criterio económico por excelencia para orientar y evaluar el desempeño dentro y fuera de la empresa.\n\n[editar]Desarrollo\n\nAcerca de la definición de control de gestión (CG)\nSegún García (1975), el control de gestión (CG) es ante todo un método, un medio para conducir con orden el pensamiento y la acción, lo primero es prever, establecer un pronóstico sobre el cual fijar objetivos y definir un programa de acción. Lo segundo es controlar, comparando las realizaciones con las previsiones, al mismo tiempo que se ponen todos los medios para compensar las diferencias constatadas.\n\nBlanco (1984) plantea que la moderna filosofía del CG presenta la función de control como el proceso mediante el cual los directivos se aseguran de la obtención de recursos y del empleo eficaz y eficiente de los mismos en el cumplimiento de los objetivos de la empresa.\n\nLa gestión es una mezcla de decisiones locales con objetivos globales de la compañía, según lo ve Goldratt (1990), desde su teoría sobre gestión de las limitaciones (TOC), precisando que el control es una parte del sistema de información que responde a una de las preguntas gerenciales más perturbadoras: ¿cómo medir objetiva y constructivamente el desempeño local pasado?\n\nSegún Huge Jordan (1995), el CG es un instrumento de la gestión que aporta una ayuda a la decisión y sus útiles de dirección van a permitir a los directores alcanzar los objetivos; es una función descentralizada y coordinada para la planificación de objetivos, acompañada de un plan de acción y la verificación de que los objetivos han sido alcanzados.\n\nA partir de 1990, aparece el término controlling (4) en Alemania, España y Estados Unidos. El salto cualitativo no está en la definición misma de control de gestión, sino en lo que enfatiza ahora la literatura con este término: las nuevas características que debe presentar el control de gestión ante el cambio radical que está operándose en los modelos de perfeccionamiento empresarial. Kupper (1992) lo ve como un medio de coordinación de las numerosas partes del sistema de management. Pacher-Theinburg (1992) subraya la significación del controlling por la integración alcanzada entre las funciones de planificación y control. García Echevarría (1994) resalta tanto su dimensión estratégica y global de la empresa como su dimensión específica en la función que se dirige. El controlling, como el control de gestión, orientado más hacia el futuro que al pasado y donde se ve fundamentalmente a la empresa desde afuera de sí misma, integrada con el cliente y la competencia.\n\nSi continuáramos citando autores, se comprobaría que la definición de CG no es única, varía con cada autor y con el transcurso de los años, ya que el constante cambio del entorno empresarial conduce a una evolución en la forma de pensar y actuar, así como en los métodos y herramientas empleadas para dirigir una organización.\n\nRepasando diferentes definiciones sobre control de gestión se observa que:\n\nTodos los autores reconocen que los objetivos son la categoría rectora, porque el proceso de toma de decisiones está orientado a alcanzar los objetivos marcados y luego estos son el patrón para evaluar a la gestión, o sea el grado en que los resultados de la gestión se acercan a los objetivos previamente establecidos. El control de gestión se relaciona con las actividades siguientes: formulación de objetivos, fijación de estándares, programas de acción (presupuestos), utilización de recursos, medición de resultados (verificación), análisis de desviaciones, corrección del desempeño o mejora.\nSe diferencia entre el concepto de gestión, control de gestión y la función de control, pero no se observa la misma precisión al establecer sus fronteras. Algunos consideran que el control de gestión comprende tanto la etapa de previsión como la etapa de control o verificación propiamente dicha; otros lo ven más cercano a la ejecución y verificación; para otro, abarca los procesos de asignación de recursos, el seguimiento de las acciones y la evaluación del resultado.\nEn este marco se considera que la gestión comprende todos los procesos descritos anteriormente puesto que constituyen la vía para concretar y alcanzar la política general de la empresa, y por ende incluye al control de gestión como su herramienta para evaluar si las decisiones que se toman al asignar y utilizar los recursos, se alejan o se acercan a los objetivos. También se considera que el control de gestión no debe ser reducido a la función de control (entendido como evaluación y corrección del desempeño solamente) sino que comprende también la fase de planificación (porque durante el proceso de definir objetivos se determinan las formas de medirlos, y su cuantificación en el estándar), que a su vez está determinada por los procesos de mejoramiento que son los que le otorgan la capacidad de diagnóstico al control de gestión.\nAutores como Goldratt llaman la atención sobre el papel de la gestión y el CG como un puente entre los objetivos globales y los objetivos locales, reflejando la problemática existente de que muchos sistemas de control de gestión (SCG) se quedan en la medición de los objetivos globales de la compañía pero son incapaces de medir si los desempeños locales van contribuyendo o no al alcance de los objetivos globales. Resulta contrastante que en todas las definiciones se asocia al CG con la noción de medir y, sin embargo, una de las problemáticas no resueltas en lo referente a los SCG son los sistemas de información, que se quedan en la superficie o en lo global. Muchos CG son buenos para asignar tareas y recursos por departamentos, pero ineficientes para evaluar si el desempeño local contribuye o no al desempeño de la organización.\nLa mayor parte de la bibliografía consultada identifica, explícita o implícitamente, al CG con el control económico solamente, basado en la ventaja de la homogeneidad que ofrecen las medidas monetarias.\nAquí se considera que el CG debe ofrecer información homogénea en la medida que asciende en la pirámide de información para ofrecer información agregada sobre estados o resultados pero cuando se avanza en sentido contrario, lo que se maneja es información sobre decisiones, algunas tan directas y heterogéneas como lo son las relativas a los procesos sobre los que actúan. En estas condiciones, la problemática a resolver por el CG es servir de puente entre los resultados económicos y las decisiones que se toman sobre los procesos físicos de la empresa poniendo de manifiesto sus vínculos funcionales.\n\nEn la mayor parte de las definiciones de gestión y control de gestión consultadas no se especifica quién es el sujeto de dirección y cuando lo hacen se refieren a los managers o directivos denotándose un enfoque tradicional del control de gestión donde el personal es considerado como un recurso más de la producción cuya utilización debe ser calculada al menor costo posible; los trabajadores no se ven formando parte efectivamente del sistema ni participan de forma activa en el proceso de toma de decisiones.\nSin embargo, solo a través de la implicación de todo el personal, una empresa puede dar respuesta a las exigencias de flexibilidad y capacidad de reacción que le plantea hoy el cambio de entorno.(3) Pierden competitividad aquellas organizaciones que mantienen una división entre los que piensan y los que actúan; se abren paso las organizaciones inteligentes (learning organizations) que se basan en el aprendizaje y la gestión del conocimiento, lo que equivale a que los recursos humanos se convierten en el principal factor diferenciador en el actual contexto.\nHasta la década de 1970, es una tendencia considerar al CG como verificación de lo realizado, más que un proceso de aprendizaje y mejoramiento permanente del desempeño.\nSólo algunos autores subrayan el CG subordinado a la planificación estratégica. (1)(5)(12) Aspecto muy importante si de entornos turbulentos se trata, puesto que la gestión solo conducirá a resultados exitosos si previamente se ha marcado la meta y la estrategia para alcanzarla.\nLa consideración anterior conduce a otra muy importante y es que la gestión y el CG subordinados al planteamiento estratégico ofrecen una visión dinámica, de cambio en el diseño de los SCG, los cuales deben modificarse a la velocidad con que cambian las estrategias. A esto Lorino le llama "el problema de la coherencia entre la estrategia y las reglas de gestión"\n[editar]Conclusiones\n\nEl CG es un proceso que sirve para guiar la gestión hacia los objetivos de la organización y un instrumento para evaluarla. Su definición ha evolucionado en la medida que cambia el modelo de funcionamiento empresarial ante las exigencias del entorno.\n[editar]Principios de Control\n\nLos sistemas de control se basan en una serie de principios básicos, los cuales permiten alcanzar los objetivos propuestos por todo sistema de control. A saber son:\n\nUso de la Contabilidad como elemento informativo\nEconomía del Control\nControl por excepción\nControl por responsabilidades\nIntegración de los sistemas de control\nCoincidencia entre el presupuesto y el plan de cuentas contable\nInformación pertinente, precisa, sintética y oportuna\nMedidas adecuadas como consecuencia del control\n[editar]Referencias\n\n[editar]Véase también\n\ncuadro de mando integral\nsistemas de información ejecutiva\nplan estratégico\ncomposición de un sistema de trazabilidad\nsoftware de trazabilidad\nEl RFID como ayuda para el control interno de las compañías.\nEl RFID Data Suite como software para la gestión de activos y control de la trazabilidad interna', '2013-02-22 15:27:29');
INSERT INTO `pn_retroalimentacion` (`id_retro`, `id_participante`, `id_pn_capitulo`, `fortalezas`, `oportunidades`, `fecha_creacion`) VALUES
(60, 5, 4, 'iugiugEl control de gestión es un proceso que sirve para guiar la gestión empresarial hacia los objetivos de la organización y un instrumento para evaluarla.\n\nExisten diferencias importantes entre las concepciones clásica y moderna de control de gestión. La primera es aquella que incluye únicamente al control operativo y que lo desarrolla a través de un sistema de información relacionado con la contabilidad de costos, mientras que la segunda integra muchos más elementos y contempla una continua interacción entre todos ellos. El nuevo concepto de control de gestión centra su atención por igual en la planificación y en el control, y precisa de una orientación estratégica que dote de sentido sus aspectos más operativos.\n\nÍndice  [ocultar] \n1 Sistema de control de gestión\n2 Introducción y resumen\n3 Desarrollo\n4 Conclusiones\n5 Principios de Control\n6 Referencias\n7 Véase también\n[editar]Sistema de control de gestión\n\nEl SCG cuenta con el diagnóstico o análisis para entender las causas raíces que condicionan el comportamiento de los sistemas físicos, permite establecer los vínculos funcionales que ligan las variables técnicas-organizativas-sociales con el resultado económico de la empresa y es el punto de partida para la mejora de los estándares; mediante la planificación orienta las acciones en correspondencia con las estrategias trazadas, hacia mejores resultados; y, finalmente, cuenta con el control para saber si los resultados satisfacen los objetivos trazados. El control de gestion, considera como elementos a evaluar, no solo aspectos cuantitativos sino tambien cualitativos, ademas, utiliza la vision interna y externa de la organizacion, para lo cual asigna un valor agregado a la cultura organizacional segun AMATT. Se puede señalar como diferencia principal entre Control de Gestion y Control Interno que el primero evalua los tres niveles de las organizaciones: NIVEL ESTRATEGICO, NIVEL TACTICO Y NIVEL OPERATIVO, y el segundo, se limita solo a los dos ultimos niveles.\n\n[editar]Introducción y resumen\n\nTaylor (1895) fue uno de los iniciadores del CG industrial, introdujo la contabilidad analítica, el cronometraje de los tiempos de mano de obra directa, los estándares, la asignación de los costos indirectos, la remuneración por rendimientos. Brown (1907) estableció la fórmula de la rentabilidad del capital. Todavía hoy se observan muchos ejemplos en las empresas el CG gira en torno al control de la eficiencia interna de la empresa, centrando su atención en los recursos que consume, en el beneficio inmediato y en la información financiera exterior.\n\nEn la segunda mitad del siglo XX han ocurrido cambios sustanciales del entorno, el cual ha pasado de estable con reglas de juego fijas, a turbulento y muy competitivo. Estos cambios de entorno han desencadenado en las empresas un gran número de cambios internos, en variables tales como la orientación hacia el cliente, el desarrollo tecnológico y la innovación, el papel rector de la dirección estratégica, los enfoques de calidad, el rol de los recursos humanos en la organización, la gestión de la información y otros. El éxito empresarial por lo tanto, exige una continua adaptación de la empresa a su entorno y la competitividad se convierte en el criterio económico por excelencia para orientar y evaluar el desempeño dentro y fuera de la empresa.\n\n[editar]Desarrollo\n\nAcerca de la definición de control de gestión (CG)\nSegún García (1975), el control de gestión (CG) es ante todo un método, un medio para conducir con orden el pensamiento y la acción, lo primero es prever, establecer un pronóstico sobre el cual fijar objetivos y definir un programa de acción. Lo segundo es controlar, comparando las realizaciones con las previsiones, al mismo tiempo que se ponen todos los medios para compensar las diferencias constatadas.\n\nBlanco (1984) plantea que la moderna filosofía del CG presenta la función de control como el proceso mediante el cual los directivos se aseguran de la obtención de recursos y del empleo eficaz y eficiente de los mismos en el cumplimiento de los objetivos de la empresa.\n\nLa gestión es una mezcla de decisiones locales con objetivos globales de la compañía, según lo ve Goldratt (1990), desde su teoría sobre gestión de las limitaciones (TOC), precisando que el control es una parte del sistema de información que responde a una de las preguntas gerenciales más perturbadoras: ¿cómo medir objetiva y constructivamente el desempeño local pasado?\n\nSegún Huge Jordan (1995), el CG es un instrumento de la gestión que aporta una ayuda a la decisión y sus útiles de dirección van a permitir a los directores alcanzar los objetivos; es una función descentralizada y coordinada para la planificación de objetivos, acompañada de un plan de acción y la verificación de que los objetivos han sido alcanzados.\n\nA partir de 1990, aparece el término controlling (4) en Alemania, España y Estados Unidos. El salto cualitativo no está en la definición misma de control de gestión, sino en lo que enfatiza ahora la literatura con este término: las nuevas características que debe presentar el control de gestión ante el cambio radical que está operándose en los modelos de perfeccionamiento empresarial. Kupper (1992) lo ve como un medio de coordinación de las numerosas partes del sistema de management. Pacher-Theinburg (1992) subraya la significación del controlling por la integración alcanzada entre las funciones de planificación y control. García Echevarría (1994) resalta tanto su dimensión estratégica y global de la empresa como su dimensión específica en la función que se dirige. El controlling, como el control de gestión, orientado más hacia el futuro que al pasado y donde se ve fundamentalmente a la empresa desde afuera de sí misma, integrada con el cliente y la competencia.\n\nSi continuáramos citando autores, se comprobaría que la definición de CG no es única, varía con cada autor y con el transcurso de los años, ya que el constante cambio del entorno empresarial conduce a una evolución en la forma de pensar y actuar, así como en los métodos y herramientas empleadas para dirigir una organización.\n\nRepasando diferentes definiciones sobre control de gestión se observa que:\n\nTodos los autores reconocen que los objetivos son la categoría rectora, porque el proceso de toma de decisiones está orientado a alcanzar los objetivos marcados y luego estos son el patrón para evaluar a la gestión, o sea el grado en que los resultados de la gestión se acercan a los objetivos previamente establecidos. El control de gestión se relaciona con las actividades siguientes: formulación de objetivos, fijación de estándares, programas de acción (presupuestos), utilización de recursos, medición de resultados (verificación), análisis de desviaciones, corrección del desempeño o mejora.\nSe diferencia entre el concepto de gestión, control de gestión y la función de control, pero no se observa la misma precisión al establecer sus fronteras. Algunos consideran que el control de gestión comprende tanto la etapa de previsión como la etapa de control o verificación propiamente dicha; otros lo ven más cercano a la ejecución y verificación; para otro, abarca los procesos de asignación de recursos, el seguimiento de las acciones y la evaluación del resultado.\nEn este marco se considera que la gestión comprende todos los procesos descritos anteriormente puesto que constituyen la vía para concretar y alcanzar la política general de la empresa, y por ende incluye al control de gestión como su herramienta para evaluar si las decisiones que se toman al asignar y utilizar los recursos, se alejan o se acercan a los objetivos. También se considera que el control de gestión no debe ser reducido a la función de control (entendido como evaluación y corrección del desempeño solamente) sino que comprende también la fase de planificación (porque durante el proceso de definir objetivos se determinan las formas de medirlos, y su cuantificación en el estándar), que a su vez está determinada por los procesos de mejoramiento que son los que le otorgan la capacidad de diagnóstico al control de gestión.\nAutores como Goldratt llaman la atención sobre el papel de la gestión y el CG como un puente entre los objetivos globales y los objetivos locales, reflejando la problemática existente de que muchos sistemas de control de gestión (SCG) se quedan en la medición de los objetivos globales de la compañía pero son incapaces de medir si los desempeños locales van contribuyendo o no al alcance de los objetivos globales. Resulta contrastante que en todas las definiciones se asocia al CG con la noción de medir y, sin embargo, una de las problemáticas no resueltas en lo referente a los SCG son los sistemas de información, que se quedan en la superficie o en lo global. Muchos CG son buenos para asignar tareas y recursos por departamentos, pero ineficientes para evaluar si el desempeño local contribuye o no al desempeño de la organización.\nLa mayor parte de la bibliografía consultada identifica, explícita o implícitamente, al CG con el control económico solamente, basado en la ventaja de la homogeneidad que ofrecen las medidas monetarias.\nAquí se considera que el CG debe ofrecer información homogénea en la medida que asciende en la pirámide de información para ofrecer información agregada sobre estados o resultados pero cuando se avanza en sentido contrario, lo que se maneja es información sobre decisiones, algunas tan directas y heterogéneas como lo son las relativas a los procesos sobre los que actúan. En estas condiciones, la problemática a resolver por el CG es servir de puente entre los resultados económicos y las decisiones que se toman sobre los procesos físicos de la empresa poniendo de manifiesto sus vínculos funcionales.\n\nEn la mayor parte de las definiciones de gestión y control de gestión consultadas no se especifica quién es el sujeto de dirección y cuando lo hacen se refieren a los managers o directivos denotándose un enfoque tradicional del control de gestión donde el personal es considerado como un recurso más de la producción cuya utilización debe ser calculada al menor costo posible; los trabajadores no se ven formando parte efectivamente del sistema ni participan de forma activa en el proceso de toma de decisiones.\nSin embargo, solo a través de la implicación de todo el personal, una empresa puede dar respuesta a las exigencias de flexibilidad y capacidad de reacción que le plantea hoy el cambio de entorno.(3) Pierden competitividad aquellas organizaciones que mantienen una división entre los que piensan y los que actúan; se abren paso las organizaciones inteligentes (learning organizations) que se basan en el aprendizaje y la gestión del conocimiento, lo que equivale a que los recursos humanos se convierten en el principal factor diferenciador en el actual contexto.\nHasta la década de 1970, es una tendencia considerar al CG como verificación de lo realizado, más que un proceso de aprendizaje y mejoramiento permanente del desempeño.\nSólo algunos autores subrayan el CG subordinado a la planificación estratégica. (1)(5)(12) Aspecto muy importante si de entornos turbulentos se trata, puesto que la gestión solo conducirá a resultados exitosos si previamente se ha marcado la meta y la estrategia para alcanzarla.\nLa consideración anterior conduce a otra muy importante y es que la gestión y el CG subordinados al planteamiento estratégico ofrecen una visión dinámica, de cambio en el diseño de los SCG, los cuales deben modificarse a la velocidad con que cambian las estrategias. A esto Lorino le llama "el problema de la coherencia entre la estrategia y las reglas de gestión"\n[editar]Conclusiones\n\nEl CG es un proceso que sirve para guiar la gestión hacia los objetivos de la organización y un instrumento para evaluarla. Su definición ha evolucionado en la medida que cambia el modelo de funcionamiento empresarial ante las exigencias del entorno.\n[editar]Principios de Control\n\nLos sistemas de control se basan en una serie de principios básicos, los cuales permiten alcanzar los objetivos propuestos por todo sistema de control. A saber son:\n\nUso de la Contabilidad como elemento informativo\nEconomía del Control\nControl por excepción\nControl por responsabilidades\nIntegración de los sistemas de control\nCoincidencia entre el presupuesto y el plan de cuentas contable\nInformación pertinente, precisa, sintética y oportuna\nMedidas adecuadas como consecuencia del control\n[editar]Referencias\n\n[editar]Véase también\n\ncuadro de mando integral\nsistemas de información ejecutiva\nplan estratégico\ncomposición de un sistema de trazabilidad\nsoftware de trazabilidad\nEl RFID como ayuda para el control interno de las compañías.\nEl RFID Data Suite como software para la gestión de activos y control de la trazabilidad interna', 'iugiughEl control de gestión es un proceso que sirve para guiar la gestión empresarial hacia los objetivos de la organización y un instrumento para evaluarla.\n\nExisten diferencias importantes entre las concepciones clásica y moderna de control de gestión. La primera es aquella que incluye únicamente al control operativo y que lo desarrolla a través de un sistema de información relacionado con la contabilidad de costos, mientras que la segunda integra muchos más elementos y contempla una continua interacción entre todos ellos. El nuevo concepto de control de gestión centra su atención por igual en la planificación y en el control, y precisa de una orientación estratégica que dote de sentido sus aspectos más operativos.\n\nÍndice  [ocultar] \n1 Sistema de control de gestión\n2 Introducción y resumen\n3 Desarrollo\n4 Conclusiones\n5 Principios de Control\n6 Referencias\n7 Véase también\n[editar]Sistema de control de gestión\n\nEl SCG cuenta con el diagnóstico o análisis para entender las causas raíces que condicionan el comportamiento de los sistemas físicos, permite establecer los vínculos funcionales que ligan las variables técnicas-organizativas-sociales con el resultado económico de la empresa y es el punto de partida para la mejora de los estándares; mediante la planificación orienta las acciones en correspondencia con las estrategias trazadas, hacia mejores resultados; y, finalmente, cuenta con el control para saber si los resultados satisfacen los objetivos trazados. El control de gestion, considera como elementos a evaluar, no solo aspectos cuantitativos sino tambien cualitativos, ademas, utiliza la vision interna y externa de la organizacion, para lo cual asigna un valor agregado a la cultura organizacional segun AMATT. Se puede señalar como diferencia principal entre Control de Gestion y Control Interno que el primero evalua los tres niveles de las organizaciones: NIVEL ESTRATEGICO, NIVEL TACTICO Y NIVEL OPERATIVO, y el segundo, se limita solo a los dos ultimos niveles.\n\n[editar]Introducción y resumen\n\nTaylor (1895) fue uno de los iniciadores del CG industrial, introdujo la contabilidad analítica, el cronometraje de los tiempos de mano de obra directa, los estándares, la asignación de los costos indirectos, la remuneración por rendimientos. Brown (1907) estableció la fórmula de la rentabilidad del capital. Todavía hoy se observan muchos ejemplos en las empresas el CG gira en torno al control de la eficiencia interna de la empresa, centrando su atención en los recursos que consume, en el beneficio inmediato y en la información financiera exterior.\n\nEn la segunda mitad del siglo XX han ocurrido cambios sustanciales del entorno, el cual ha pasado de estable con reglas de juego fijas, a turbulento y muy competitivo. Estos cambios de entorno han desencadenado en las empresas un gran número de cambios internos, en variables tales como la orientación hacia el cliente, el desarrollo tecnológico y la innovación, el papel rector de la dirección estratégica, los enfoques de calidad, el rol de los recursos humanos en la organización, la gestión de la información y otros. El éxito empresarial por lo tanto, exige una continua adaptación de la empresa a su entorno y la competitividad se convierte en el criterio económico por excelencia para orientar y evaluar el desempeño dentro y fuera de la empresa.\n\n[editar]Desarrollo\n\nAcerca de la definición de control de gestión (CG)\nSegún García (1975), el control de gestión (CG) es ante todo un método, un medio para conducir con orden el pensamiento y la acción, lo primero es prever, establecer un pronóstico sobre el cual fijar objetivos y definir un programa de acción. Lo segundo es controlar, comparando las realizaciones con las previsiones, al mismo tiempo que se ponen todos los medios para compensar las diferencias constatadas.\n\nBlanco (1984) plantea que la moderna filosofía del CG presenta la función de control como el proceso mediante el cual los directivos se aseguran de la obtención de recursos y del empleo eficaz y eficiente de los mismos en el cumplimiento de los objetivos de la empresa.\n\nLa gestión es una mezcla de decisiones locales con objetivos globales de la compañía, según lo ve Goldratt (1990), desde su teoría sobre gestión de las limitaciones (TOC), precisando que el control es una parte del sistema de información que responde a una de las preguntas gerenciales más perturbadoras: ¿cómo medir objetiva y constructivamente el desempeño local pasado?\n\nSegún Huge Jordan (1995), el CG es un instrumento de la gestión que aporta una ayuda a la decisión y sus útiles de dirección van a permitir a los directores alcanzar los objetivos; es una función descentralizada y coordinada para la planificación de objetivos, acompañada de un plan de acción y la verificación de que los objetivos han sido alcanzados.\n\nA partir de 1990, aparece el término controlling (4) en Alemania, España y Estados Unidos. El salto cualitativo no está en la definición misma de control de gestión, sino en lo que enfatiza ahora la literatura con este término: las nuevas características que debe presentar el control de gestión ante el cambio radical que está operándose en los modelos de perfeccionamiento empresarial. Kupper (1992) lo ve como un medio de coordinación de las numerosas partes del sistema de management. Pacher-Theinburg (1992) subraya la significación del controlling por la integración alcanzada entre las funciones de planificación y control. García Echevarría (1994) resalta tanto su dimensión estratégica y global de la empresa como su dimensión específica en la función que se dirige. El controlling, como el control de gestión, orientado más hacia el futuro que al pasado y donde se ve fundamentalmente a la empresa desde afuera de sí misma, integrada con el cliente y la competencia.\n\nSi continuáramos citando autores, se comprobaría que la definición de CG no es única, varía con cada autor y con el transcurso de los años, ya que el constante cambio del entorno empresarial conduce a una evolución en la forma de pensar y actuar, así como en los métodos y herramientas empleadas para dirigir una organización.\n\nRepasando diferentes definiciones sobre control de gestión se observa que:\n\nTodos los autores reconocen que los objetivos son la categoría rectora, porque el proceso de toma de decisiones está orientado a alcanzar los objetivos marcados y luego estos son el patrón para evaluar a la gestión, o sea el grado en que los resultados de la gestión se acercan a los objetivos previamente establecidos. El control de gestión se relaciona con las actividades siguientes: formulación de objetivos, fijación de estándares, programas de acción (presupuestos), utilización de recursos, medición de resultados (verificación), análisis de desviaciones, corrección del desempeño o mejora.\nSe diferencia entre el concepto de gestión, control de gestión y la función de control, pero no se observa la misma precisión al establecer sus fronteras. Algunos consideran que el control de gestión comprende tanto la etapa de previsión como la etapa de control o verificación propiamente dicha; otros lo ven más cercano a la ejecución y verificación; para otro, abarca los procesos de asignación de recursos, el seguimiento de las acciones y la evaluación del resultado.\nEn este marco se considera que la gestión comprende todos los procesos descritos anteriormente puesto que constituyen la vía para concretar y alcanzar la política general de la empresa, y por ende incluye al control de gestión como su herramienta para evaluar si las decisiones que se toman al asignar y utilizar los recursos, se alejan o se acercan a los objetivos. También se considera que el control de gestión no debe ser reducido a la función de control (entendido como evaluación y corrección del desempeño solamente) sino que comprende también la fase de planificación (porque durante el proceso de definir objetivos se determinan las formas de medirlos, y su cuantificación en el estándar), que a su vez está determinada por los procesos de mejoramiento que son los que le otorgan la capacidad de diagnóstico al control de gestión.\nAutores como Goldratt llaman la atención sobre el papel de la gestión y el CG como un puente entre los objetivos globales y los objetivos locales, reflejando la problemática existente de que muchos sistemas de control de gestión (SCG) se quedan en la medición de los objetivos globales de la compañía pero son incapaces de medir si los desempeños locales van contribuyendo o no al alcance de los objetivos globales. Resulta contrastante que en todas las definiciones se asocia al CG con la noción de medir y, sin embargo, una de las problemáticas no resueltas en lo referente a los SCG son los sistemas de información, que se quedan en la superficie o en lo global. Muchos CG son buenos para asignar tareas y recursos por departamentos, pero ineficientes para evaluar si el desempeño local contribuye o no al desempeño de la organización.\nLa mayor parte de la bibliografía consultada identifica, explícita o implícitamente, al CG con el control económico solamente, basado en la ventaja de la homogeneidad que ofrecen las medidas monetarias.\nAquí se considera que el CG debe ofrecer información homogénea en la medida que asciende en la pirámide de información para ofrecer información agregada sobre estados o resultados pero cuando se avanza en sentido contrario, lo que se maneja es información sobre decisiones, algunas tan directas y heterogéneas como lo son las relativas a los procesos sobre los que actúan. En estas condiciones, la problemática a resolver por el CG es servir de puente entre los resultados económicos y las decisiones que se toman sobre los procesos físicos de la empresa poniendo de manifiesto sus vínculos funcionales.\n\nEn la mayor parte de las definiciones de gestión y control de gestión consultadas no se especifica quién es el sujeto de dirección y cuando lo hacen se refieren a los managers o directivos denotándose un enfoque tradicional del control de gestión donde el personal es considerado como un recurso más de la producción cuya utilización debe ser calculada al menor costo posible; los trabajadores no se ven formando parte efectivamente del sistema ni participan de forma activa en el proceso de toma de decisiones.\nSin embargo, solo a través de la implicación de todo el personal, una empresa puede dar respuesta a las exigencias de flexibilidad y capacidad de reacción que le plantea hoy el cambio de entorno.(3) Pierden competitividad aquellas organizaciones que mantienen una división entre los que piensan y los que actúan; se abren paso las organizaciones inteligentes (learning organizations) que se basan en el aprendizaje y la gestión del conocimiento, lo que equivale a que los recursos humanos se convierten en el principal factor diferenciador en el actual contexto.\nHasta la década de 1970, es una tendencia considerar al CG como verificación de lo realizado, más que un proceso de aprendizaje y mejoramiento permanente del desempeño.\nSólo algunos autores subrayan el CG subordinado a la planificación estratégica. (1)(5)(12) Aspecto muy importante si de entornos turbulentos se trata, puesto que la gestión solo conducirá a resultados exitosos si previamente se ha marcado la meta y la estrategia para alcanzarla.\nLa consideración anterior conduce a otra muy importante y es que la gestión y el CG subordinados al planteamiento estratégico ofrecen una visión dinámica, de cambio en el diseño de los SCG, los cuales deben modificarse a la velocidad con que cambian las estrategias. A esto Lorino le llama "el problema de la coherencia entre la estrategia y las reglas de gestión"\n[editar]Conclusiones\n\nEl CG es un proceso que sirve para guiar la gestión hacia los objetivos de la organización y un instrumento para evaluarla. Su definición ha evolucionado en la medida que cambia el modelo de funcionamiento empresarial ante las exigencias del entorno.\n[editar]Principios de Control\n\nLos sistemas de control se basan en una serie de principios básicos, los cuales permiten alcanzar los objetivos propuestos por todo sistema de control. A saber son:\n\nUso de la Contabilidad como elemento informativo\nEconomía del Control\nControl por excepción\nControl por responsabilidades\nIntegración de los sistemas de control\nCoincidencia entre el presupuesto y el plan de cuentas contable\nInformación pertinente, precisa, sintética y oportuna\nMedidas adecuadas como consecuencia del control\n[editar]Referencias\n\n[editar]Véase también\n\ncuadro de mando integral\nsistemas de información ejecutiva\nplan estratégico\ncomposición de un sistema de trazabilidad\nsoftware de trazabilidad\nEl RFID como ayuda para el control interno de las compañías.\nEl RFID Data Suite como software para la gestión de activos y control de la trazabilidad interna', '2013-02-22 15:27:29');
INSERT INTO `pn_retroalimentacion` (`id_retro`, `id_participante`, `id_pn_capitulo`, `fortalezas`, `oportunidades`, `fecha_creacion`) VALUES
(61, 5, 5, 'iugvigvEl control de gestión es un proceso que sirve para guiar la gestión empresarial hacia los objetivos de la organización y un instrumento para evaluarla.\n\nExisten diferencias importantes entre las concepciones clásica y moderna de control de gestión. La primera es aquella que incluye únicamente al control operativo y que lo desarrolla a través de un sistema de información relacionado con la contabilidad de costos, mientras que la segunda integra muchos más elementos y contempla una continua interacción entre todos ellos. El nuevo concepto de control de gestión centra su atención por igual en la planificación y en el control, y precisa de una orientación estratégica que dote de sentido sus aspectos más operativos.\n\nÍndice  [ocultar] \n1 Sistema de control de gestión\n2 Introducción y resumen\n3 Desarrollo\n4 Conclusiones\n5 Principios de Control\n6 Referencias\n7 Véase también\n[editar]Sistema de control de gestión\n\nEl SCG cuenta con el diagnóstico o análisis para entender las causas raíces que condicionan el comportamiento de los sistemas físicos, permite establecer los vínculos funcionales que ligan las variables técnicas-organizativas-sociales con el resultado económico de la empresa y es el punto de partida para la mejora de los estándares; mediante la planificación orienta las acciones en correspondencia con las estrategias trazadas, hacia mejores resultados; y, finalmente, cuenta con el control para saber si los resultados satisfacen los objetivos trazados. El control de gestion, considera como elementos a evaluar, no solo aspectos cuantitativos sino tambien cualitativos, ademas, utiliza la vision interna y externa de la organizacion, para lo cual asigna un valor agregado a la cultura organizacional segun AMATT. Se puede señalar como diferencia principal entre Control de Gestion y Control Interno que el primero evalua los tres niveles de las organizaciones: NIVEL ESTRATEGICO, NIVEL TACTICO Y NIVEL OPERATIVO, y el segundo, se limita solo a los dos ultimos niveles.\n\n[editar]Introducción y resumen\n\nTaylor (1895) fue uno de los iniciadores del CG industrial, introdujo la contabilidad analítica, el cronometraje de los tiempos de mano de obra directa, los estándares, la asignación de los costos indirectos, la remuneración por rendimientos. Brown (1907) estableció la fórmula de la rentabilidad del capital. Todavía hoy se observan muchos ejemplos en las empresas el CG gira en torno al control de la eficiencia interna de la empresa, centrando su atención en los recursos que consume, en el beneficio inmediato y en la información financiera exterior.\n\nEn la segunda mitad del siglo XX han ocurrido cambios sustanciales del entorno, el cual ha pasado de estable con reglas de juego fijas, a turbulento y muy competitivo. Estos cambios de entorno han desencadenado en las empresas un gran número de cambios internos, en variables tales como la orientación hacia el cliente, el desarrollo tecnológico y la innovación, el papel rector de la dirección estratégica, los enfoques de calidad, el rol de los recursos humanos en la organización, la gestión de la información y otros. El éxito empresarial por lo tanto, exige una continua adaptación de la empresa a su entorno y la competitividad se convierte en el criterio económico por excelencia para orientar y evaluar el desempeño dentro y fuera de la empresa.\n\n[editar]Desarrollo\n\nAcerca de la definición de control de gestión (CG)\nSegún García (1975), el control de gestión (CG) es ante todo un método, un medio para conducir con orden el pensamiento y la acción, lo primero es prever, establecer un pronóstico sobre el cual fijar objetivos y definir un programa de acción. Lo segundo es controlar, comparando las realizaciones con las previsiones, al mismo tiempo que se ponen todos los medios para compensar las diferencias constatadas.\n\nBlanco (1984) plantea que la moderna filosofía del CG presenta la función de control como el proceso mediante el cual los directivos se aseguran de la obtención de recursos y del empleo eficaz y eficiente de los mismos en el cumplimiento de los objetivos de la empresa.\n\nLa gestión es una mezcla de decisiones locales con objetivos globales de la compañía, según lo ve Goldratt (1990), desde su teoría sobre gestión de las limitaciones (TOC), precisando que el control es una parte del sistema de información que responde a una de las preguntas gerenciales más perturbadoras: ¿cómo medir objetiva y constructivamente el desempeño local pasado?\n\nSegún Huge Jordan (1995), el CG es un instrumento de la gestión que aporta una ayuda a la decisión y sus útiles de dirección van a permitir a los directores alcanzar los objetivos; es una función descentralizada y coordinada para la planificación de objetivos, acompañada de un plan de acción y la verificación de que los objetivos han sido alcanzados.\n\nA partir de 1990, aparece el término controlling (4) en Alemania, España y Estados Unidos. El salto cualitativo no está en la definición misma de control de gestión, sino en lo que enfatiza ahora la literatura con este término: las nuevas características que debe presentar el control de gestión ante el cambio radical que está operándose en los modelos de perfeccionamiento empresarial. Kupper (1992) lo ve como un medio de coordinación de las numerosas partes del sistema de management. Pacher-Theinburg (1992) subraya la significación del controlling por la integración alcanzada entre las funciones de planificación y control. García Echevarría (1994) resalta tanto su dimensión estratégica y global de la empresa como su dimensión específica en la función que se dirige. El controlling, como el control de gestión, orientado más hacia el futuro que al pasado y donde se ve fundamentalmente a la empresa desde afuera de sí misma, integrada con el cliente y la competencia.\n\nSi continuáramos citando autores, se comprobaría que la definición de CG no es única, varía con cada autor y con el transcurso de los años, ya que el constante cambio del entorno empresarial conduce a una evolución en la forma de pensar y actuar, así como en los métodos y herramientas empleadas para dirigir una organización.\n\nRepasando diferentes definiciones sobre control de gestión se observa que:\n\nTodos los autores reconocen que los objetivos son la categoría rectora, porque el proceso de toma de decisiones está orientado a alcanzar los objetivos marcados y luego estos son el patrón para evaluar a la gestión, o sea el grado en que los resultados de la gestión se acercan a los objetivos previamente establecidos. El control de gestión se relaciona con las actividades siguientes: formulación de objetivos, fijación de estándares, programas de acción (presupuestos), utilización de recursos, medición de resultados (verificación), análisis de desviaciones, corrección del desempeño o mejora.\nSe diferencia entre el concepto de gestión, control de gestión y la función de control, pero no se observa la misma precisión al establecer sus fronteras. Algunos consideran que el control de gestión comprende tanto la etapa de previsión como la etapa de control o verificación propiamente dicha; otros lo ven más cercano a la ejecución y verificación; para otro, abarca los procesos de asignación de recursos, el seguimiento de las acciones y la evaluación del resultado.\nEn este marco se considera que la gestión comprende todos los procesos descritos anteriormente puesto que constituyen la vía para concretar y alcanzar la política general de la empresa, y por ende incluye al control de gestión como su herramienta para evaluar si las decisiones que se toman al asignar y utilizar los recursos, se alejan o se acercan a los objetivos. También se considera que el control de gestión no debe ser reducido a la función de control (entendido como evaluación y corrección del desempeño solamente) sino que comprende también la fase de planificación (porque durante el proceso de definir objetivos se determinan las formas de medirlos, y su cuantificación en el estándar), que a su vez está determinada por los procesos de mejoramiento que son los que le otorgan la capacidad de diagnóstico al control de gestión.\nAutores como Goldratt llaman la atención sobre el papel de la gestión y el CG como un puente entre los objetivos globales y los objetivos locales, reflejando la problemática existente de que muchos sistemas de control de gestión (SCG) se quedan en la medición de los objetivos globales de la compañía pero son incapaces de medir si los desempeños locales van contribuyendo o no al alcance de los objetivos globales. Resulta contrastante que en todas las definiciones se asocia al CG con la noción de medir y, sin embargo, una de las problemáticas no resueltas en lo referente a los SCG son los sistemas de información, que se quedan en la superficie o en lo global. Muchos CG son buenos para asignar tareas y recursos por departamentos, pero ineficientes para evaluar si el desempeño local contribuye o no al desempeño de la organización.\nLa mayor parte de la bibliografía consultada identifica, explícita o implícitamente, al CG con el control económico solamente, basado en la ventaja de la homogeneidad que ofrecen las medidas monetarias.\nAquí se considera que el CG debe ofrecer información homogénea en la medida que asciende en la pirámide de información para ofrecer información agregada sobre estados o resultados pero cuando se avanza en sentido contrario, lo que se maneja es información sobre decisiones, algunas tan directas y heterogéneas como lo son las relativas a los procesos sobre los que actúan. En estas condiciones, la problemática a resolver por el CG es servir de puente entre los resultados económicos y las decisiones que se toman sobre los procesos físicos de la empresa poniendo de manifiesto sus vínculos funcionales.\n\nEn la mayor parte de las definiciones de gestión y control de gestión consultadas no se especifica quién es el sujeto de dirección y cuando lo hacen se refieren a los managers o directivos denotándose un enfoque tradicional del control de gestión donde el personal es considerado como un recurso más de la producción cuya utilización debe ser calculada al menor costo posible; los trabajadores no se ven formando parte efectivamente del sistema ni participan de forma activa en el proceso de toma de decisiones.\nSin embargo, solo a través de la implicación de todo el personal, una empresa puede dar respuesta a las exigencias de flexibilidad y capacidad de reacción que le plantea hoy el cambio de entorno.(3) Pierden competitividad aquellas organizaciones que mantienen una división entre los que piensan y los que actúan; se abren paso las organizaciones inteligentes (learning organizations) que se basan en el aprendizaje y la gestión del conocimiento, lo que equivale a que los recursos humanos se convierten en el principal factor diferenciador en el actual contexto.\nHasta la década de 1970, es una tendencia considerar al CG como verificación de lo realizado, más que un proceso de aprendizaje y mejoramiento permanente del desempeño.\nSólo algunos autores subrayan el CG subordinado a la planificación estratégica. (1)(5)(12) Aspecto muy importante si de entornos turbulentos se trata, puesto que la gestión solo conducirá a resultados exitosos si previamente se ha marcado la meta y la estrategia para alcanzarla.\nLa consideración anterior conduce a otra muy importante y es que la gestión y el CG subordinados al planteamiento estratégico ofrecen una visión dinámica, de cambio en el diseño de los SCG, los cuales deben modificarse a la velocidad con que cambian las estrategias. A esto Lorino le llama "el problema de la coherencia entre la estrategia y las reglas de gestión"\n[editar]Conclusiones\n\nEl CG es un proceso que sirve para guiar la gestión hacia los objetivos de la organización y un instrumento para evaluarla. Su definición ha evolucionado en la medida que cambia el modelo de funcionamiento empresarial ante las exigencias del entorno.\n[editar]Principios de Control\n\nLos sistemas de control se basan en una serie de principios básicos, los cuales permiten alcanzar los objetivos propuestos por todo sistema de control. A saber son:\n\nUso de la Contabilidad como elemento informativo\nEconomía del Control\nControl por excepción\nControl por responsabilidades\nIntegración de los sistemas de control\nCoincidencia entre el presupuesto y el plan de cuentas contable\nInformación pertinente, precisa, sintética y oportuna\nMedidas adecuadas como consecuencia del control\n[editar]Referencias\n\n[editar]Véase también\n\ncuadro de mando integral\nsistemas de información ejecutiva\nplan estratégico\ncomposición de un sistema de trazabilidad\nsoftware de trazabilidad\nEl RFID como ayuda para el control interno de las compañías.\nEl RFID Data Suite como software para la gestión de activos y control de la trazabilidad interna', 'iugiugEl control de gestión es un proceso que sirve para guiar la gestión empresarial hacia los objetivos de la organización y un instrumento para evaluarla.\n\nExisten diferencias importantes entre las concepciones clásica y moderna de control de gestión. La primera es aquella que incluye únicamente al control operativo y que lo desarrolla a través de un sistema de información relacionado con la contabilidad de costos, mientras que la segunda integra muchos más elementos y contempla una continua interacción entre todos ellos. El nuevo concepto de control de gestión centra su atención por igual en la planificación y en el control, y precisa de una orientación estratégica que dote de sentido sus aspectos más operativos.\n\nÍndice  [ocultar] \n1 Sistema de control de gestión\n2 Introducción y resumen\n3 Desarrollo\n4 Conclusiones\n5 Principios de Control\n6 Referencias\n7 Véase también\n[editar]Sistema de control de gestión\n\nEl SCG cuenta con el diagnóstico o análisis para entender las causas raíces que condicionan el comportamiento de los sistemas físicos, permite establecer los vínculos funcionales que ligan las variables técnicas-organizativas-sociales con el resultado económico de la empresa y es el punto de partida para la mejora de los estándares; mediante la planificación orienta las acciones en correspondencia con las estrategias trazadas, hacia mejores resultados; y, finalmente, cuenta con el control para saber si los resultados satisfacen los objetivos trazados. El control de gestion, considera como elementos a evaluar, no solo aspectos cuantitativos sino tambien cualitativos, ademas, utiliza la vision interna y externa de la organizacion, para lo cual asigna un valor agregado a la cultura organizacional segun AMATT. Se puede señalar como diferencia principal entre Control de Gestion y Control Interno que el primero evalua los tres niveles de las organizaciones: NIVEL ESTRATEGICO, NIVEL TACTICO Y NIVEL OPERATIVO, y el segundo, se limita solo a los dos ultimos niveles.\n\n[editar]Introducción y resumen\n\nTaylor (1895) fue uno de los iniciadores del CG industrial, introdujo la contabilidad analítica, el cronometraje de los tiempos de mano de obra directa, los estándares, la asignación de los costos indirectos, la remuneración por rendimientos. Brown (1907) estableció la fórmula de la rentabilidad del capital. Todavía hoy se observan muchos ejemplos en las empresas el CG gira en torno al control de la eficiencia interna de la empresa, centrando su atención en los recursos que consume, en el beneficio inmediato y en la información financiera exterior.\n\nEn la segunda mitad del siglo XX han ocurrido cambios sustanciales del entorno, el cual ha pasado de estable con reglas de juego fijas, a turbulento y muy competitivo. Estos cambios de entorno han desencadenado en las empresas un gran número de cambios internos, en variables tales como la orientación hacia el cliente, el desarrollo tecnológico y la innovación, el papel rector de la dirección estratégica, los enfoques de calidad, el rol de los recursos humanos en la organización, la gestión de la información y otros. El éxito empresarial por lo tanto, exige una continua adaptación de la empresa a su entorno y la competitividad se convierte en el criterio económico por excelencia para orientar y evaluar el desempeño dentro y fuera de la empresa.\n\n[editar]Desarrollo\n\nAcerca de la definición de control de gestión (CG)\nSegún García (1975), el control de gestión (CG) es ante todo un método, un medio para conducir con orden el pensamiento y la acción, lo primero es prever, establecer un pronóstico sobre el cual fijar objetivos y definir un programa de acción. Lo segundo es controlar, comparando las realizaciones con las previsiones, al mismo tiempo que se ponen todos los medios para compensar las diferencias constatadas.\n\nBlanco (1984) plantea que la moderna filosofía del CG presenta la función de control como el proceso mediante el cual los directivos se aseguran de la obtención de recursos y del empleo eficaz y eficiente de los mismos en el cumplimiento de los objetivos de la empresa.\n\nLa gestión es una mezcla de decisiones locales con objetivos globales de la compañía, según lo ve Goldratt (1990), desde su teoría sobre gestión de las limitaciones (TOC), precisando que el control es una parte del sistema de información que responde a una de las preguntas gerenciales más perturbadoras: ¿cómo medir objetiva y constructivamente el desempeño local pasado?\n\nSegún Huge Jordan (1995), el CG es un instrumento de la gestión que aporta una ayuda a la decisión y sus útiles de dirección van a permitir a los directores alcanzar los objetivos; es una función descentralizada y coordinada para la planificación de objetivos, acompañada de un plan de acción y la verificación de que los objetivos han sido alcanzados.\n\nA partir de 1990, aparece el término controlling (4) en Alemania, España y Estados Unidos. El salto cualitativo no está en la definición misma de control de gestión, sino en lo que enfatiza ahora la literatura con este término: las nuevas características que debe presentar el control de gestión ante el cambio radical que está operándose en los modelos de perfeccionamiento empresarial. Kupper (1992) lo ve como un medio de coordinación de las numerosas partes del sistema de management. Pacher-Theinburg (1992) subraya la significación del controlling por la integración alcanzada entre las funciones de planificación y control. García Echevarría (1994) resalta tanto su dimensión estratégica y global de la empresa como su dimensión específica en la función que se dirige. El controlling, como el control de gestión, orientado más hacia el futuro que al pasado y donde se ve fundamentalmente a la empresa desde afuera de sí misma, integrada con el cliente y la competencia.\n\nSi continuáramos citando autores, se comprobaría que la definición de CG no es única, varía con cada autor y con el transcurso de los años, ya que el constante cambio del entorno empresarial conduce a una evolución en la forma de pensar y actuar, así como en los métodos y herramientas empleadas para dirigir una organización.\n\nRepasando diferentes definiciones sobre control de gestión se observa que:\n\nTodos los autores reconocen que los objetivos son la categoría rectora, porque el proceso de toma de decisiones está orientado a alcanzar los objetivos marcados y luego estos son el patrón para evaluar a la gestión, o sea el grado en que los resultados de la gestión se acercan a los objetivos previamente establecidos. El control de gestión se relaciona con las actividades siguientes: formulación de objetivos, fijación de estándares, programas de acción (presupuestos), utilización de recursos, medición de resultados (verificación), análisis de desviaciones, corrección del desempeño o mejora.\nSe diferencia entre el concepto de gestión, control de gestión y la función de control, pero no se observa la misma precisión al establecer sus fronteras. Algunos consideran que el control de gestión comprende tanto la etapa de previsión como la etapa de control o verificación propiamente dicha; otros lo ven más cercano a la ejecución y verificación; para otro, abarca los procesos de asignación de recursos, el seguimiento de las acciones y la evaluación del resultado.\nEn este marco se considera que la gestión comprende todos los procesos descritos anteriormente puesto que constituyen la vía para concretar y alcanzar la política general de la empresa, y por ende incluye al control de gestión como su herramienta para evaluar si las decisiones que se toman al asignar y utilizar los recursos, se alejan o se acercan a los objetivos. También se considera que el control de gestión no debe ser reducido a la función de control (entendido como evaluación y corrección del desempeño solamente) sino que comprende también la fase de planificación (porque durante el proceso de definir objetivos se determinan las formas de medirlos, y su cuantificación en el estándar), que a su vez está determinada por los procesos de mejoramiento que son los que le otorgan la capacidad de diagnóstico al control de gestión.\nAutores como Goldratt llaman la atención sobre el papel de la gestión y el CG como un puente entre los objetivos globales y los objetivos locales, reflejando la problemática existente de que muchos sistemas de control de gestión (SCG) se quedan en la medición de los objetivos globales de la compañía pero son incapaces de medir si los desempeños locales van contribuyendo o no al alcance de los objetivos globales. Resulta contrastante que en todas las definiciones se asocia al CG con la noción de medir y, sin embargo, una de las problemáticas no resueltas en lo referente a los SCG son los sistemas de información, que se quedan en la superficie o en lo global. Muchos CG son buenos para asignar tareas y recursos por departamentos, pero ineficientes para evaluar si el desempeño local contribuye o no al desempeño de la organización.\nLa mayor parte de la bibliografía consultada identifica, explícita o implícitamente, al CG con el control económico solamente, basado en la ventaja de la homogeneidad que ofrecen las medidas monetarias.\nAquí se considera que el CG debe ofrecer información homogénea en la medida que asciende en la pirámide de información para ofrecer información agregada sobre estados o resultados pero cuando se avanza en sentido contrario, lo que se maneja es información sobre decisiones, algunas tan directas y heterogéneas como lo son las relativas a los procesos sobre los que actúan. En estas condiciones, la problemática a resolver por el CG es servir de puente entre los resultados económicos y las decisiones que se toman sobre los procesos físicos de la empresa poniendo de manifiesto sus vínculos funcionales.\n\nEn la mayor parte de las definiciones de gestión y control de gestión consultadas no se especifica quién es el sujeto de dirección y cuando lo hacen se refieren a los managers o directivos denotándose un enfoque tradicional del control de gestión donde el personal es considerado como un recurso más de la producción cuya utilización debe ser calculada al menor costo posible; los trabajadores no se ven formando parte efectivamente del sistema ni participan de forma activa en el proceso de toma de decisiones.\nSin embargo, solo a través de la implicación de todo el personal, una empresa puede dar respuesta a las exigencias de flexibilidad y capacidad de reacción que le plantea hoy el cambio de entorno.(3) Pierden competitividad aquellas organizaciones que mantienen una división entre los que piensan y los que actúan; se abren paso las organizaciones inteligentes (learning organizations) que se basan en el aprendizaje y la gestión del conocimiento, lo que equivale a que los recursos humanos se convierten en el principal factor diferenciador en el actual contexto.\nHasta la década de 1970, es una tendencia considerar al CG como verificación de lo realizado, más que un proceso de aprendizaje y mejoramiento permanente del desempeño.\nSólo algunos autores subrayan el CG subordinado a la planificación estratégica. (1)(5)(12) Aspecto muy importante si de entornos turbulentos se trata, puesto que la gestión solo conducirá a resultados exitosos si previamente se ha marcado la meta y la estrategia para alcanzarla.\nLa consideración anterior conduce a otra muy importante y es que la gestión y el CG subordinados al planteamiento estratégico ofrecen una visión dinámica, de cambio en el diseño de los SCG, los cuales deben modificarse a la velocidad con que cambian las estrategias. A esto Lorino le llama "el problema de la coherencia entre la estrategia y las reglas de gestión"\n[editar]Conclusiones\n\nEl CG es un proceso que sirve para guiar la gestión hacia los objetivos de la organización y un instrumento para evaluarla. Su definición ha evolucionado en la medida que cambia el modelo de funcionamiento empresarial ante las exigencias del entorno.\n[editar]Principios de Control\n\nLos sistemas de control se basan en una serie de principios básicos, los cuales permiten alcanzar los objetivos propuestos por todo sistema de control. A saber son:\n\nUso de la Contabilidad como elemento informativo\nEconomía del Control\nControl por excepción\nControl por responsabilidades\nIntegración de los sistemas de control\nCoincidencia entre el presupuesto y el plan de cuentas contable\nInformación pertinente, precisa, sintética y oportuna\nMedidas adecuadas como consecuencia del control\n[editar]Referencias\n\n[editar]Véase también\n\ncuadro de mando integral\nsistemas de información ejecutiva\nplan estratégico\ncomposición de un sistema de trazabilidad\nsoftware de trazabilidad\nEl RFID como ayuda para el control interno de las compañías.\nEl RFID Data Suite como software para la gestión de activos y control de la trazabilidad interna', '2013-02-22 15:27:29');
INSERT INTO `pn_retroalimentacion` (`id_retro`, `id_participante`, `id_pn_capitulo`, `fortalezas`, `oportunidades`, `fecha_creacion`) VALUES
(62, 5, 6, 'iugigiubEl control de gestión es un proceso que sirve para guiar la gestión empresarial hacia los objetivos de la organización y un instrumento para evaluarla.\n\nExisten diferencias importantes entre las concepciones clásica y moderna de control de gestión. La primera es aquella que incluye únicamente al control operativo y que lo desarrolla a través de un sistema de información relacionado con la contabilidad de costos, mientras que la segunda integra muchos más elementos y contempla una continua interacción entre todos ellos. El nuevo concepto de control de gestión centra su atención por igual en la planificación y en el control, y precisa de una orientación estratégica que dote de sentido sus aspectos más operativos.\n\nÍndice  [ocultar] \n1 Sistema de control de gestión\n2 Introducción y resumen\n3 Desarrollo\n4 Conclusiones\n5 Principios de Control\n6 Referencias\n7 Véase también\n[editar]Sistema de control de gestión\n\nEl SCG cuenta con el diagnóstico o análisis para entender las causas raíces que condicionan el comportamiento de los sistemas físicos, permite establecer los vínculos funcionales que ligan las variables técnicas-organizativas-sociales con el resultado económico de la empresa y es el punto de partida para la mejora de los estándares; mediante la planificación orienta las acciones en correspondencia con las estrategias trazadas, hacia mejores resultados; y, finalmente, cuenta con el control para saber si los resultados satisfacen los objetivos trazados. El control de gestion, considera como elementos a evaluar, no solo aspectos cuantitativos sino tambien cualitativos, ademas, utiliza la vision interna y externa de la organizacion, para lo cual asigna un valor agregado a la cultura organizacional segun AMATT. Se puede señalar como diferencia principal entre Control de Gestion y Control Interno que el primero evalua los tres niveles de las organizaciones: NIVEL ESTRATEGICO, NIVEL TACTICO Y NIVEL OPERATIVO, y el segundo, se limita solo a los dos ultimos niveles.\n\n[editar]Introducción y resumen\n\nTaylor (1895) fue uno de los iniciadores del CG industrial, introdujo la contabilidad analítica, el cronometraje de los tiempos de mano de obra directa, los estándares, la asignación de los costos indirectos, la remuneración por rendimientos. Brown (1907) estableció la fórmula de la rentabilidad del capital. Todavía hoy se observan muchos ejemplos en las empresas el CG gira en torno al control de la eficiencia interna de la empresa, centrando su atención en los recursos que consume, en el beneficio inmediato y en la información financiera exterior.\n\nEn la segunda mitad del siglo XX han ocurrido cambios sustanciales del entorno, el cual ha pasado de estable con reglas de juego fijas, a turbulento y muy competitivo. Estos cambios de entorno han desencadenado en las empresas un gran número de cambios internos, en variables tales como la orientación hacia el cliente, el desarrollo tecnológico y la innovación, el papel rector de la dirección estratégica, los enfoques de calidad, el rol de los recursos humanos en la organización, la gestión de la información y otros. El éxito empresarial por lo tanto, exige una continua adaptación de la empresa a su entorno y la competitividad se convierte en el criterio económico por excelencia para orientar y evaluar el desempeño dentro y fuera de la empresa.\n\n[editar]Desarrollo\n\nAcerca de la definición de control de gestión (CG)\nSegún García (1975), el control de gestión (CG) es ante todo un método, un medio para conducir con orden el pensamiento y la acción, lo primero es prever, establecer un pronóstico sobre el cual fijar objetivos y definir un programa de acción. Lo segundo es controlar, comparando las realizaciones con las previsiones, al mismo tiempo que se ponen todos los medios para compensar las diferencias constatadas.\n\nBlanco (1984) plantea que la moderna filosofía del CG presenta la función de control como el proceso mediante el cual los directivos se aseguran de la obtención de recursos y del empleo eficaz y eficiente de los mismos en el cumplimiento de los objetivos de la empresa.\n\nLa gestión es una mezcla de decisiones locales con objetivos globales de la compañía, según lo ve Goldratt (1990), desde su teoría sobre gestión de las limitaciones (TOC), precisando que el control es una parte del sistema de información que responde a una de las preguntas gerenciales más perturbadoras: ¿cómo medir objetiva y constructivamente el desempeño local pasado?\n\nSegún Huge Jordan (1995), el CG es un instrumento de la gestión que aporta una ayuda a la decisión y sus útiles de dirección van a permitir a los directores alcanzar los objetivos; es una función descentralizada y coordinada para la planificación de objetivos, acompañada de un plan de acción y la verificación de que los objetivos han sido alcanzados.\n\nA partir de 1990, aparece el término controlling (4) en Alemania, España y Estados Unidos. El salto cualitativo no está en la definición misma de control de gestión, sino en lo que enfatiza ahora la literatura con este término: las nuevas características que debe presentar el control de gestión ante el cambio radical que está operándose en los modelos de perfeccionamiento empresarial. Kupper (1992) lo ve como un medio de coordinación de las numerosas partes del sistema de management. Pacher-Theinburg (1992) subraya la significación del controlling por la integración alcanzada entre las funciones de planificación y control. García Echevarría (1994) resalta tanto su dimensión estratégica y global de la empresa como su dimensión específica en la función que se dirige. El controlling, como el control de gestión, orientado más hacia el futuro que al pasado y donde se ve fundamentalmente a la empresa desde afuera de sí misma, integrada con el cliente y la competencia.\n\nSi continuáramos citando autores, se comprobaría que la definición de CG no es única, varía con cada autor y con el transcurso de los años, ya que el constante cambio del entorno empresarial conduce a una evolución en la forma de pensar y actuar, así como en los métodos y herramientas empleadas para dirigir una organización.\n\nRepasando diferentes definiciones sobre control de gestión se observa que:\n\nTodos los autores reconocen que los objetivos son la categoría rectora, porque el proceso de toma de decisiones está orientado a alcanzar los objetivos marcados y luego estos son el patrón para evaluar a la gestión, o sea el grado en que los resultados de la gestión se acercan a los objetivos previamente establecidos. El control de gestión se relaciona con las actividades siguientes: formulación de objetivos, fijación de estándares, programas de acción (presupuestos), utilización de recursos, medición de resultados (verificación), análisis de desviaciones, corrección del desempeño o mejora.\nSe diferencia entre el concepto de gestión, control de gestión y la función de control, pero no se observa la misma precisión al establecer sus fronteras. Algunos consideran que el control de gestión comprende tanto la etapa de previsión como la etapa de control o verificación propiamente dicha; otros lo ven más cercano a la ejecución y verificación; para otro, abarca los procesos de asignación de recursos, el seguimiento de las acciones y la evaluación del resultado.\nEn este marco se considera que la gestión comprende todos los procesos descritos anteriormente puesto que constituyen la vía para concretar y alcanzar la política general de la empresa, y por ende incluye al control de gestión como su herramienta para evaluar si las decisiones que se toman al asignar y utilizar los recursos, se alejan o se acercan a los objetivos. También se considera que el control de gestión no debe ser reducido a la función de control (entendido como evaluación y corrección del desempeño solamente) sino que comprende también la fase de planificación (porque durante el proceso de definir objetivos se determinan las formas de medirlos, y su cuantificación en el estándar), que a su vez está determinada por los procesos de mejoramiento que son los que le otorgan la capacidad de diagnóstico al control de gestión.\nAutores como Goldratt llaman la atención sobre el papel de la gestión y el CG como un puente entre los objetivos globales y los objetivos locales, reflejando la problemática existente de que muchos sistemas de control de gestión (SCG) se quedan en la medición de los objetivos globales de la compañía pero son incapaces de medir si los desempeños locales van contribuyendo o no al alcance de los objetivos globales. Resulta contrastante que en todas las definiciones se asocia al CG con la noción de medir y, sin embargo, una de las problemáticas no resueltas en lo referente a los SCG son los sistemas de información, que se quedan en la superficie o en lo global. Muchos CG son buenos para asignar tareas y recursos por departamentos, pero ineficientes para evaluar si el desempeño local contribuye o no al desempeño de la organización.\nLa mayor parte de la bibliografía consultada identifica, explícita o implícitamente, al CG con el control económico solamente, basado en la ventaja de la homogeneidad que ofrecen las medidas monetarias.\nAquí se considera que el CG debe ofrecer información homogénea en la medida que asciende en la pirámide de información para ofrecer información agregada sobre estados o resultados pero cuando se avanza en sentido contrario, lo que se maneja es información sobre decisiones, algunas tan directas y heterogéneas como lo son las relativas a los procesos sobre los que actúan. En estas condiciones, la problemática a resolver por el CG es servir de puente entre los resultados económicos y las decisiones que se toman sobre los procesos físicos de la empresa poniendo de manifiesto sus vínculos funcionales.\n\nEn la mayor parte de las definiciones de gestión y control de gestión consultadas no se especifica quién es el sujeto de dirección y cuando lo hacen se refieren a los managers o directivos denotándose un enfoque tradicional del control de gestión donde el personal es considerado como un recurso más de la producción cuya utilización debe ser calculada al menor costo posible; los trabajadores no se ven formando parte efectivamente del sistema ni participan de forma activa en el proceso de toma de decisiones.\nSin embargo, solo a través de la implicación de todo el personal, una empresa puede dar respuesta a las exigencias de flexibilidad y capacidad de reacción que le plantea hoy el cambio de entorno.(3) Pierden competitividad aquellas organizaciones que mantienen una división entre los que piensan y los que actúan; se abren paso las organizaciones inteligentes (learning organizations) que se basan en el aprendizaje y la gestión del conocimiento, lo que equivale a que los recursos humanos se convierten en el principal factor diferenciador en el actual contexto.\nHasta la década de 1970, es una tendencia considerar al CG como verificación de lo realizado, más que un proceso de aprendizaje y mejoramiento permanente del desempeño.\nSólo algunos autores subrayan el CG subordinado a la planificación estratégica. (1)(5)(12) Aspecto muy importante si de entornos turbulentos se trata, puesto que la gestión solo conducirá a resultados exitosos si previamente se ha marcado la meta y la estrategia para alcanzarla.\nLa consideración anterior conduce a otra muy importante y es que la gestión y el CG subordinados al planteamiento estratégico ofrecen una visión dinámica, de cambio en el diseño de los SCG, los cuales deben modificarse a la velocidad con que cambian las estrategias. A esto Lorino le llama "el problema de la coherencia entre la estrategia y las reglas de gestión"\n[editar]Conclusiones\n\nEl CG es un proceso que sirve para guiar la gestión hacia los objetivos de la organización y un instrumento para evaluarla. Su definición ha evolucionado en la medida que cambia el modelo de funcionamiento empresarial ante las exigencias del entorno.\n[editar]Principios de Control\n\nLos sistemas de control se basan en una serie de principios básicos, los cuales permiten alcanzar los objetivos propuestos por todo sistema de control. A saber son:\n\nUso de la Contabilidad como elemento informativo\nEconomía del Control\nControl por excepción\nControl por responsabilidades\nIntegración de los sistemas de control\nCoincidencia entre el presupuesto y el plan de cuentas contable\nInformación pertinente, precisa, sintética y oportuna\nMedidas adecuadas como consecuencia del control\n[editar]Referencias\n\n[editar]Véase también\n\ncuadro de mando integral\nsistemas de información ejecutiva\nplan estratégico\ncomposición de un sistema de trazabilidad\nsoftware de trazabilidad\nEl RFID como ayuda para el control interno de las compañías.\nEl RFID Data Suite como software para la gestión de activos y control de la trazabilidad interna', 'bibioEl control de gestión es un proceso que sirve para guiar la gestión empresarial hacia los objetivos de la organización y un instrumento para evaluarla.\n\nExisten diferencias importantes entre las concepciones clásica y moderna de control de gestión. La primera es aquella que incluye únicamente al control operativo y que lo desarrolla a través de un sistema de información relacionado con la contabilidad de costos, mientras que la segunda integra muchos más elementos y contempla una continua interacción entre todos ellos. El nuevo concepto de control de gestión centra su atención por igual en la planificación y en el control, y precisa de una orientación estratégica que dote de sentido sus aspectos más operativos.\n\nÍndice  [ocultar] \n1 Sistema de control de gestión\n2 Introducción y resumen\n3 Desarrollo\n4 Conclusiones\n5 Principios de Control\n6 Referencias\n7 Véase también\n[editar]Sistema de control de gestión\n\nEl SCG cuenta con el diagnóstico o análisis para entender las causas raíces que condicionan el comportamiento de los sistemas físicos, permite establecer los vínculos funcionales que ligan las variables técnicas-organizativas-sociales con el resultado económico de la empresa y es el punto de partida para la mejora de los estándares; mediante la planificación orienta las acciones en correspondencia con las estrategias trazadas, hacia mejores resultados; y, finalmente, cuenta con el control para saber si los resultados satisfacen los objetivos trazados. El control de gestion, considera como elementos a evaluar, no solo aspectos cuantitativos sino tambien cualitativos, ademas, utiliza la vision interna y externa de la organizacion, para lo cual asigna un valor agregado a la cultura organizacional segun AMATT. Se puede señalar como diferencia principal entre Control de Gestion y Control Interno que el primero evalua los tres niveles de las organizaciones: NIVEL ESTRATEGICO, NIVEL TACTICO Y NIVEL OPERATIVO, y el segundo, se limita solo a los dos ultimos niveles.\n\n[editar]Introducción y resumen\n\nTaylor (1895) fue uno de los iniciadores del CG industrial, introdujo la contabilidad analítica, el cronometraje de los tiempos de mano de obra directa, los estándares, la asignación de los costos indirectos, la remuneración por rendimientos. Brown (1907) estableció la fórmula de la rentabilidad del capital. Todavía hoy se observan muchos ejemplos en las empresas el CG gira en torno al control de la eficiencia interna de la empresa, centrando su atención en los recursos que consume, en el beneficio inmediato y en la información financiera exterior.\n\nEn la segunda mitad del siglo XX han ocurrido cambios sustanciales del entorno, el cual ha pasado de estable con reglas de juego fijas, a turbulento y muy competitivo. Estos cambios de entorno han desencadenado en las empresas un gran número de cambios internos, en variables tales como la orientación hacia el cliente, el desarrollo tecnológico y la innovación, el papel rector de la dirección estratégica, los enfoques de calidad, el rol de los recursos humanos en la organización, la gestión de la información y otros. El éxito empresarial por lo tanto, exige una continua adaptación de la empresa a su entorno y la competitividad se convierte en el criterio económico por excelencia para orientar y evaluar el desempeño dentro y fuera de la empresa.\n\n[editar]Desarrollo\n\nAcerca de la definición de control de gestión (CG)\nSegún García (1975), el control de gestión (CG) es ante todo un método, un medio para conducir con orden el pensamiento y la acción, lo primero es prever, establecer un pronóstico sobre el cual fijar objetivos y definir un programa de acción. Lo segundo es controlar, comparando las realizaciones con las previsiones, al mismo tiempo que se ponen todos los medios para compensar las diferencias constatadas.\n\nBlanco (1984) plantea que la moderna filosofía del CG presenta la función de control como el proceso mediante el cual los directivos se aseguran de la obtención de recursos y del empleo eficaz y eficiente de los mismos en el cumplimiento de los objetivos de la empresa.\n\nLa gestión es una mezcla de decisiones locales con objetivos globales de la compañía, según lo ve Goldratt (1990), desde su teoría sobre gestión de las limitaciones (TOC), precisando que el control es una parte del sistema de información que responde a una de las preguntas gerenciales más perturbadoras: ¿cómo medir objetiva y constructivamente el desempeño local pasado?\n\nSegún Huge Jordan (1995), el CG es un instrumento de la gestión que aporta una ayuda a la decisión y sus útiles de dirección van a permitir a los directores alcanzar los objetivos; es una función descentralizada y coordinada para la planificación de objetivos, acompañada de un plan de acción y la verificación de que los objetivos han sido alcanzados.\n\nA partir de 1990, aparece el término controlling (4) en Alemania, España y Estados Unidos. El salto cualitativo no está en la definición misma de control de gestión, sino en lo que enfatiza ahora la literatura con este término: las nuevas características que debe presentar el control de gestión ante el cambio radical que está operándose en los modelos de perfeccionamiento empresarial. Kupper (1992) lo ve como un medio de coordinación de las numerosas partes del sistema de management. Pacher-Theinburg (1992) subraya la significación del controlling por la integración alcanzada entre las funciones de planificación y control. García Echevarría (1994) resalta tanto su dimensión estratégica y global de la empresa como su dimensión específica en la función que se dirige. El controlling, como el control de gestión, orientado más hacia el futuro que al pasado y donde se ve fundamentalmente a la empresa desde afuera de sí misma, integrada con el cliente y la competencia.\n\nSi continuáramos citando autores, se comprobaría que la definición de CG no es única, varía con cada autor y con el transcurso de los años, ya que el constante cambio del entorno empresarial conduce a una evolución en la forma de pensar y actuar, así como en los métodos y herramientas empleadas para dirigir una organización.\n\nRepasando diferentes definiciones sobre control de gestión se observa que:\n\nTodos los autores reconocen que los objetivos son la categoría rectora, porque el proceso de toma de decisiones está orientado a alcanzar los objetivos marcados y luego estos son el patrón para evaluar a la gestión, o sea el grado en que los resultados de la gestión se acercan a los objetivos previamente establecidos. El control de gestión se relaciona con las actividades siguientes: formulación de objetivos, fijación de estándares, programas de acción (presupuestos), utilización de recursos, medición de resultados (verificación), análisis de desviaciones, corrección del desempeño o mejora.\nSe diferencia entre el concepto de gestión, control de gestión y la función de control, pero no se observa la misma precisión al establecer sus fronteras. Algunos consideran que el control de gestión comprende tanto la etapa de previsión como la etapa de control o verificación propiamente dicha; otros lo ven más cercano a la ejecución y verificación; para otro, abarca los procesos de asignación de recursos, el seguimiento de las acciones y la evaluación del resultado.\nEn este marco se considera que la gestión comprende todos los procesos descritos anteriormente puesto que constituyen la vía para concretar y alcanzar la política general de la empresa, y por ende incluye al control de gestión como su herramienta para evaluar si las decisiones que se toman al asignar y utilizar los recursos, se alejan o se acercan a los objetivos. También se considera que el control de gestión no debe ser reducido a la función de control (entendido como evaluación y corrección del desempeño solamente) sino que comprende también la fase de planificación (porque durante el proceso de definir objetivos se determinan las formas de medirlos, y su cuantificación en el estándar), que a su vez está determinada por los procesos de mejoramiento que son los que le otorgan la capacidad de diagnóstico al control de gestión.\nAutores como Goldratt llaman la atención sobre el papel de la gestión y el CG como un puente entre los objetivos globales y los objetivos locales, reflejando la problemática existente de que muchos sistemas de control de gestión (SCG) se quedan en la medición de los objetivos globales de la compañía pero son incapaces de medir si los desempeños locales van contribuyendo o no al alcance de los objetivos globales. Resulta contrastante que en todas las definiciones se asocia al CG con la noción de medir y, sin embargo, una de las problemáticas no resueltas en lo referente a los SCG son los sistemas de información, que se quedan en la superficie o en lo global. Muchos CG son buenos para asignar tareas y recursos por departamentos, pero ineficientes para evaluar si el desempeño local contribuye o no al desempeño de la organización.\nLa mayor parte de la bibliografía consultada identifica, explícita o implícitamente, al CG con el control económico solamente, basado en la ventaja de la homogeneidad que ofrecen las medidas monetarias.\nAquí se considera que el CG debe ofrecer información homogénea en la medida que asciende en la pirámide de información para ofrecer información agregada sobre estados o resultados pero cuando se avanza en sentido contrario, lo que se maneja es información sobre decisiones, algunas tan directas y heterogéneas como lo son las relativas a los procesos sobre los que actúan. En estas condiciones, la problemática a resolver por el CG es servir de puente entre los resultados económicos y las decisiones que se toman sobre los procesos físicos de la empresa poniendo de manifiesto sus vínculos funcionales.\n\nEn la mayor parte de las definiciones de gestión y control de gestión consultadas no se especifica quién es el sujeto de dirección y cuando lo hacen se refieren a los managers o directivos denotándose un enfoque tradicional del control de gestión donde el personal es considerado como un recurso más de la producción cuya utilización debe ser calculada al menor costo posible; los trabajadores no se ven formando parte efectivamente del sistema ni participan de forma activa en el proceso de toma de decisiones.\nSin embargo, solo a través de la implicación de todo el personal, una empresa puede dar respuesta a las exigencias de flexibilidad y capacidad de reacción que le plantea hoy el cambio de entorno.(3) Pierden competitividad aquellas organizaciones que mantienen una división entre los que piensan y los que actúan; se abren paso las organizaciones inteligentes (learning organizations) que se basan en el aprendizaje y la gestión del conocimiento, lo que equivale a que los recursos humanos se convierten en el principal factor diferenciador en el actual contexto.\nHasta la década de 1970, es una tendencia considerar al CG como verificación de lo realizado, más que un proceso de aprendizaje y mejoramiento permanente del desempeño.\nSólo algunos autores subrayan el CG subordinado a la planificación estratégica. (1)(5)(12) Aspecto muy importante si de entornos turbulentos se trata, puesto que la gestión solo conducirá a resultados exitosos si previamente se ha marcado la meta y la estrategia para alcanzarla.\nLa consideración anterior conduce a otra muy importante y es que la gestión y el CG subordinados al planteamiento estratégico ofrecen una visión dinámica, de cambio en el diseño de los SCG, los cuales deben modificarse a la velocidad con que cambian las estrategias. A esto Lorino le llama "el problema de la coherencia entre la estrategia y las reglas de gestión"\n[editar]Conclusiones\n\nEl CG es un proceso que sirve para guiar la gestión hacia los objetivos de la organización y un instrumento para evaluarla. Su definición ha evolucionado en la medida que cambia el modelo de funcionamiento empresarial ante las exigencias del entorno.\n[editar]Principios de Control\n\nLos sistemas de control se basan en una serie de principios básicos, los cuales permiten alcanzar los objetivos propuestos por todo sistema de control. A saber son:\n\nUso de la Contabilidad como elemento informativo\nEconomía del Control\nControl por excepción\nControl por responsabilidades\nIntegración de los sistemas de control\nCoincidencia entre el presupuesto y el plan de cuentas contable\nInformación pertinente, precisa, sintética y oportuna\nMedidas adecuadas como consecuencia del control\n[editar]Referencias\n\n[editar]Véase también\n\ncuadro de mando integral\nsistemas de información ejecutiva\nplan estratégico\ncomposición de un sistema de trazabilidad\nsoftware de trazabilidad\nEl RFID como ayuda para el control interno de las compañías.\nEl RFID Data Suite como software para la gestión de activos y control de la trazabilidad interna', '2013-02-22 15:27:29');
INSERT INTO `pn_retroalimentacion` (`id_retro`, `id_participante`, `id_pn_capitulo`, `fortalezas`, `oportunidades`, `fecha_creacion`) VALUES
(63, 5, 7, 'kvibvkiEl control de gestión es un proceso que sirve para guiar la gestión empresarial hacia los objetivos de la organización y un instrumento para evaluarla.\n\nExisten diferencias importantes entre las concepciones clásica y moderna de control de gestión. La primera es aquella que incluye únicamente al control operativo y que lo desarrolla a través de un sistema de información relacionado con la contabilidad de costos, mientras que la segunda integra muchos más elementos y contempla una continua interacción entre todos ellos. El nuevo concepto de control de gestión centra su atención por igual en la planificación y en el control, y precisa de una orientación estratégica que dote de sentido sus aspectos más operativos.\n\nÍndice  [ocultar] \n1 Sistema de control de gestión\n2 Introducción y resumen\n3 Desarrollo\n4 Conclusiones\n5 Principios de Control\n6 Referencias\n7 Véase también\n[editar]Sistema de control de gestión\n\nEl SCG cuenta con el diagnóstico o análisis para entender las causas raíces que condicionan el comportamiento de los sistemas físicos, permite establecer los vínculos funcionales que ligan las variables técnicas-organizativas-sociales con el resultado económico de la empresa y es el punto de partida para la mejora de los estándares; mediante la planificación orienta las acciones en correspondencia con las estrategias trazadas, hacia mejores resultados; y, finalmente, cuenta con el control para saber si los resultados satisfacen los objetivos trazados. El control de gestion, considera como elementos a evaluar, no solo aspectos cuantitativos sino tambien cualitativos, ademas, utiliza la vision interna y externa de la organizacion, para lo cual asigna un valor agregado a la cultura organizacional segun AMATT. Se puede señalar como diferencia principal entre Control de Gestion y Control Interno que el primero evalua los tres niveles de las organizaciones: NIVEL ESTRATEGICO, NIVEL TACTICO Y NIVEL OPERATIVO, y el segundo, se limita solo a los dos ultimos niveles.\n\n[editar]Introducción y resumen\n\nTaylor (1895) fue uno de los iniciadores del CG industrial, introdujo la contabilidad analítica, el cronometraje de los tiempos de mano de obra directa, los estándares, la asignación de los costos indirectos, la remuneración por rendimientos. Brown (1907) estableció la fórmula de la rentabilidad del capital. Todavía hoy se observan muchos ejemplos en las empresas el CG gira en torno al control de la eficiencia interna de la empresa, centrando su atención en los recursos que consume, en el beneficio inmediato y en la información financiera exterior.\n\nEn la segunda mitad del siglo XX han ocurrido cambios sustanciales del entorno, el cual ha pasado de estable con reglas de juego fijas, a turbulento y muy competitivo. Estos cambios de entorno han desencadenado en las empresas un gran número de cambios internos, en variables tales como la orientación hacia el cliente, el desarrollo tecnológico y la innovación, el papel rector de la dirección estratégica, los enfoques de calidad, el rol de los recursos humanos en la organización, la gestión de la información y otros. El éxito empresarial por lo tanto, exige una continua adaptación de la empresa a su entorno y la competitividad se convierte en el criterio económico por excelencia para orientar y evaluar el desempeño dentro y fuera de la empresa.\n\n[editar]Desarrollo\n\nAcerca de la definición de control de gestión (CG)\nSegún García (1975), el control de gestión (CG) es ante todo un método, un medio para conducir con orden el pensamiento y la acción, lo primero es prever, establecer un pronóstico sobre el cual fijar objetivos y definir un programa de acción. Lo segundo es controlar, comparando las realizaciones con las previsiones, al mismo tiempo que se ponen todos los medios para compensar las diferencias constatadas.\n\nBlanco (1984) plantea que la moderna filosofía del CG presenta la función de control como el proceso mediante el cual los directivos se aseguran de la obtención de recursos y del empleo eficaz y eficiente de los mismos en el cumplimiento de los objetivos de la empresa.\n\nLa gestión es una mezcla de decisiones locales con objetivos globales de la compañía, según lo ve Goldratt (1990), desde su teoría sobre gestión de las limitaciones (TOC), precisando que el control es una parte del sistema de información que responde a una de las preguntas gerenciales más perturbadoras: ¿cómo medir objetiva y constructivamente el desempeño local pasado?\n\nSegún Huge Jordan (1995), el CG es un instrumento de la gestión que aporta una ayuda a la decisión y sus útiles de dirección van a permitir a los directores alcanzar los objetivos; es una función descentralizada y coordinada para la planificación de objetivos, acompañada de un plan de acción y la verificación de que los objetivos han sido alcanzados.\n\nA partir de 1990, aparece el término controlling (4) en Alemania, España y Estados Unidos. El salto cualitativo no está en la definición misma de control de gestión, sino en lo que enfatiza ahora la literatura con este término: las nuevas características que debe presentar el control de gestión ante el cambio radical que está operándose en los modelos de perfeccionamiento empresarial. Kupper (1992) lo ve como un medio de coordinación de las numerosas partes del sistema de management. Pacher-Theinburg (1992) subraya la significación del controlling por la integración alcanzada entre las funciones de planificación y control. García Echevarría (1994) resalta tanto su dimensión estratégica y global de la empresa como su dimensión específica en la función que se dirige. El controlling, como el control de gestión, orientado más hacia el futuro que al pasado y donde se ve fundamentalmente a la empresa desde afuera de sí misma, integrada con el cliente y la competencia.\n\nSi continuáramos citando autores, se comprobaría que la definición de CG no es única, varía con cada autor y con el transcurso de los años, ya que el constante cambio del entorno empresarial conduce a una evolución en la forma de pensar y actuar, así como en los métodos y herramientas empleadas para dirigir una organización.\n\nRepasando diferentes definiciones sobre control de gestión se observa que:\n\nTodos los autores reconocen que los objetivos son la categoría rectora, porque el proceso de toma de decisiones está orientado a alcanzar los objetivos marcados y luego estos son el patrón para evaluar a la gestión, o sea el grado en que los resultados de la gestión se acercan a los objetivos previamente establecidos. El control de gestión se relaciona con las actividades siguientes: formulación de objetivos, fijación de estándares, programas de acción (presupuestos), utilización de recursos, medición de resultados (verificación), análisis de desviaciones, corrección del desempeño o mejora.\nSe diferencia entre el concepto de gestión, control de gestión y la función de control, pero no se observa la misma precisión al establecer sus fronteras. Algunos consideran que el control de gestión comprende tanto la etapa de previsión como la etapa de control o verificación propiamente dicha; otros lo ven más cercano a la ejecución y verificación; para otro, abarca los procesos de asignación de recursos, el seguimiento de las acciones y la evaluación del resultado.\nEn este marco se considera que la gestión comprende todos los procesos descritos anteriormente puesto que constituyen la vía para concretar y alcanzar la política general de la empresa, y por ende incluye al control de gestión como su herramienta para evaluar si las decisiones que se toman al asignar y utilizar los recursos, se alejan o se acercan a los objetivos. También se considera que el control de gestión no debe ser reducido a la función de control (entendido como evaluación y corrección del desempeño solamente) sino que comprende también la fase de planificación (porque durante el proceso de definir objetivos se determinan las formas de medirlos, y su cuantificación en el estándar), que a su vez está determinada por los procesos de mejoramiento que son los que le otorgan la capacidad de diagnóstico al control de gestión.\nAutores como Goldratt llaman la atención sobre el papel de la gestión y el CG como un puente entre los objetivos globales y los objetivos locales, reflejando la problemática existente de que muchos sistemas de control de gestión (SCG) se quedan en la medición de los objetivos globales de la compañía pero son incapaces de medir si los desempeños locales van contribuyendo o no al alcance de los objetivos globales. Resulta contrastante que en todas las definiciones se asocia al CG con la noción de medir y, sin embargo, una de las problemáticas no resueltas en lo referente a los SCG son los sistemas de información, que se quedan en la superficie o en lo global. Muchos CG son buenos para asignar tareas y recursos por departamentos, pero ineficientes para evaluar si el desempeño local contribuye o no al desempeño de la organización.\nLa mayor parte de la bibliografía consultada identifica, explícita o implícitamente, al CG con el control económico solamente, basado en la ventaja de la homogeneidad que ofrecen las medidas monetarias.\nAquí se considera que el CG debe ofrecer información homogénea en la medida que asciende en la pirámide de información para ofrecer información agregada sobre estados o resultados pero cuando se avanza en sentido contrario, lo que se maneja es información sobre decisiones, algunas tan directas y heterogéneas como lo son las relativas a los procesos sobre los que actúan. En estas condiciones, la problemática a resolver por el CG es servir de puente entre los resultados económicos y las decisiones que se toman sobre los procesos físicos de la empresa poniendo de manifiesto sus vínculos funcionales.\n\nEn la mayor parte de las definiciones de gestión y control de gestión consultadas no se especifica quién es el sujeto de dirección y cuando lo hacen se refieren a los managers o directivos denotándose un enfoque tradicional del control de gestión donde el personal es considerado como un recurso más de la producción cuya utilización debe ser calculada al menor costo posible; los trabajadores no se ven formando parte efectivamente del sistema ni participan de forma activa en el proceso de toma de decisiones.\nSin embargo, solo a través de la implicación de todo el personal, una empresa puede dar respuesta a las exigencias de flexibilidad y capacidad de reacción que le plantea hoy el cambio de entorno.(3) Pierden competitividad aquellas organizaciones que mantienen una división entre los que piensan y los que actúan; se abren paso las organizaciones inteligentes (learning organizations) que se basan en el aprendizaje y la gestión del conocimiento, lo que equivale a que los recursos humanos se convierten en el principal factor diferenciador en el actual contexto.\nHasta la década de 1970, es una tendencia considerar al CG como verificación de lo realizado, más que un proceso de aprendizaje y mejoramiento permanente del desempeño.\nSólo algunos autores subrayan el CG subordinado a la planificación estratégica. (1)(5)(12) Aspecto muy importante si de entornos turbulentos se trata, puesto que la gestión solo conducirá a resultados exitosos si previamente se ha marcado la meta y la estrategia para alcanzarla.\nLa consideración anterior conduce a otra muy importante y es que la gestión y el CG subordinados al planteamiento estratégico ofrecen una visión dinámica, de cambio en el diseño de los SCG, los cuales deben modificarse a la velocidad con que cambian las estrategias. A esto Lorino le llama "el problema de la coherencia entre la estrategia y las reglas de gestión"\n[editar]Conclusiones\n\nEl CG es un proceso que sirve para guiar la gestión hacia los objetivos de la organización y un instrumento para evaluarla. Su definición ha evolucionado en la medida que cambia el modelo de funcionamiento empresarial ante las exigencias del entorno.\n[editar]Principios de Control\n\nLos sistemas de control se basan en una serie de principios básicos, los cuales permiten alcanzar los objetivos propuestos por todo sistema de control. A saber son:\n\nUso de la Contabilidad como elemento informativo\nEconomía del Control\nControl por excepción\nControl por responsabilidades\nIntegración de los sistemas de control\nCoincidencia entre el presupuesto y el plan de cuentas contable\nInformación pertinente, precisa, sintética y oportuna\nMedidas adecuadas como consecuencia del control\n[editar]Referencias\n\n[editar]Véase también\n\ncuadro de mando integral\nsistemas de información ejecutiva\nplan estratégico\ncomposición de un sistema de trazabilidad\nsoftware de trazabilidad\nEl RFID como ayuda para el control interno de las compañías.\nEl RFID Data Suite como software para la gestión de activos y control de la trazabilidad interna', 'kbiuobEl control de gestión es un proceso que sirve para guiar la gestión empresarial hacia los objetivos de la organización y un instrumento para evaluarla.\n\nExisten diferencias importantes entre las concepciones clásica y moderna de control de gestión. La primera es aquella que incluye únicamente al control operativo y que lo desarrolla a través de un sistema de información relacionado con la contabilidad de costos, mientras que la segunda integra muchos más elementos y contempla una continua interacción entre todos ellos. El nuevo concepto de control de gestión centra su atención por igual en la planificación y en el control, y precisa de una orientación estratégica que dote de sentido sus aspectos más operativos.\n\nÍndice  [ocultar] \n1 Sistema de control de gestión\n2 Introducción y resumen\n3 Desarrollo\n4 Conclusiones\n5 Principios de Control\n6 Referencias\n7 Véase también\n[editar]Sistema de control de gestión\n\nEl SCG cuenta con el diagnóstico o análisis para entender las causas raíces que condicionan el comportamiento de los sistemas físicos, permite establecer los vínculos funcionales que ligan las variables técnicas-organizativas-sociales con el resultado económico de la empresa y es el punto de partida para la mejora de los estándares; mediante la planificación orienta las acciones en correspondencia con las estrategias trazadas, hacia mejores resultados; y, finalmente, cuenta con el control para saber si los resultados satisfacen los objetivos trazados. El control de gestion, considera como elementos a evaluar, no solo aspectos cuantitativos sino tambien cualitativos, ademas, utiliza la vision interna y externa de la organizacion, para lo cual asigna un valor agregado a la cultura organizacional segun AMATT. Se puede señalar como diferencia principal entre Control de Gestion y Control Interno que el primero evalua los tres niveles de las organizaciones: NIVEL ESTRATEGICO, NIVEL TACTICO Y NIVEL OPERATIVO, y el segundo, se limita solo a los dos ultimos niveles.\n\n[editar]Introducción y resumen\n\nTaylor (1895) fue uno de los iniciadores del CG industrial, introdujo la contabilidad analítica, el cronometraje de los tiempos de mano de obra directa, los estándares, la asignación de los costos indirectos, la remuneración por rendimientos. Brown (1907) estableció la fórmula de la rentabilidad del capital. Todavía hoy se observan muchos ejemplos en las empresas el CG gira en torno al control de la eficiencia interna de la empresa, centrando su atención en los recursos que consume, en el beneficio inmediato y en la información financiera exterior.\n\nEn la segunda mitad del siglo XX han ocurrido cambios sustanciales del entorno, el cual ha pasado de estable con reglas de juego fijas, a turbulento y muy competitivo. Estos cambios de entorno han desencadenado en las empresas un gran número de cambios internos, en variables tales como la orientación hacia el cliente, el desarrollo tecnológico y la innovación, el papel rector de la dirección estratégica, los enfoques de calidad, el rol de los recursos humanos en la organización, la gestión de la información y otros. El éxito empresarial por lo tanto, exige una continua adaptación de la empresa a su entorno y la competitividad se convierte en el criterio económico por excelencia para orientar y evaluar el desempeño dentro y fuera de la empresa.\n\n[editar]Desarrollo\n\nAcerca de la definición de control de gestión (CG)\nSegún García (1975), el control de gestión (CG) es ante todo un método, un medio para conducir con orden el pensamiento y la acción, lo primero es prever, establecer un pronóstico sobre el cual fijar objetivos y definir un programa de acción. Lo segundo es controlar, comparando las realizaciones con las previsiones, al mismo tiempo que se ponen todos los medios para compensar las diferencias constatadas.\n\nBlanco (1984) plantea que la moderna filosofía del CG presenta la función de control como el proceso mediante el cual los directivos se aseguran de la obtención de recursos y del empleo eficaz y eficiente de los mismos en el cumplimiento de los objetivos de la empresa.\n\nLa gestión es una mezcla de decisiones locales con objetivos globales de la compañía, según lo ve Goldratt (1990), desde su teoría sobre gestión de las limitaciones (TOC), precisando que el control es una parte del sistema de información que responde a una de las preguntas gerenciales más perturbadoras: ¿cómo medir objetiva y constructivamente el desempeño local pasado?\n\nSegún Huge Jordan (1995), el CG es un instrumento de la gestión que aporta una ayuda a la decisión y sus útiles de dirección van a permitir a los directores alcanzar los objetivos; es una función descentralizada y coordinada para la planificación de objetivos, acompañada de un plan de acción y la verificación de que los objetivos han sido alcanzados.\n\nA partir de 1990, aparece el término controlling (4) en Alemania, España y Estados Unidos. El salto cualitativo no está en la definición misma de control de gestión, sino en lo que enfatiza ahora la literatura con este término: las nuevas características que debe presentar el control de gestión ante el cambio radical que está operándose en los modelos de perfeccionamiento empresarial. Kupper (1992) lo ve como un medio de coordinación de las numerosas partes del sistema de management. Pacher-Theinburg (1992) subraya la significación del controlling por la integración alcanzada entre las funciones de planificación y control. García Echevarría (1994) resalta tanto su dimensión estratégica y global de la empresa como su dimensión específica en la función que se dirige. El controlling, como el control de gestión, orientado más hacia el futuro que al pasado y donde se ve fundamentalmente a la empresa desde afuera de sí misma, integrada con el cliente y la competencia.\n\nSi continuáramos citando autores, se comprobaría que la definición de CG no es única, varía con cada autor y con el transcurso de los años, ya que el constante cambio del entorno empresarial conduce a una evolución en la forma de pensar y actuar, así como en los métodos y herramientas empleadas para dirigir una organización.\n\nRepasando diferentes definiciones sobre control de gestión se observa que:\n\nTodos los autores reconocen que los objetivos son la categoría rectora, porque el proceso de toma de decisiones está orientado a alcanzar los objetivos marcados y luego estos son el patrón para evaluar a la gestión, o sea el grado en que los resultados de la gestión se acercan a los objetivos previamente establecidos. El control de gestión se relaciona con las actividades siguientes: formulación de objetivos, fijación de estándares, programas de acción (presupuestos), utilización de recursos, medición de resultados (verificación), análisis de desviaciones, corrección del desempeño o mejora.\nSe diferencia entre el concepto de gestión, control de gestión y la función de control, pero no se observa la misma precisión al establecer sus fronteras. Algunos consideran que el control de gestión comprende tanto la etapa de previsión como la etapa de control o verificación propiamente dicha; otros lo ven más cercano a la ejecución y verificación; para otro, abarca los procesos de asignación de recursos, el seguimiento de las acciones y la evaluación del resultado.\nEn este marco se considera que la gestión comprende todos los procesos descritos anteriormente puesto que constituyen la vía para concretar y alcanzar la política general de la empresa, y por ende incluye al control de gestión como su herramienta para evaluar si las decisiones que se toman al asignar y utilizar los recursos, se alejan o se acercan a los objetivos. También se considera que el control de gestión no debe ser reducido a la función de control (entendido como evaluación y corrección del desempeño solamente) sino que comprende también la fase de planificación (porque durante el proceso de definir objetivos se determinan las formas de medirlos, y su cuantificación en el estándar), que a su vez está determinada por los procesos de mejoramiento que son los que le otorgan la capacidad de diagnóstico al control de gestión.\nAutores como Goldratt llaman la atención sobre el papel de la gestión y el CG como un puente entre los objetivos globales y los objetivos locales, reflejando la problemática existente de que muchos sistemas de control de gestión (SCG) se quedan en la medición de los objetivos globales de la compañía pero son incapaces de medir si los desempeños locales van contribuyendo o no al alcance de los objetivos globales. Resulta contrastante que en todas las definiciones se asocia al CG con la noción de medir y, sin embargo, una de las problemáticas no resueltas en lo referente a los SCG son los sistemas de información, que se quedan en la superficie o en lo global. Muchos CG son buenos para asignar tareas y recursos por departamentos, pero ineficientes para evaluar si el desempeño local contribuye o no al desempeño de la organización.\nLa mayor parte de la bibliografía consultada identifica, explícita o implícitamente, al CG con el control económico solamente, basado en la ventaja de la homogeneidad que ofrecen las medidas monetarias.\nAquí se considera que el CG debe ofrecer información homogénea en la medida que asciende en la pirámide de información para ofrecer información agregada sobre estados o resultados pero cuando se avanza en sentido contrario, lo que se maneja es información sobre decisiones, algunas tan directas y heterogéneas como lo son las relativas a los procesos sobre los que actúan. En estas condiciones, la problemática a resolver por el CG es servir de puente entre los resultados económicos y las decisiones que se toman sobre los procesos físicos de la empresa poniendo de manifiesto sus vínculos funcionales.\n\nEn la mayor parte de las definiciones de gestión y control de gestión consultadas no se especifica quién es el sujeto de dirección y cuando lo hacen se refieren a los managers o directivos denotándose un enfoque tradicional del control de gestión donde el personal es considerado como un recurso más de la producción cuya utilización debe ser calculada al menor costo posible; los trabajadores no se ven formando parte efectivamente del sistema ni participan de forma activa en el proceso de toma de decisiones.\nSin embargo, solo a través de la implicación de todo el personal, una empresa puede dar respuesta a las exigencias de flexibilidad y capacidad de reacción que le plantea hoy el cambio de entorno.(3) Pierden competitividad aquellas organizaciones que mantienen una división entre los que piensan y los que actúan; se abren paso las organizaciones inteligentes (learning organizations) que se basan en el aprendizaje y la gestión del conocimiento, lo que equivale a que los recursos humanos se convierten en el principal factor diferenciador en el actual contexto.\nHasta la década de 1970, es una tendencia considerar al CG como verificación de lo realizado, más que un proceso de aprendizaje y mejoramiento permanente del desempeño.\nSólo algunos autores subrayan el CG subordinado a la planificación estratégica. (1)(5)(12) Aspecto muy importante si de entornos turbulentos se trata, puesto que la gestión solo conducirá a resultados exitosos si previamente se ha marcado la meta y la estrategia para alcanzarla.\nLa consideración anterior conduce a otra muy importante y es que la gestión y el CG subordinados al planteamiento estratégico ofrecen una visión dinámica, de cambio en el diseño de los SCG, los cuales deben modificarse a la velocidad con que cambian las estrategias. A esto Lorino le llama "el problema de la coherencia entre la estrategia y las reglas de gestión"\n[editar]Conclusiones\n\nEl CG es un proceso que sirve para guiar la gestión hacia los objetivos de la organización y un instrumento para evaluarla. Su definición ha evolucionado en la medida que cambia el modelo de funcionamiento empresarial ante las exigencias del entorno.\n[editar]Principios de Control\n\nLos sistemas de control se basan en una serie de principios básicos, los cuales permiten alcanzar los objetivos propuestos por todo sistema de control. A saber son:\n\nUso de la Contabilidad como elemento informativo\nEconomía del Control\nControl por excepción\nControl por responsabilidades\nIntegración de los sistemas de control\nCoincidencia entre el presupuesto y el plan de cuentas contable\nInformación pertinente, precisa, sintética y oportuna\nMedidas adecuadas como consecuencia del control\n[editar]Referencias\n\n[editar]Véase también\n\ncuadro de mando integral\nsistemas de información ejecutiva\nplan estratégico\ncomposición de un sistema de trazabilidad\nsoftware de trazabilidad\nEl RFID como ayuda para el control interno de las compañías.\nEl RFID Data Suite como software para la gestión de activos y control de la trazabilidad interna', '2013-02-22 15:27:29');
INSERT INTO `pn_retroalimentacion` (`id_retro`, `id_participante`, `id_pn_capitulo`, `fortalezas`, `oportunidades`, `fecha_creacion`) VALUES
(64, 5, 8, 'jvEl control de gestión es un proceso que sirve para guiar la gestión empresarial hacia los objetivos de la organización y un instrumento para evaluarla.\n\nExisten diferencias importantes entre las concepciones clásica y moderna de control de gestión. La primera es aquella que incluye únicamente al control operativo y que lo desarrolla a través de un sistema de información relacionado con la contabilidad de costos, mientras que la segunda integra muchos más elementos y contempla una continua interacción entre todos ellos. El nuevo concepto de control de gestión centra su atención por igual en la planificación y en el control, y precisa de una orientación estratégica que dote de sentido sus aspectos más operativos.\n\nÍndice  [ocultar] \n1 Sistema de control de gestión\n2 Introducción y resumen\n3 Desarrollo\n4 Conclusiones\n5 Principios de Control\n6 Referencias\n7 Véase también\n[editar]Sistema de control de gestión\n\nEl SCG cuenta con el diagnóstico o análisis para entender las causas raíces que condicionan el comportamiento de los sistemas físicos, permite establecer los vínculos funcionales que ligan las variables técnicas-organizativas-sociales con el resultado económico de la empresa y es el punto de partida para la mejora de los estándares; mediante la planificación orienta las acciones en correspondencia con las estrategias trazadas, hacia mejores resultados; y, finalmente, cuenta con el control para saber si los resultados satisfacen los objetivos trazados. El control de gestion, considera como elementos a evaluar, no solo aspectos cuantitativos sino tambien cualitativos, ademas, utiliza la vision interna y externa de la organizacion, para lo cual asigna un valor agregado a la cultura organizacional segun AMATT. Se puede señalar como diferencia principal entre Control de Gestion y Control Interno que el primero evalua los tres niveles de las organizaciones: NIVEL ESTRATEGICO, NIVEL TACTICO Y NIVEL OPERATIVO, y el segundo, se limita solo a los dos ultimos niveles.\n\n[editar]Introducción y resumen\n\nTaylor (1895) fue uno de los iniciadores del CG industrial, introdujo la contabilidad analítica, el cronometraje de los tiempos de mano de obra directa, los estándares, la asignación de los costos indirectos, la remuneración por rendimientos. Brown (1907) estableció la fórmula de la rentabilidad del capital. Todavía hoy se observan muchos ejemplos en las empresas el CG gira en torno al control de la eficiencia interna de la empresa, centrando su atención en los recursos que consume, en el beneficio inmediato y en la información financiera exterior.\n\nEn la segunda mitad del siglo XX han ocurrido cambios sustanciales del entorno, el cual ha pasado de estable con reglas de juego fijas, a turbulento y muy competitivo. Estos cambios de entorno han desencadenado en las empresas un gran número de cambios internos, en variables tales como la orientación hacia el cliente, el desarrollo tecnológico y la innovación, el papel rector de la dirección estratégica, los enfoques de calidad, el rol de los recursos humanos en la organización, la gestión de la información y otros. El éxito empresarial por lo tanto, exige una continua adaptación de la empresa a su entorno y la competitividad se convierte en el criterio económico por excelencia para orientar y evaluar el desempeño dentro y fuera de la empresa.\n\n[editar]Desarrollo\n\nAcerca de la definición de control de gestión (CG)\nSegún García (1975), el control de gestión (CG) es ante todo un método, un medio para conducir con orden el pensamiento y la acción, lo primero es prever, establecer un pronóstico sobre el cual fijar objetivos y definir un programa de acción. Lo segundo es controlar, comparando las realizaciones con las previsiones, al mismo tiempo que se ponen todos los medios para compensar las diferencias constatadas.\n\nBlanco (1984) plantea que la moderna filosofía del CG presenta la función de control como el proceso mediante el cual los directivos se aseguran de la obtención de recursos y del empleo eficaz y eficiente de los mismos en el cumplimiento de los objetivos de la empresa.\n\nLa gestión es una mezcla de decisiones locales con objetivos globales de la compañía, según lo ve Goldratt (1990), desde su teoría sobre gestión de las limitaciones (TOC), precisando que el control es una parte del sistema de información que responde a una de las preguntas gerenciales más perturbadoras: ¿cómo medir objetiva y constructivamente el desempeño local pasado?\n\nSegún Huge Jordan (1995), el CG es un instrumento de la gestión que aporta una ayuda a la decisión y sus útiles de dirección van a permitir a los directores alcanzar los objetivos; es una función descentralizada y coordinada para la planificación de objetivos, acompañada de un plan de acción y la verificación de que los objetivos han sido alcanzados.\n\nA partir de 1990, aparece el término controlling (4) en Alemania, España y Estados Unidos. El salto cualitativo no está en la definición misma de control de gestión, sino en lo que enfatiza ahora la literatura con este término: las nuevas características que debe presentar el control de gestión ante el cambio radical que está operándose en los modelos de perfeccionamiento empresarial. Kupper (1992) lo ve como un medio de coordinación de las numerosas partes del sistema de management. Pacher-Theinburg (1992) subraya la significación del controlling por la integración alcanzada entre las funciones de planificación y control. García Echevarría (1994) resalta tanto su dimensión estratégica y global de la empresa como su dimensión específica en la función que se dirige. El controlling, como el control de gestión, orientado más hacia el futuro que al pasado y donde se ve fundamentalmente a la empresa desde afuera de sí misma, integrada con el cliente y la competencia.\n\nSi continuáramos citando autores, se comprobaría que la definición de CG no es única, varía con cada autor y con el transcurso de los años, ya que el constante cambio del entorno empresarial conduce a una evolución en la forma de pensar y actuar, así como en los métodos y herramientas empleadas para dirigir una organización.\n\nRepasando diferentes definiciones sobre control de gestión se observa que:\n\nTodos los autores reconocen que los objetivos son la categoría rectora, porque el proceso de toma de decisiones está orientado a alcanzar los objetivos marcados y luego estos son el patrón para evaluar a la gestión, o sea el grado en que los resultados de la gestión se acercan a los objetivos previamente establecidos. El control de gestión se relaciona con las actividades siguientes: formulación de objetivos, fijación de estándares, programas de acción (presupuestos), utilización de recursos, medición de resultados (verificación), análisis de desviaciones, corrección del desempeño o mejora.\nSe diferencia entre el concepto de gestión, control de gestión y la función de control, pero no se observa la misma precisión al establecer sus fronteras. Algunos consideran que el control de gestión comprende tanto la etapa de previsión como la etapa de control o verificación propiamente dicha; otros lo ven más cercano a la ejecución y verificación; para otro, abarca los procesos de asignación de recursos, el seguimiento de las acciones y la evaluación del resultado.\nEn este marco se considera que la gestión comprende todos los procesos descritos anteriormente puesto que constituyen la vía para concretar y alcanzar la política general de la empresa, y por ende incluye al control de gestión como su herramienta para evaluar si las decisiones que se toman al asignar y utilizar los recursos, se alejan o se acercan a los objetivos. También se considera que el control de gestión no debe ser reducido a la función de control (entendido como evaluación y corrección del desempeño solamente) sino que comprende también la fase de planificación (porque durante el proceso de definir objetivos se determinan las formas de medirlos, y su cuantificación en el estándar), que a su vez está determinada por los procesos de mejoramiento que son los que le otorgan la capacidad de diagnóstico al control de gestión.\nAutores como Goldratt llaman la atención sobre el papel de la gestión y el CG como un puente entre los objetivos globales y los objetivos locales, reflejando la problemática existente de que muchos sistemas de control de gestión (SCG) se quedan en la medición de los objetivos globales de la compañía pero son incapaces de medir si los desempeños locales van contribuyendo o no al alcance de los objetivos globales. Resulta contrastante que en todas las definiciones se asocia al CG con la noción de medir y, sin embargo, una de las problemáticas no resueltas en lo referente a los SCG son los sistemas de información, que se quedan en la superficie o en lo global. Muchos CG son buenos para asignar tareas y recursos por departamentos, pero ineficientes para evaluar si el desempeño local contribuye o no al desempeño de la organización.\nLa mayor parte de la bibliografía consultada identifica, explícita o implícitamente, al CG con el control económico solamente, basado en la ventaja de la homogeneidad que ofrecen las medidas monetarias.\nAquí se considera que el CG debe ofrecer información homogénea en la medida que asciende en la pirámide de información para ofrecer información agregada sobre estados o resultados pero cuando se avanza en sentido contrario, lo que se maneja es información sobre decisiones, algunas tan directas y heterogéneas como lo son las relativas a los procesos sobre los que actúan. En estas condiciones, la problemática a resolver por el CG es servir de puente entre los resultados económicos y las decisiones que se toman sobre los procesos físicos de la empresa poniendo de manifiesto sus vínculos funcionales.\n\nEn la mayor parte de las definiciones de gestión y control de gestión consultadas no se especifica quién es el sujeto de dirección y cuando lo hacen se refieren a los managers o directivos denotándose un enfoque tradicional del control de gestión donde el personal es considerado como un recurso más de la producción cuya utilización debe ser calculada al menor costo posible; los trabajadores no se ven formando parte efectivamente del sistema ni participan de forma activa en el proceso de toma de decisiones.\nSin embargo, solo a través de la implicación de todo el personal, una empresa puede dar respuesta a las exigencias de flexibilidad y capacidad de reacción que le plantea hoy el cambio de entorno.(3) Pierden competitividad aquellas organizaciones que mantienen una división entre los que piensan y los que actúan; se abren paso las organizaciones inteligentes (learning organizations) que se basan en el aprendizaje y la gestión del conocimiento, lo que equivale a que los recursos humanos se convierten en el principal factor diferenciador en el actual contexto.\nHasta la década de 1970, es una tendencia considerar al CG como verificación de lo realizado, más que un proceso de aprendizaje y mejoramiento permanente del desempeño.\nSólo algunos autores subrayan el CG subordinado a la planificación estratégica. (1)(5)(12) Aspecto muy importante si de entornos turbulentos se trata, puesto que la gestión solo conducirá a resultados exitosos si previamente se ha marcado la meta y la estrategia para alcanzarla.\nLa consideración anterior conduce a otra muy importante y es que la gestión y el CG subordinados al planteamiento estratégico ofrecen una visión dinámica, de cambio en el diseño de los SCG, los cuales deben modificarse a la velocidad con que cambian las estrategias. A esto Lorino le llama "el problema de la coherencia entre la estrategia y las reglas de gestión"\n[editar]Conclusiones\n\nEl CG es un proceso que sirve para guiar la gestión hacia los objetivos de la organización y un instrumento para evaluarla. Su definición ha evolucionado en la medida que cambia el modelo de funcionamiento empresarial ante las exigencias del entorno.\n[editar]Principios de Control\n\nLos sistemas de control se basan en una serie de principios básicos, los cuales permiten alcanzar los objetivos propuestos por todo sistema de control. A saber son:\n\nUso de la Contabilidad como elemento informativo\nEconomía del Control\nControl por excepción\nControl por responsabilidades\nIntegración de los sistemas de control\nCoincidencia entre el presupuesto y el plan de cuentas contable\nInformación pertinente, precisa, sintética y oportuna\nMedidas adecuadas como consecuencia del control\n[editar]Referencias\n\n[editar]Véase también\n\ncuadro de mando integral\nsistemas de información ejecutiva\nplan estratégico\ncomposición de un sistema de trazabilidad\nsoftware de trazabilidad\nEl RFID como ayuda para el control interno de las compañías.\nEl RFID Data Suite como software para la gestión de activos y control de la trazabilidad interna', 'iobgiuoghoEl control de gestión es un proceso que sirve para guiar la gestión empresarial hacia los objetivos de la organización y un instrumento para evaluarla.\n\nExisten diferencias importantes entre las concepciones clásica y moderna de control de gestión. La primera es aquella que incluye únicamente al control operativo y que lo desarrolla a través de un sistema de información relacionado con la contabilidad de costos, mientras que la segunda integra muchos más elementos y contempla una continua interacción entre todos ellos. El nuevo concepto de control de gestión centra su atención por igual en la planificación y en el control, y precisa de una orientación estratégica que dote de sentido sus aspectos más operativos.\n\nÍndice  [ocultar] \n1 Sistema de control de gestión\n2 Introducción y resumen\n3 Desarrollo\n4 Conclusiones\n5 Principios de Control\n6 Referencias\n7 Véase también\n[editar]Sistema de control de gestión\n\nEl SCG cuenta con el diagnóstico o análisis para entender las causas raíces que condicionan el comportamiento de los sistemas físicos, permite establecer los vínculos funcionales que ligan las variables técnicas-organizativas-sociales con el resultado económico de la empresa y es el punto de partida para la mejora de los estándares; mediante la planificación orienta las acciones en correspondencia con las estrategias trazadas, hacia mejores resultados; y, finalmente, cuenta con el control para saber si los resultados satisfacen los objetivos trazados. El control de gestion, considera como elementos a evaluar, no solo aspectos cuantitativos sino tambien cualitativos, ademas, utiliza la vision interna y externa de la organizacion, para lo cual asigna un valor agregado a la cultura organizacional segun AMATT. Se puede señalar como diferencia principal entre Control de Gestion y Control Interno que el primero evalua los tres niveles de las organizaciones: NIVEL ESTRATEGICO, NIVEL TACTICO Y NIVEL OPERATIVO, y el segundo, se limita solo a los dos ultimos niveles.\n\n[editar]Introducción y resumen\n\nTaylor (1895) fue uno de los iniciadores del CG industrial, introdujo la contabilidad analítica, el cronometraje de los tiempos de mano de obra directa, los estándares, la asignación de los costos indirectos, la remuneración por rendimientos. Brown (1907) estableció la fórmula de la rentabilidad del capital. Todavía hoy se observan muchos ejemplos en las empresas el CG gira en torno al control de la eficiencia interna de la empresa, centrando su atención en los recursos que consume, en el beneficio inmediato y en la información financiera exterior.\n\nEn la segunda mitad del siglo XX han ocurrido cambios sustanciales del entorno, el cual ha pasado de estable con reglas de juego fijas, a turbulento y muy competitivo. Estos cambios de entorno han desencadenado en las empresas un gran número de cambios internos, en variables tales como la orientación hacia el cliente, el desarrollo tecnológico y la innovación, el papel rector de la dirección estratégica, los enfoques de calidad, el rol de los recursos humanos en la organización, la gestión de la información y otros. El éxito empresarial por lo tanto, exige una continua adaptación de la empresa a su entorno y la competitividad se convierte en el criterio económico por excelencia para orientar y evaluar el desempeño dentro y fuera de la empresa.\n\n[editar]Desarrollo\n\nAcerca de la definición de control de gestión (CG)\nSegún García (1975), el control de gestión (CG) es ante todo un método, un medio para conducir con orden el pensamiento y la acción, lo primero es prever, establecer un pronóstico sobre el cual fijar objetivos y definir un programa de acción. Lo segundo es controlar, comparando las realizaciones con las previsiones, al mismo tiempo que se ponen todos los medios para compensar las diferencias constatadas.\n\nBlanco (1984) plantea que la moderna filosofía del CG presenta la función de control como el proceso mediante el cual los directivos se aseguran de la obtención de recursos y del empleo eficaz y eficiente de los mismos en el cumplimiento de los objetivos de la empresa.\n\nLa gestión es una mezcla de decisiones locales con objetivos globales de la compañía, según lo ve Goldratt (1990), desde su teoría sobre gestión de las limitaciones (TOC), precisando que el control es una parte del sistema de información que responde a una de las preguntas gerenciales más perturbadoras: ¿cómo medir objetiva y constructivamente el desempeño local pasado?\n\nSegún Huge Jordan (1995), el CG es un instrumento de la gestión que aporta una ayuda a la decisión y sus útiles de dirección van a permitir a los directores alcanzar los objetivos; es una función descentralizada y coordinada para la planificación de objetivos, acompañada de un plan de acción y la verificación de que los objetivos han sido alcanzados.\n\nA partir de 1990, aparece el término controlling (4) en Alemania, España y Estados Unidos. El salto cualitativo no está en la definición misma de control de gestión, sino en lo que enfatiza ahora la literatura con este término: las nuevas características que debe presentar el control de gestión ante el cambio radical que está operándose en los modelos de perfeccionamiento empresarial. Kupper (1992) lo ve como un medio de coordinación de las numerosas partes del sistema de management. Pacher-Theinburg (1992) subraya la significación del controlling por la integración alcanzada entre las funciones de planificación y control. García Echevarría (1994) resalta tanto su dimensión estratégica y global de la empresa como su dimensión específica en la función que se dirige. El controlling, como el control de gestión, orientado más hacia el futuro que al pasado y donde se ve fundamentalmente a la empresa desde afuera de sí misma, integrada con el cliente y la competencia.\n\nSi continuáramos citando autores, se comprobaría que la definición de CG no es única, varía con cada autor y con el transcurso de los años, ya que el constante cambio del entorno empresarial conduce a una evolución en la forma de pensar y actuar, así como en los métodos y herramientas empleadas para dirigir una organización.\n\nRepasando diferentes definiciones sobre control de gestión se observa que:\n\nTodos los autores reconocen que los objetivos son la categoría rectora, porque el proceso de toma de decisiones está orientado a alcanzar los objetivos marcados y luego estos son el patrón para evaluar a la gestión, o sea el grado en que los resultados de la gestión se acercan a los objetivos previamente establecidos. El control de gestión se relaciona con las actividades siguientes: formulación de objetivos, fijación de estándares, programas de acción (presupuestos), utilización de recursos, medición de resultados (verificación), análisis de desviaciones, corrección del desempeño o mejora.\nSe diferencia entre el concepto de gestión, control de gestión y la función de control, pero no se observa la misma precisión al establecer sus fronteras. Algunos consideran que el control de gestión comprende tanto la etapa de previsión como la etapa de control o verificación propiamente dicha; otros lo ven más cercano a la ejecución y verificación; para otro, abarca los procesos de asignación de recursos, el seguimiento de las acciones y la evaluación del resultado.\nEn este marco se considera que la gestión comprende todos los procesos descritos anteriormente puesto que constituyen la vía para concretar y alcanzar la política general de la empresa, y por ende incluye al control de gestión como su herramienta para evaluar si las decisiones que se toman al asignar y utilizar los recursos, se alejan o se acercan a los objetivos. También se considera que el control de gestión no debe ser reducido a la función de control (entendido como evaluación y corrección del desempeño solamente) sino que comprende también la fase de planificación (porque durante el proceso de definir objetivos se determinan las formas de medirlos, y su cuantificación en el estándar), que a su vez está determinada por los procesos de mejoramiento que son los que le otorgan la capacidad de diagnóstico al control de gestión.\nAutores como Goldratt llaman la atención sobre el papel de la gestión y el CG como un puente entre los objetivos globales y los objetivos locales, reflejando la problemática existente de que muchos sistemas de control de gestión (SCG) se quedan en la medición de los objetivos globales de la compañía pero son incapaces de medir si los desempeños locales van contribuyendo o no al alcance de los objetivos globales. Resulta contrastante que en todas las definiciones se asocia al CG con la noción de medir y, sin embargo, una de las problemáticas no resueltas en lo referente a los SCG son los sistemas de información, que se quedan en la superficie o en lo global. Muchos CG son buenos para asignar tareas y recursos por departamentos, pero ineficientes para evaluar si el desempeño local contribuye o no al desempeño de la organización.\nLa mayor parte de la bibliografía consultada identifica, explícita o implícitamente, al CG con el control económico solamente, basado en la ventaja de la homogeneidad que ofrecen las medidas monetarias.\nAquí se considera que el CG debe ofrecer información homogénea en la medida que asciende en la pirámide de información para ofrecer información agregada sobre estados o resultados pero cuando se avanza en sentido contrario, lo que se maneja es información sobre decisiones, algunas tan directas y heterogéneas como lo son las relativas a los procesos sobre los que actúan. En estas condiciones, la problemática a resolver por el CG es servir de puente entre los resultados económicos y las decisiones que se toman sobre los procesos físicos de la empresa poniendo de manifiesto sus vínculos funcionales.\n\nEn la mayor parte de las definiciones de gestión y control de gestión consultadas no se especifica quién es el sujeto de dirección y cuando lo hacen se refieren a los managers o directivos denotándose un enfoque tradicional del control de gestión donde el personal es considerado como un recurso más de la producción cuya utilización debe ser calculada al menor costo posible; los trabajadores no se ven formando parte efectivamente del sistema ni participan de forma activa en el proceso de toma de decisiones.\nSin embargo, solo a través de la implicación de todo el personal, una empresa puede dar respuesta a las exigencias de flexibilidad y capacidad de reacción que le plantea hoy el cambio de entorno.(3) Pierden competitividad aquellas organizaciones que mantienen una división entre los que piensan y los que actúan; se abren paso las organizaciones inteligentes (learning organizations) que se basan en el aprendizaje y la gestión del conocimiento, lo que equivale a que los recursos humanos se convierten en el principal factor diferenciador en el actual contexto.\nHasta la década de 1970, es una tendencia considerar al CG como verificación de lo realizado, más que un proceso de aprendizaje y mejoramiento permanente del desempeño.\nSólo algunos autores subrayan el CG subordinado a la planificación estratégica. (1)(5)(12) Aspecto muy importante si de entornos turbulentos se trata, puesto que la gestión solo conducirá a resultados exitosos si previamente se ha marcado la meta y la estrategia para alcanzarla.\nLa consideración anterior conduce a otra muy importante y es que la gestión y el CG subordinados al planteamiento estratégico ofrecen una visión dinámica, de cambio en el diseño de los SCG, los cuales deben modificarse a la velocidad con que cambian las estrategias. A esto Lorino le llama "el problema de la coherencia entre la estrategia y las reglas de gestión"\n[editar]Conclusiones\n\nEl CG es un proceso que sirve para guiar la gestión hacia los objetivos de la organización y un instrumento para evaluarla. Su definición ha evolucionado en la medida que cambia el modelo de funcionamiento empresarial ante las exigencias del entorno.\n[editar]Principios de Control\n\nLos sistemas de control se basan en una serie de principios básicos, los cuales permiten alcanzar los objetivos propuestos por todo sistema de control. A saber son:\n\nUso de la Contabilidad como elemento informativo\nEconomía del Control\nControl por excepción\nControl por responsabilidades\nIntegración de los sistemas de control\nCoincidencia entre el presupuesto y el plan de cuentas contable\nInformación pertinente, precisa, sintética y oportuna\nMedidas adecuadas como consecuencia del control\n[editar]Referencias\n\n[editar]Véase también\n\ncuadro de mando integral\nsistemas de información ejecutiva\nplan estratégico\ncomposición de un sistema de trazabilidad\nsoftware de trazabilidad\nEl RFID como ayuda para el control interno de las compañías.\nEl RFID Data Suite como software para la gestión de activos y control de la trazabilidad interna', '2013-02-22 15:27:29'),
(65, 9, 1, 'Conocer, aceptar y estudiar el marco de evaluación del Premio.\n Leer concienzudamente el informe de postulación. \n\nDesarrollar la Evaluación global y por capítulos, tanto cualitativa como cuantitativamente.\n', 'Conocer, aceptar y estudiar el marco de evaluación del Premio.\n Leer concienzudamente el informe de postulación. \n\nDesarrollar la Evaluación global y por capítulos, tanto cualitativa como cuantitativamente.\n', '2013-02-26 16:36:31'),
(66, 9, 2, 'Conocer, aceptar y estudiar el marco de evaluación del Premio.\n Leer concienzudamente el informe de postulación. \n\nDesarrollar la Evaluación global y por capítulos, tanto cualitativa como cuantitativamente.\n', 'Conocer, aceptar y estudiar el marco de evaluación del Premio.\n Leer concienzudamente el informe de postulación. \n\nDesarrollar la Evaluación global y por capítulos, tanto cualitativa como cuantitativamente.\n', '2013-02-26 16:36:31'),
(67, 9, 3, 'Conocer, aceptar y estudiar el marco de evaluación del Premio.\n Leer concienzudamente el informe de postulación. \n\nDesarrollar la Evaluación global y por capítulos, tanto cualitativa como cuantitativamente.\n', 'Conocer, aceptar y estudiar el marco de evaluación del Premio.\n Leer concienzudamente el informe de postulación. \n\nDesarrollar la Evaluación global y por capítulos, tanto cualitativa como cuantitativamente.\n', '2013-02-26 16:36:31'),
(68, 9, 4, 'Conocer, aceptar y estudiar el marco de evaluación del Premio.\n Leer concienzudamente el informe de postulación. \n\nDesarrollar la Evaluación global y por capítulos, tanto cualitativa como cuantitativamente.\n', 'Conocer, aceptar y estudiar el marco de evaluación del Premio.\n Leer concienzudamente el informe de postulación. \n\nDesarrollar la Evaluación global y por capítulos, tanto cualitativa como cuantitativamente.\n', '2013-02-26 16:36:31'),
(69, 9, 5, 'Conocer, aceptar y estudiar el marco de evaluación del Premio.\n Leer concienzudamente el informe de postulación. \n\nDesarrollar la Evaluación global y por capítulos, tanto cualitativa como cuantitativamente.\n', 'Conocer, aceptar y estudiar el marco de evaluación del Premio.\n Leer concienzudamente el informe de postulación. \n\nDesarrollar la Evaluación global y por capítulos, tanto cualitativa como cuantitativamente.\n', '2013-02-26 16:36:31'),
(70, 9, 6, 'Conocer, aceptar y estudiar el marco de evaluación del Premio.\n Leer concienzudamente el informe de postulación. \n\nDesarrollar la Evaluación global y por capítulos, tanto cualitativa como cuantitativamente.\n', 'Conocer, aceptar y estudiar el marco de evaluación del Premio.\n Leer concienzudamente el informe de postulación. \n\nDesarrollar la Evaluación global y por capítulos, tanto cualitativa como cuantitativamente.\n', '2013-02-26 16:36:31'),
(71, 9, 7, 'Conocer, aceptar y estudiar el marco de evaluación del Premio.\n Leer concienzudamente el informe de postulación. \n\nDesarrollar la Evaluación global y por capítulos, tanto cualitativa como cuantitativamente.\n', 'Conocer, aceptar y estudiar el marco de evaluación del Premio.\n Leer concienzudamente el informe de postulación. \n\nDesarrollar la Evaluación global y por capítulos, tanto cualitativa como cuantitativamente.\n', '2013-02-26 16:36:31'),
(72, 9, 8, 'Conocer, aceptar y estudiar el marco de evaluación del Premio.\n Leer concienzudamente el informe de postulación. \n\nDesarrollar la Evaluación global y por capítulos, tanto cualitativa como cuantitativamente.\n', 'Conocer, aceptar y estudiar el marco de evaluación del Premio.\n Leer concienzudamente el informe de postulación. \n\nDesarrollar la Evaluación global y por capítulos, tanto cualitativa como cuantitativamente.\n', '2013-02-26 16:36:31'),
(81, 10, 1, 'La consistencia en el proceso de formulación de la estrategia le ha permitido al Colegio San Francisco el desarrollo de productos innovadores e incluir dentro de sus iniciativas estratégicas la proyección en mercados internacionales.  \n\nA partir los esfuerzos realizados por el colegio se obtuvo en 1994 el reconocimiento internacional de educación como Emprendedores de Alto Impacto, lo que les ha permitido contar desde diciembre de 1994 con asesoría y acompañamiento de mentores especializados en el proceso de formulación estratégica. \n\nEl conocimiento que tiene la gerencia del mercado educativo, lo que ha permitido el desarrollo de productos innovadores y de estrategias que permiten el crecimiento,  sostenibilidad y posicionamiento del colegio.\n\nEl direccionamiento estratégico ha llevado a el colegio a ampliar su portafolio de servicios y su oferta de valor, así como a buscar nuevos aliados estratégicos en sectores distintos al educativo.\n', 'Asegurar la continuidad en la aplicación de la metodología definida para la formulación de la estrategia. \n\nEvaluar la posibilidad de involucrar a empleados, clientes y proveedores en la formulación del direccionamiento estratégico.\n\nDesarrollar mecanismos de evaluación y mejoramiento del proceso de direccionamiento estratégico basado en hechos y datos.\n\nConsolidar la gestión de riesgos a los que está expuesto el colegio como un sistema que incluya enfoque, implementación y resultados.\n', '2013-02-26 16:54:01'),
(82, 10, 2, 'Asegurar la continuidad en la aplicación de la metodología definida para la formulación de la estrategia. \n\nEvaluar la posibilidad de involucrar a empleados, clientes y proveedores en la formulación del direccionamiento estratégico.\n\nDesarrollar mecanismos de evaluación y mejoramiento del proceso de direccionamiento estratégico basado en hechos y datos.\n\nConsolidar la gestión de riesgos a los que está expuesto el colegio como un sistema que incluya enfoque, implementación y resultados.\n', 'Asegurar la continuidad en la aplicación de la metodología definida para la formulación de la estrategia. \n\nEvaluar la posibilidad de involucrar a empleados, clientes y proveedores en la formulación del direccionamiento estratégico.\n\nDesarrollar mecanismos de evaluación y mejoramiento del proceso de direccionamiento estratégico basado en hechos y datos.\n\nConsolidar la gestión de riesgos a los que está expuesto el colegio como un sistema que incluya enfoque, implementación y resultados.\n', '2013-02-26 16:54:01'),
(83, 10, 3, 'Asegurar la continuidad en la aplicación de la metodología definida para la formulación de la estrategia. \n\nEvaluar la posibilidad de involucrar a empleados, clientes y proveedores en la formulación del direccionamiento estratégico.\n\nDesarrollar mecanismos de evaluación y mejoramiento del proceso de direccionamiento estratégico basado en hechos y datos.\n\nConsolidar la gestión de riesgos a los que está expuesto el colegio como un sistema que incluya enfoque, implementación y resultados.\n', 'Asegurar la continuidad en la aplicación de la metodología definida para la formulación de la estrategia. \n\nEvaluar la posibilidad de involucrar a empleados, clientes y proveedores en la formulación del direccionamiento estratégico.\n\nDesarrollar mecanismos de evaluación y mejoramiento del proceso de direccionamiento estratégico basado en hechos y datos.\n\nConsolidar la gestión de riesgos a los que está expuesto el colegio como un sistema que incluya enfoque, implementación y resultados.\n', '2013-02-26 16:54:01'),
(84, 10, 4, 'Asegurar la continuidad en la aplicación de la metodología definida para la formulación de la estrategia. \n\nEvaluar la posibilidad de involucrar a empleados, clientes y proveedores en la formulación del direccionamiento estratégico.\n\nDesarrollar mecanismos de evaluación y mejoramiento del proceso de direccionamiento estratégico basado en hechos y datos.\n\nConsolidar la gestión de riesgos a los que está expuesto el colegio como un sistema que incluya enfoque, implementación y resultados.\n', 'Asegurar la continuidad en la aplicación de la metodología definida para la formulación de la estrategia. \n\nEvaluar la posibilidad de involucrar a empleados, clientes y proveedores en la formulación del direccionamiento estratégico.\n\nDesarrollar mecanismos de evaluación y mejoramiento del proceso de direccionamiento estratégico basado en hechos y datos.\n\nConsolidar la gestión de riesgos a los que está expuesto el colegio como un sistema que incluya enfoque, implementación y resultados.\n', '2013-02-26 16:54:01'),
(85, 10, 5, 'Asegurar la continuidad en la aplicación de la metodología definida para la formulación de la estrategia. \n\nEvaluar la posibilidad de involucrar a empleados, clientes y proveedores en la formulación del direccionamiento estratégico.\n\nDesarrollar mecanismos de evaluación y mejoramiento del proceso de direccionamiento estratégico basado en hechos y datos.\n\nConsolidar la gestión de riesgos a los que está expuesto el colegio como un sistema que incluya enfoque, implementación y resultados.\n', 'Asegurar la continuidad en la aplicación de la metodología definida para la formulación de la estrategia. \n\nEvaluar la posibilidad de involucrar a empleados, clientes y proveedores en la formulación del direccionamiento estratégico.\n\nDesarrollar mecanismos de evaluación y mejoramiento del proceso de direccionamiento estratégico basado en hechos y datos.\n\nConsolidar la gestión de riesgos a los que está expuesto el colegio como un sistema que incluya enfoque, implementación y resultados.\n', '2013-02-26 16:54:01'),
(86, 10, 6, 'Asegurar la continuidad en la aplicación de la metodología definida para la formulación de la estrategia. \n\nEvaluar la posibilidad de involucrar a empleados, clientes y proveedores en la formulación del direccionamiento estratégico.\n\nDesarrollar mecanismos de evaluación y mejoramiento del proceso de direccionamiento estratégico basado en hechos y datos.\n\nConsolidar la gestión de riesgos a los que está expuesto el colegio como un sistema que incluya enfoque, implementación y resultados.\n', 'Asegurar la continuidad en la aplicación de la metodología definida para la formulación de la estrategia. \n\nEvaluar la posibilidad de involucrar a empleados, clientes y proveedores en la formulación del direccionamiento estratégico.\n\nDesarrollar mecanismos de evaluación y mejoramiento del proceso de direccionamiento estratégico basado en hechos y datos.\n\nConsolidar la gestión de riesgos a los que está expuesto el colegio como un sistema que incluya enfoque, implementación y resultados.\n', '2013-02-26 16:54:01'),
(87, 10, 7, 'Asegurar la continuidad en la aplicación de la metodología definida para la formulación de la estrategia. \n\nEvaluar la posibilidad de involucrar a empleados, clientes y proveedores en la formulación del direccionamiento estratégico.\n\nDesarrollar mecanismos de evaluación y mejoramiento del proceso de direccionamiento estratégico basado en hechos y datos.\n\nConsolidar la gestión de riesgos a los que está expuesto el colegio como un sistema que incluya enfoque, implementación y resultados.\n', 'Asegurar la continuidad en la aplicación de la metodología definida para la formulación de la estrategia. \n\nEvaluar la posibilidad de involucrar a empleados, clientes y proveedores en la formulación del direccionamiento estratégico.\n\nDesarrollar mecanismos de evaluación y mejoramiento del proceso de direccionamiento estratégico basado en hechos y datos.\n\nConsolidar la gestión de riesgos a los que está expuesto el colegio como un sistema que incluya enfoque, implementación y resultados.\n', '2013-02-26 16:54:01'),
(88, 10, 8, 'Asegurar la continuidad en la aplicación de la metodología definida para la formulación de la estrategia. \n\nEvaluar la posibilidad de involucrar a empleados, clientes y proveedores en la formulación del direccionamiento estratégico.\n\nDesarrollar mecanismos de evaluación y mejoramiento del proceso de direccionamiento estratégico basado en hechos y datos.\n\nConsolidar la gestión de riesgos a los que está expuesto el colegio como un sistema que incluya enfoque, implementación y resultados.\n', 'Asegurar la continuidad en la aplicación de la metodología definida para la formulación de la estrategia. \n\nEvaluar la posibilidad de involucrar a empleados, clientes y proveedores en la formulación del direccionamiento estratégico.\n\nDesarrollar mecanismos de evaluación y mejoramiento del proceso de direccionamiento estratégico basado en hechos y datos.\n\nConsolidar la gestión de riesgos a los que está expuesto el colegio como un sistema que incluya enfoque, implementación y resultados.\n', '2013-02-26 16:54:01'),
(89, 21, 1, '', '', '2013-03-12 19:07:10'),
(90, 21, 2, '', '', '2013-03-12 19:07:10'),
(91, 21, 3, '', '', '2013-03-12 19:07:10'),
(92, 21, 4, '', '', '2013-03-12 19:07:10'),
(93, 21, 5, '', '', '2013-03-12 19:07:10'),
(94, 21, 6, '', '', '2013-03-12 19:07:10'),
(95, 21, 7, '', '', '2013-03-12 19:07:10'),
(96, 21, 8, '', '', '2013-03-12 19:07:10');

-- --------------------------------------------------------

--
-- Table structure for table `pn_sub_capitulo`
--

CREATE TABLE IF NOT EXISTS `pn_sub_capitulo` (
  `id` int(11) NOT NULL AUTO_INCREMENT,
  `id_capitulo` int(11) NOT NULL,
  `ponderacion` int(11) NOT NULL COMMENT 'ponderado maximo',
  `codigo_item` varchar(20) NOT NULL,
  `sub_capitulo` varchar(400) NOT NULL,
  `evalua_item` varchar(700) DEFAULT NULL,
  `c_20` varchar(700) NOT NULL,
  `c_40` varchar(700) NOT NULL,
  `c_60` varchar(700) NOT NULL,
  `c_80` varchar(700) NOT NULL,
  `c_100` varchar(700) NOT NULL,
  PRIMARY KEY (`id`),
  KEY `id_capitulo` (`id_capitulo`)
) ENGINE=InnoDB  DEFAULT CHARSET=latin1 AUTO_INCREMENT=31 ;

--
-- Dumping data for table `pn_sub_capitulo`
--

INSERT INTO `pn_sub_capitulo` (`id`, `id_capitulo`, `ponderacion`, `codigo_item`, `sub_capitulo`, `evalua_item`, `c_20`, `c_40`, `c_60`, `c_80`, `c_100`) VALUES
(1, 1, 35, '1.1', 'Pensamiento organizacional, formulación y planteamiento estratégico.', 'a. ¿Existe en la organización un pensamiento, filosofía empresarial, ideología organizacional o similar? ¿Cuál es y de dónde surge?\nb. ¿Tiene la organización definidos los elementos de su formulación estratégica? ¿Cuáles son y quiénes participan en su definición?\nc.  ¿Cuáles son los grupos sociales objetivo para los que la organización crea valor?\nd. ¿De qué manera la estrategia involucra elementos que aseguran contribución al desarrollo social?\ne. ¿Cuál es la oferta de valor diferenciado de la organización para sus grupos sociales objetivo? ¿Cuáles son los recursos estratégicos –capacidades distintivas y activos estratégicos– que la soportan y la hacen sostenible?\nf.  ¿Cómo involucra la org', '1. La organización no tiene un pensamiento, filosofía o ideología organizacional consciente y deliberada. No tiene definidos los elementos de su formulación estratégica, ni las áreas, procesos o personas que participan en su definición. No es claro cuáles son los grupos sociales objetivos a los que les debe crear valor. En general, actúa de manera reactiva ante las situaciones que se le van presentando. No ha identificado cuál es su oferta de valor diferenciado ni los recursos estratégicos para hacer sostenible esa oferta en el tiempo. La innovación no está involucrada como elemento fundamental en sus definiciones estratégicas. La participación en el proceso de direccionamiento estratégico e', '2. La organización actúa con referentes de pensamiento, implícitos en sus directivos. La organización tiene unas definiciones estratégicas que incluyen la visión y la misión, y algunas estrategias para lograrlas. La participación en el proceso se limita a los niveles altos y medios de la organización y no contempla todos los grupos sociales objetivo en la construcción del mismo. Está comenzando un proceso para determinar la oferta de valor diferenciado.  Dentro de sus propósitos estratégicos no se considera el tema de la innovación.', '3. La organización cuenta con una filosofía o pensamiento, el cual es explícito y compartido a diferentes niveles, y es un referente fundamental para realizar la formulación estratégica y establecer el planteamiento estratégico. Es un enfoque liderado por la alta dirección y con la participación de las áreas claves. La organización conoce su oferta de valor diferenciado y ha iniciado el proceso para establecer los recursos estratégicos para sostenerla en el tiempo.  La innovación se considera dentro de la estrategia de la organización, enfocada a productos, servicios y procesos, no de manera integral. ', '4. En el proceso de formulación del direccionamiento estratégico se han involucrado empleados, clientes y proveedores. El enfoque es mayoritariamente preventivo y proactivo. Existe un proceso de evaluación y mejora del direccionamiento, basado en hechos y datos. El enfoque para establecer la oferta de valor diferenciado de la organización es sistemático y contempla también la identificación de los recursos estratégicos para hacer sostenible ese valor diferenciado. La innovación tiene gran valor estratégico dentro de la organización y se implementa de manera transversal. La mayoría de las áreas registra aprendizaje sobre el proceso de estratégico y en él se han aplicado prácticas innovadoras ', '5. El enfoque y las prácticas para formular el direccionamiento estratégico son completamente sistemáticos e integran la totalidad de las áreas de la organización, lo mismo que a todos los grupos sociales objetivo. El enfoque del direccionamiento es totalmente proactivo y se ha implementado en las diferentes áreas, sin registrar debilidades en ninguna de ellas. Todas las áreas evidencian aprendizaje sobre el proceso estratégico y la mayoría de las prácticas utilizadas en el mismo son innovadoras y ejemplares. Las prácticas de la organización se consideran referente para otras organizaciones a nivel nacional e internacional. Todas las áreas participan en la definición de la oferta de valor di'),
(2, 1, 35, '1.2', 'Definición de iniciativas y acciones estratégicas.', 'a. ¿Cómo se analiza la realidad de la organización y se contrasta con los propósitos y definiciones estratégicos establecidos, para descubrir las brechas existentes y establecer las acciones necesarias para cerrarlas?\nb. ¿Cómo se consolidan, organizan y priorizan las acciones a desarrollar para el cierre de brechas?\nc.  ¿Cuáles son las iniciativas estratégicas –conjunto de acciones– resultantes del proceso anterior?\nd. ¿Cómo se convierten las iniciativas estratégicas en lineamientos o imperativos que orientan los esfuerzos y acciones hacia el futuro?\ne. ¿Cuál es la estructura de objetivos estratégicos, indicadores, metas y acciones para lineamientos o imperativos definidos?\nf.  ¿Cómo se efec', '1. No existe en la organización una estructura formal ni sistemática para analizar su realidad  frente a los propósitos estratégicos; por tanto, se identifican e implementan acciones de forma desordenada y reactiva con respecto a los resultados que se obtienen. Para el desarrollo de las acciones definidas se establecen unos recursos pero no existen mecanismos claros para identificar los recursos necesarios ni para priorizarlos. La innovación no es parte de las acciones estratégicas de la organización. No existe una instancia ni mecanismos para evaluar, mejorar o innovar los procesos de definición de iniciativas y acciones estratégicas.', '2. La organización analiza su realidad de forma desorganizada y reactiva ante los resultados; como consecuencia de este proceso se definen las acciones que la organización debe desarrollar para cumplir sus propósitos. Para el desarrollo y seguimiento de las acciones se establecen metas, indicadores u otros mecanismos de medición. No existe una metodología formal para priorizar las acciones, y por tanto se tiende a trabajar en muchos frentes sin focalización de esfuerzos ni recursos. Dentro de los lineamientos estratégicos se resalta el mejoramiento, pero la innovación no hace parte de ellos. Las definiciones estratégicas se revisan y evalúan de forma sistemática, pero no hay una revisión de ', '3. La organización aplica un enfoque sistemático para la definición de las iniciativas y acciones estratégicas, en el que se analiza la situación de la organización frente a los propósitos definidos en el planteamiento estratégico y se identifican las brechas existentes. Dispone de mecanismos para consolidar, organizar y priorizar las acciones para lograr los propósitos estratégicos. En los lineamientos estratégicos se involucra la innovación sólo para algunos aspectos. Las definiciones estratégicas se revisan y evalúan de forma sistemática, pero no hay una revisión de los procesos para la definición de iniciativas y acciones estratégicas.', '4. La definición de iniciativas y acciones estratégicas resulta de un proceso deliberado, sistemático e integral, en el que se analiza la realidad de la organización frente a su formulación y planteamiento estratégicos, se identifican brechas y se establecen acciones para cerrar esas brechas. Las acciones resultantes son evaluadas y priorizadas frente a la estrategia para focalizar esfuerzos y asegurar los recursos necesarios para su desarrollo. Dentro de los lineamientos se considera la innovación de procesos, productos y servicios como fundamental para el logro de los propósitos estratégicos. Las definiciones estratégicas se revisan y evalúan de forma sistemática, en tanto que los procesos', '5. La definición de iniciativas y acciones estratégicas resulta de un proceso deliberado, totalmente sistemático e integral, en el que se analiza la realidad de la organización frente a su formulación y planteamiento estratégicos, se identifican brechas y se establecen acciones para cerrar esas brechas, las cuales consideran la innovación en todas las áreas del negocio. Para el seguimiento y control de las acciones estratégicas, se tiene una estructura de objetivos, indicadores y metas. Los recursos para la realización de las acciones estratégicas se aseguran a través de un proceso sistemático de identificación y priorización, de acuerdo con la estrategia. En la asignación de recursos para e'),
(3, 1, 35, '1.3', 'Despliegue y seguimiento estratégico.', 'a. ¿Cómo se asegura que las definiciones estratégicas son desplegadas en toda la organización y en otros grupos de interés, con el propósito de incidir en la cultura organizacional? \nb. ¿Cómo se hace el despliegue de imperativos, lineamientos y objetivos estratégicos en los diferentes niveles y áreas de la organización?\nc. ¿Cómo se hace el despliegue de las metas y las acciones en los diferentes niveles de la organización para construir planes de acción, asegurar focalización y alineación estratégicas, y construir cuadros de mando integral?\nd. ¿Cómo se establecen los indicadores y metas para el seguimiento del cumplimiento de las estrategias, y de qué forma se asegura que cubren todos los pr', '1. La organización no cuenta con un plan estratégico y en consecuencia no despliega políticas ni directrices, aunque sí establece algunas metas generales, pero no hace seguimiento sobre ellas. Las diferentes áreas no tienen planes específicos para cada una de ellas. El comportamiento es completamente reactivo. Las acciones correctivas sobre la orientación y cumplimiento de metas son puntuales y aisladas.', '2. Las políticas, directrices y metas generales son desplegadas sólo a ciertas áreas principales pero sin incidir en la cultura. Algunas de esas áreas formulan planes operativos para sí mismas pero no se integran adecuadamente. Ha comenzado a experimentarse un comportamiento preventivo. La alta dirección tiene un papel parcial en el proceso de seguimiento, el cual está a cargo de otras áreas de la organización. Cuando se encuentran desviaciones en los resultados reales frente a los esperados se toman medidas correctivas, pero estas no siempre se adoptan de manera sistemática. La evaluación de los procesos de despliegue y seguimiento no es sistemática ni regular.', '3. El despliegue del direccionamiento estratégico se da de manera sistemática en la mayoría de las áreas principales y en alguna medida en las demás. Los planes operativos de las áreas cubiertas en el despliegue se integran entre sí y se revisan periódica y sistemáticamente. Predomina el trabajo en equipo para definir las responsabilidades o contribuciones a los objetivos planteados. El papel de la alta dirección es importante para sostener el proceso de despliegue y seguimiento de la estrategia. El seguimiento del direccionamiento estratégico es mayoritariamente preventivo, pero algunas áreas continúan actuando en forma reactiva. Los procesos de despliegue y seguimiento son evaluados y mejo', '4. Todas las áreas claves de la compañía y algunas de soporte son cubiertas con un despliegue efectivo y sistemático del plan estratégico de la organización. Se ha alcanzado un alto grado de integración de los planes operativos de las áreas para el despliegue de las definiciones estratégicas, los cuales integran indicadores y metas para hacer seguimiento de su cumplimiento. La alta dirección tiene alta participación en los procesos de despliegue y seguimiento de las definiciones estratégicas y en integrar las diferentes áreas de la compañía en su desarrollo. En la mayoría de las áreas se evidencia aprendizaje sobre los procesos de despliegue y seguimiento de las definiciones estratégicas, as', '5. El plan estratégico de la organización es desplegado en forma totalmente sistemática a todas las áreas, las cuales desarrollan planes que se integran plenamente para la consecución de los propósitos estratégicos. Todas las áreas cuentan con metas cuantitativas y acciones estratégicas, cuya ejecución está conduciendo a lograr los propósitos estratégicos. La organización verifica, en forma totalmente sistemática, que todas las áreas cumplan lo que señala el direccionamiento estratégico, proceso en el cual la alta dirección juega un papel fundamental, y se definen acciones correctivas y preventivas sobre las desviaciones encontradas. La mayoría de las prácticas utilizadas en la formulación d'),
(4, 1, 35, '1.4', 'Alineación de estrategia, estructura y cultura.', 'a. ¿Cómo se hace la alineación de la estructura organizacional –perfiles, relaciones, competencias, procesos de decisión y solución  de  conflictos– con la estrategia para soportar y asegurar el avance hacia los propósitos definidos?\nb. ¿Cuáles son las metodologías y procesos utilizados por la organización para determinar la cultura deseada – marco de valores y principios y conjunto de prácticas y conductas –?\nc.  ¿Tiene la organización un sistema de gestión de riesgos? ¿Cuál es su enfoque y cómo se implementa?\nd. ¿De qué forma la alta dirección participa y asegura procesos gerenciales efectivos para la alineación de la estrategia, la estructura y la cultura?\ne. ¿De qué forma la estructura y', '1. La organización no ha definido ni diseñado la que podría ser su cultura ideal, por tanto no se ha dado ningún proceso de adecuación entre estrategia, estructura y cultura institucionales. La gestión de los riesgos en el negocio no se ve como un asunto estratégico, ni se involucra dentro de la cultura.', '2. Se han establecido algunos elementos de cultura organizacional y su implementación está comenzando en ciertas áreas principales. Los esfuerzos para articular la estructura, la estrategia y la cultura, son todavía incipientes. No hay un enfoque sistemático para asegurar que la estructura y la cultura organizacional contribuyen al logro de las estrategias. la alta dirección no participa en el fomento y aseguramiento de procesos que contribuyan a la alineación de la estrategia, estructura y cultura organizacional.', '3. La organización cuenta con una metodología y unos procesos sistemáticos para diseñar su cultura, compararla con su realidad actual y a partir de allí establecer las brechas y acciones para cerrarlas. Los elementos que describen la cultura han sido implementados en las áreas claves de la organización, en cuyos cargos y funciones críticos ya es una realidad. La alta dirección participa activamente en el desarrollo de políticas y mecanismos para asegurar que la estructura organizacional y la cultura contribuyen y permiten el logro de la estrategia. La gestión de riesgos en la organización es todavía incipiente, pero se considera como importante para el desarrollo de la estrategia. Sistemátic', '4. La organización emplea procesos sistemáticos para ajustar la estructura y confrontar la cultura requerida, a la luz de la estrategia, con su realidad, con el fin de identificar las brechas y definir e implementar acciones para cerrarlas. Ha implementado ajustes a la estructura y la cultura requerida en todas las áreas prioritarias y en algunas de las de soporte. Entre los postulados estratégicos, la estructura y la cultura organizacional existe una alta alineación. Existe un sistema de gestión de riesgos, que está implementado en todas las áreas de la organización, y que está involucrado en la estrategia, tiene una estructura establecida y se integran comportamientos de prevención de ries', '5. Se evidencia una total integración y alineación de la estrategia, la estructura y la cultura. La estructura organizacional responde a las exigencias de la estrategia. La cultura que la organización ha establecido como su ideal, ha sido implementada en todas las áreas, tanto claves como de apoyo. En todos los cargos y funciones críticos se practica en forma totalmente sistemática. El diseño de la cultura ideal y su comparación con la realidad para establecer brechas y definir planes de acción, se hace de manera sistemática involucrando la alta dirección. Desde la estrategia de la organización, la gestión de riesgos se entiende como fundamental para el desarrollo de las operaciones. Se cuen'),
(5, 2, 40, '2.1', 'Estilo de Liderazgo', '\na. ¿Cuál es el estilo de liderazgo – prácticas, capacidades, participación e influencia de los líderes – y cómo se despliega en la organización?\nb. ¿Cuál es el papel de la alta dirección en el diseño, implementación y seguimiento de un sistema de gestión integral?\nc.  ¿Cuál es el papel de los líderes para lograr la participación de los colaboradores en el proceso de gestión integral?\nd. ¿Cuál es el compromiso de la alta dirección en el tema de responsabilidad social?\ne. ¿Cómo se asegura que el liderazgo que se desarrolla en la organización contribuye al logro de los propósitos estratégicos establecidos?\nf.  ¿De qué forma la alta dirección promueve la excelencia, la innovación y el aprendiza', '1. No existe un enfoque que esté claramente establecido para definir el estilo de liderazgo para la organización. La alta dirección no ha orientado el diseño e implementación de un sistema de gestión integral,  ni la construcción  de las definiciones estratégicas, ni el establecimiento de metas y objetivos. De igual manera, no ha establecido procesos que faciliten el control estratégico para el seguimiento y aseguramiento de los resultados. No hay evidencias del impacto e influencia del desarrollo del liderazgo en la organización, por lo tanto, no se promueve la cultura de excelencia, innovación y aprendizaje para crear valor. No cuenta con un sistema de responsabilidad social para mantener ', '2. La organización tiene un enfoque de liderazgo definido, el cual no ha sido compartido y desplegado en su interior. La alta dirección realiza acciones para: orientar el diseño e implementación de un sistema de gestión integral,  la construcción de las definiciones estratégicas y el establecimiento de metas y objetivos. Se definen procesos para el control estratégico facilitando el seguimiento y aseguramiento de los resultados. Se realizan mediciones puntuales del impacto e influencia del desarrollo del liderazgo en la organización, las cuales no contribuyen a generar mejoramiento. Se está comenzando a definir su enfoque hacia la construcción de un sistema de responsabilidad social.', '3. Existe un enfoque de liderazgo el cual es compartido en las áreas prioritarias  para el negocio. La alta dirección orienta la divulgación y despliegue del proceso de gestión integral así como las definiciones estratégicas, las metas y objetivos. En este mismo sentido se refuerza el control estratégico para el seguimiento y aseguramiento de los resultados.  Los indicadores y/o acciones  con que cuenta la organización señalan con claridad el nivel de impacto e influencia del desarrollo del liderazgo en la organización, facilitando  su mejoramiento. Se tiene un sistema de responsabilidad social que le permite mantener y mejorar la creación de valor a los grupos sociales objetivo.', '4. El enfoque del liderazgo en la organización se aplica de manera sistemática en todas las áreas claves sin brechas en las áreas de soporte. La  consolidación y evaluación permanente del proceso de gestión integral es liderada por la alta dirección y los diferentes niveles organizacionales, quienes  participan en su divulgación, la cual es amplia y puede ser medida, especialmente en términos de llegar frecuentemente a áreas, clientes y aliados claves. Existe una alta participación de todos los niveles directivos en el proceso de gestión integral y en los programas de desarrollo y promoción de liderazgo, la cual es evaluada a partir de indicadores y/o acciones  claramente definidos que apoya', '5. El enfoque de liderazgo definido está totalmente consolidado en todas las áreas y personas de la organización y esta siendo evaluado y mejorado continuamente. La alta dirección participa permanentemente en comités de gestión integral y en la divulgación a clientes internos y  externos de los grandes propósitos de la misma. La medición de la participación y de los esquemas de liderazgo, hace parte del sistema de gestión integral, por lo cual es consultada en forma permanente. El estilo de liderazgo que se vive en la organización está fundamentado en prácticas innovadoras y ejemplarizantes. Además, cuenta con sistemas totalmente confiables y desplegados a todas las áreas,  para alcanzar el '),
(6, 2, 40, '2.2', 'Cultura organizacional', 'a. ¿Cuáles son los elementos básicos de  la  cultura  organizacional  deseada – principios,  creencias y valores –?\nb. ¿Cómo se traducen esos elementos en conductas y comportamientos visibles en las personas de  la organización?\nc.  ¿Cómo se establecen las brechas entre las conductas y comportamientos de la cultura organizacional actual y la cultura deseada, y qué acciones se desarrollan para cerrar esas brechas?\nd. ¿Cuál es el papel de la alta dirección para generar un ambiente que incentive y propicie la excelencia y la innovación como elementos fundamentales dentro de la cultura organizacional?\ne. ¿Cómo se asegura la efectividad de los procesos de definición, despliegue y consolidación de', '1. La organización no ha definido los elementos básicos  de la cultura organizacional deseada (principios, creencias y valores), ni la descripción de conductas y comportamientos visibles de los miembros de la organización. De igual manera no existen procesos que permitan  establecer las brechas entre las conductas y comportamientos de la cultura organizacional actual y la cultura deseada. Se realizan acciones aisladas para la construcción de la cultura deseada.', '2. Se han realizado esfuerzos para definir los elementos básicos de la cultura organizacional deseada (principios, creencias y valores), pero no compartidos por todos los miembros;  se describen las conductas y comportamientos visibles de los miembros de la organización. Se definen procesos que permiten establecer las brechas entre las conductas y comportamientos de la cultura organizacional actual y la cultura deseada. Se cuenta con algunos lineamientos generales que rigen el comportamiento de las personas. La alta dirección orienta el inicio de acciones encaminadas a consolidar la cultura deseada. ', '3. La organización ha definido claramente los elementos básicos de la cultura organizacional deseada (principios, creencias y valores), los cuales son compartidos por la mayoría de las áreas pero no en todas son la base para la toma de acciones y decisiones. Se han  iniciado planes para lograr la comunicación y aceptación de los básicos de la cultura organizacional. Se han generado procesos de transformación interna inspirados por la alta dirección, en el esfuerzo por consolidar la cultura deseada, partiendo de las brechas identificadas entre las conductas y comportamientos de la cultura organizacional actual y la cultura deseada.', '4. En su inmensa mayoría, las áreas de la organización han adoptado los elementos básicos de la cultura organizacional deseada. como marco de referencia para la acción y toma de decisiones con algunas prácticas innovadoras y ejemplares. La organización cuenta con un proceso consolidado de transformación interna hacia la cultura deseada,   producto del compromiso y participación de la  alta dirección.', '5. Los comportamientos, conductas y la  toma de decisiones de todos los miembros de la organización son un claro reflejo de  la interiorización de elementos básicos de la cultura organizacional deseada (principios, creencias y valores).  En todas las áreas de la organización se toman decisiones en el marco de los principios, lo cual permite que diariamente se estén reforzando y evaluando. La consolidación del proceso de transformación interna hacia la cultura deseada demuestra la  perseverancia y compromiso de la alta dirección con la misma. La organización se caracteriza por el desarrollo de prácticas innovadoras y ejemplares en lo relacionado con la cultura organizacional y el comportamien'),
(7, 2, 40, '2.3', 'Ética y gobierno corporativo', 'a.  ¿Cuál es el enfoque definido por la organización para garantizar un ejercicio gerencial de rectitud, transparencia y respeto de los derechos de los grupos sociales objetivo?\nb. ¿Cuál es el rol de la alta dirección en el desarrollo, promoción y control de prácticas éticas en la organización?\nc. ¿Cuáles son los mecanismos implementados de autorregulación y transparencia de la gestión, orientados a fortalecer la ética empresarial y las prácticas de buen gobierno en la organización?\nd. ¿Cómo asegura la organización la equidad entre sus socios, patrocinadores o fundadores y cómo protege los derechos de las partes interesadas?\ne. ¿Con qué frecuencia y qué medios se utilizan para dar a conocer ', '1. La organización no ha definido un enfoque de gobierno corporativo razón por la cual no existe relación con los elementos del direccionamiento estratégico. Se realizan acciones aisladas para la construcción de  mecanismos de autorregulación y transparencia de la gestión. En este sentido, tampoco se da a conocer a los diferentes grupos sociales objetivo información sobre gobierno corporativo. No existen medición, evaluación y mejora de los procesos relacionados con la ética empresarial y el gobierno corporativo.', '2. La organización está comenzando a definir un  enfoque de gobierno corporativo, para garantizar  un ejercicio gerencial de rectitud y transparencia. Se han establecido de forma incipiente las responsabilidades de la junta directiva y/o organismo superior de dirección.  En este mismo sentido, la organización ha dado inicio a la implementación  de mecanismos  de autorregulación y transparencia de la gestión, orientados a fortalecer la ética empresarial y las prácticas de buen gobierno. Estos mecanismos son conocidos pero no compartidos por todos los miembros. Se inicia el proceso de dar a conocer a los diferentes grupos sociales objetivo la información sobre gobierno corporativo. Se esta ini', '3. La organización cuenta con un enfoque claro y sistemático de gobierno corporativo, que le permite ir consolidando un ejercicio gerencial de rectitud y transparencia y el respeto  a los derechos de socios o accionistas, acreedores, empleados, clientes  y otros agentes económicos y sociales. Son claras las responsabilidades  de la junta directiva o del organismo superior de dirección, En este mismo sentido,  se han construido  planes de comunicación   a los diferentes grupos sociales objetivo   sobre los mecanismos  para la autorregulación y transparencia de la gestión, con orientación al fortalecimiento de la ética empresarial y las prácticas de buen gobierno. Se han desarrollado medios qu', '4. La  organización cuenta con un proceso consolidado que garantiza  un ejercicio gerencial de rectitud y transparencia, respeto a los derechos de los socios o accionistas, acreedores, empleados, clientes y otros agentes económicos. Es evidente la responsabilidad de la junta directiva o del organismo superior de dirección.  En este mismo sentido, son evidentes los resultados en lo que tiene que ver con la autorregulación y la transparencia  de la gestión, con resultados positivos hacia el fortalecimiento de la ética empresarial y las prácticas de buen gobierno; en la inmensa mayoría de las áreas de la organización. Se registran como resultado aprendizajes, y la aplicación de algunas práctica', '5. Los comportamientos y toma de decisiones de todos los miembros de la organización son un claro reflejo de su enfoque para garantizar un ejercicio  gerencial recto, transparente, con énfasis en el respeto a los derechos de los socios o accionistas, acreedores, empleados, clientes y otros agentes económicos y sociales. En este mismo sentido,  se han consolidado los mecanismos  orientados a fortalecer la ética empresarial y las prácticas de buen gobierno en la organización.  La información proporcionada  a los diferentes grupos sociales objetivo  es suficiente, correcta y veraz, la cual se transmite en un tiempo oportuno, para la toma de decisiones. Estos mecanismos son evaluados y comparado'),
(8, 3, 30, '3.1', 'Estrategia de innovación', 'a. ¿De qué forma la estrategia de la organización tiene en cuenta la innovación y la considera como un factor clave para su éxito?\nb. ¿Cuál es el papel de la alta dirección en el desarrollo de la estrategia de innovación?\nc.  ¿Qué tipo de conocimientos, competencias y recursos requiere y dispone prioritariamente la organización para promover e incentivar la innovación? \nd. ¿Cómo se formalizan y planifican los objetivos, las acciones a llevar a cabo, los recursos y el presupuesto necesarios para el desarrollo de las actividades de innovación en la organización?\ne. ¿Cómo se evalúan, mejoran e innovan los procesos anteriormente descritos?', '1. En la estrategia de la organización la innovación no es considerada como factor clave de éxito, por lo tanto no se tiene una estrategia clara y definida sobre la innovación en la organización. No es claro cuales son los conocimientos, competencias o recursos que tiene la organización para promover el desarrollo de la innovación en la organización. ', '2. La organización está iniciando el reconocimiento de la innovación como factor clave dentro del direccionamiento estratégico. En tal sentido, el desarrollo de la innovación se contempla de forma tangencial en la estrategia de la organización. El enfoque de la organización frente a la innovación en algunos casos se entiende como mejoramiento, y solo está presente en algunos procesos. \n', '3. Dentro del direccionamiento estratégico de la organización la innovación es considerada como factor para el desarrollo de la diferenciación. La innovación se considera sólo para el desarrollo de productos y servicios. La organización ha comenzado a definir y desarrollar las competencias específicas para promover e incentivar la innovación. Existen mecanismos y herramientas para revisar las estrategias de innovación.', '4. La estrategia de la organización identifica la innovación como factor clave de éxito en su sostenibilidad y competitividad. Así mismo, existe una estrategia clara en cuanto a la innovación en la organización. Esta estrategia involucra la innovación de manera integral en procesos, productos y servicios. Para el desarrollo de esta estrategia, se tienen plenamente identificados los objetivos, acciones y recursos necesarios. Dentro de los perfiles de cargo se incluyen las competencias para la innovación. La organización evalúa, mejora e innova de forma sistemática las estrategias de la innovación.', '5. La organización tiene una estrategia ejemplar frente a la innovación como factor clave para su competitividad y sostenibilidad. La alta dirección lidera y participa activamente en el fomento de la innovación y en la definición del direccionamiento estratégico de la organización frente a la innovación. La organización dispone de un presupuesto especial para el desarrollo de la innovación, en el que se involucran actividades para el desarrollo de la investigación y el aprendizaje. Existen programas para el desarrollo de las competencias para la innovación y se incluyen en la evaluación del desempeño. La organización evalúa, mejora e innova de forma totalmente sistemática y sistémica los pro'),
(9, 3, 20, '3.2', 'Despliegue de la estrategia de innovación', 'a. ¿Cuál es el alcance de la estrategia de innovación de la organización en cuanto al desarrollo de nuevos productos, servicios y procesos del negocio?\nb. ¿Cuál es la estructura definida por la organización para la asignación de responsabilidades en materia de innovación?\nc.  ¿Cuáles son los recursos humanos, financieros y materiales significativos asignados por la organización para la innovación?\nd. ¿Cómo se comunican y comparten en la organización las innovaciones realizadas?\ne. ¿Cómo se evalúan, mejoran e innovan los procesos anteriormente descritos?', '1. No existen mecanismos de despliegue de la estrategia de innovación. ', '2. La organización está empezando a consolidar la estructura de innovación. La implementación de una estructura organizacional para la innovación se da en algunos procesos, no se despliega de forma global y consistente. No hay indicadores formales de medición del desempeño de los procesos frente a la innovación. Tampoco existe una metodología formal para comunicar y compartir las innovaciones realizadas.       ', '3. La organización ha definido e implementado su estructura de innovación. La implementación de una estructura organizacional para la innovación se da en los procesos principales, y es desplegado con algunas diferencias en los otros procesos. Existen algunos indicadores de medición del desempeño de los procesos frente a la innovación. Existe metodologías formales para comunicar y compartir las innovaciones realizadas. Los procesos de despliegue son evaluados y mejorados de forma sistemática.', '4. La organización cuenta con una estructura formal para la innovación, plenamente definida e implementada en los procesos principales, sin brechas importantes con respecto a los demás. Existen indicadores de medición del desempeño de todos los procesos frente a la innovación. Existen metodologías formales para comunicar y compartir las innovaciones realizadas, las cuales contribuyen a la generación de conocimiento. Los procesos de despliegue son evaluados y mejorados de forma totalmente sistemática. ', '5. La estructura para la innovación se encuentra implementada de forma integral en todos los procesos e involucra a los grupos sociales objetivo. Existen mecanismos para medir y mejorar la contribución de cada uno de los procesos en las estrategias de innovación. Las metodologías para comunicar y compartir las innovaciones realizadas, se utilizan sistemáticamente para el desarrollo de conocimiento. Existen mecanismos de comparación de las prácticas de la organización con respecto al despliegue de la innovación, las cuales son consideradas como referentes a nivel nacional e internacional. Los procesos de despliegue son evaluados, mejorados e innovados de forma totalmente sistemática.'),
(10, 3, 20, '3.3', 'Cultura de la innovación', 'a. ¿De qué forma la organización fomenta la creatividad y aprovecha todo el potencial de sus colaboradores?\nb. ¿Cómo se promueven, evalúan y aprovechan las ideas generadas dentro de la organización para potenciar su desarrollo?\nc.  ¿Cómo se establecen y desarrollan las competencias y disciplinas necesarias para lograr y fortalecer una cultura de innovación en la organización?\nd. ¿Cómo se evalúan, mejoran e innovan los procesos anteriormente descritos?', '1. No existen mecanismos para fomentar la creatividad y la innovación como elementos de la cultura organizacional. No se cuenta con políticas o mecanismos para aprovechar las ideas de las personas en el desarrollo de la innovación.\n', '2. La organización ha comenzado a implementar actividades para incentivar la creatividad de sus colaboradores. Se ha comenzado la implementación de algunas herramientas para aprovechar las ideas de las personas como entrada para la innovación de productos y servicios. La organización lleva a cabo algunas formaciones para desarrollar las competencias de innovación.', '3. La organización cuenta con mecanismos y programas para el fomento de la creatividad de sus colaboradores. Las ideas de las personas constituyen una entrada para el desarrollo de la innovación de productos y servicios. La organización tiene planes para el desarrollo de las competencias de innovación. Existen mecanismos para evaluar y mejorar sistemáticamente los programas para el fomento de la creatividad.', '4. La organización cuenta con mecanismos y programas, aplicados de manera global en todos los procesos y niveles de la organización, para el fomento de la creatividad de sus colaboradores. Existen mecanismos sistemáticos para incentivar la generación de ideas e involucrarlas en el desarrollo de la innovación de productos y servicios. La organización involucra las competencias relacionadas con la creatividad en los perfiles de cargos. La organización tiene prácticas ejemplares para el fomento de la creatividad de sus colaboradores. Existen mecanismos y prácticas para evaluar, mejorar e innovar sistemáticamente los programas para el fomento de la creatividad.\n', '5. La organización cuenta con mecanismos y programas, aplicados de manera global y sistemática, para el fomento de la creatividad de sus colaboradores. Existen prácticas sistemáticas y ejemplares para la generación de ideas, que involucran a sus grupos sociales objetivo. La organización tiene mecanismos para evaluar el desempeño de las personas en términos de las competencias relacionadas con la creatividad. Los mecanismos y prácticas para evaluar, mejorar e innovar los programas de fomento de la creatividad son utilizados sistemáticamente. Las prácticas para el fomento de la creatividad son consideradas referentes de excelencia para organizaciones a nivel nacional e internacional.'),
(11, 3, 20, '3.4', 'Innovación en la cadena de valor', 'a. ¿Cómo se introducen innovaciones y mejoras en los procesos de producción o equivalentes? \nb. ¿Cómo se introducen innovaciones y mejoras en la cadena de suministros – aprovisionamientos/distribución – y en la logística?\nc. ¿Cómo se introducen innovaciones y mejoras en las áreas de mercadeo y ventas?\nd. ¿Cómo se introducen innovaciones y mejoras en las áreas de servicios postventa y soporte a clientes?\ne. ¿Cuáles son las principales innovaciones implementadas en relación con los procesos, sistemas, productos y/o servicios en los últimos años?\nf.  ¿Cómo se evalúan, mejoran e innovan los procesos anteriormente descritos?', '1. No existen mecanismos para introducir innovaciones y mejoras en los procesos de la organización.', '2. Se han establecido mecanismos para introducir innovaciones y mejoras en los procesos de la organización y su implementación se realiza en los procesos clave, con diferencias grandes en los demás procesos. Los logros obtenidos hasta ahora son parciales y no permiten establecer tendencias para el análisis.', '3. La organización cuenta con metodologías y procesos sistemáticos para introducir innovaciones y mejoras en la cadena de valor. Se tienen implementadas estas metodologías en todos los procesos de la organización, sin grandes brechas entre ellos. Los indicadores muestran tendencias de mejoramiento en materia de innovaciones en los diferentes procesos de la organización. Los procesos y metodologías para la incorporación de innovaciones en la cadena de valor son evaluados y mejorados sistemáticamente.\n', '4. La organización emplea procesos altamente sistemáticos para introducir innovaciones y mejoras en todos los procesos. Las innovaciones y mejoras introducidas reflejan el enfoque de innovación y la alineación con las estrategias de la organización. Existen mecanismos confiables que se usan de forma sistemática para evaluar, mejorar e innovar los procesos de introducción de innovaciones en los procesos. ', '5. Se tienen mecanismos totalmente sistemáticos e integrales para introducir innovaciones y mejoras en la cadena de valor de la organización, éstos son implementados y trabajan en completa armonía con los diferentes procesos de la organización. Las innovaciones realizadas además de ser consecuencia del enfoque implementado, han logrado impactar positivamente los resultados y operaciones de la organización. Los procesos para la introducción de innovaciones y mejoras se evalúan, mejoran e innovan de forma totalmente sistemática con prácticas que son consideradas referentes de excelencia para organizaciones a nivel nacional e internacional.\n'),
(12, 3, 30, '3.5', 'Resultados de la innovación', 'a. ¿Cómo se mide el impacto que se da en la organización por la innovación de procesos, productos y/o servicios?\nb. ¿Cómo considera la organización su capacidad y resultados en innovación con respecto al mercado y/o a la competencia?\nc.  ¿Qué tan importantes son los ingresos generados por los productos desarrollados con base en procesos de innovación en los últimos años?\nd. ¿Cómo se evalúan, mejoran e innovan los procesos anteriormente descritos?', '1. No se cuenta con un sistema que permita medir el impacto en la organización de la innovación de procesos, productos y servicios. La información presentada es anecdótica y no relevante. No es posible identificar el impacto económico de la innovación en la organización. ', '2. La organización ha iniciado la definición de mecanismos de medición del impacto de la innovación de productos, productos y servicios. Estas mediciones incluyen el impacto económico en términos de ingresos. La organización no efectúa comparaciones sistemáticas con otras organizaciones en relación con sus resultados de innovación. ', '3. Existen sistemas de medición del impacto de la innovación de procesos, productos y servicios. Estas mediciones muestran resultados e impactos crecientes en los ingresos de la organización, que son comparados sistemáticamente con los resultados de la competencia. Los procesos y metodologías para la medición de los resultados de las innovaciones son evaluados y mejorados sistemáticamente.', '4. La organización cuenta con un sistema de medición que da cuenta de la capacidad de innovación y el impacto de sus resultados. Se está en constante comparación con su competencia y otras organizaciones, a partir de allí se definen nuevos retos para la estrategia de innovación. Las metodologías para la medición de los resultados de la innovación se evalúan, mejoran e innovan de forma sistemática.', '5. La organización cuenta con resultados sobresalientes en relación con la innovación en procesos, productos y servicios. Los programas de innovación son altamente efectivos, lo que es demostrable a través de indicadores de impacto económico, de ingresos y ahorros para la organización. Sus resultados en esta materia son consistentes, sostenidos en el tiempo y constituyen prácticas nacionales e internacionales. Los procesos para la introducción de innovaciones y mejoras se evalúan, mejoran e innovan de forma totalmente sistemática y sistémica. La organización es líder en innovación y sus prácticas son consideradas referentes de excelencia para organizaciones a nivel nacional e internacional.'),
(13, 4, 20, '4.1', 'Gestión del talento humano', 'a. ¿Cómo se definen los cargos, perfiles y competencias requeridos en la organización para que contribuyan a la creación de valor a sus grupos sociales objetivo y al logro de los propósitos estratégicos?\nb. ¿Cómo se definen los factores de selección y cómo se realizan los procesos de  vinculación,  inducción  y  reinducción del personal?\nc.  ¿Cómo se diseñan e implementan los sistemas de evaluación, reconocimiento y retribución del desempeño?\nd. ¿Cómo se evalúan, mejoran e innovan los procesos anteriormente descritos?', '1. La organización no ha definido los cargos, perfiles y competencias. Los procesos de  vinculación, inducción  y reinducción en la empresa se realizan sin parámetros predefinidos. No se manejan mediciones ni cifras que muestren el impacto de los procesos de vinculación, inducción y reinducción. Tampoco ha diseñado e implementado sistemas de evaluación, reconocimiento y retribución del desempeño.', '2. La organización ha iniciado aunque de forma incipiente la definición de cargos, perfiles y competencias. Utiliza mecanismos para seleccionar y vincular a las personas, pero éstos no son aplicados en todos los procesos. El proceso de inducción se desarrolla sin herramientas formales y estructuradas.  Se inicia la medición de los procesos de vinculación, inducción y reinducción. Aunque de forma esporádica se hace evaluación, reconocimiento y retribución del desempeño.', '3. La organización tiene definidos sus cargos, perfiles y competencias. Utiliza mecanismos sistémicos para seleccionar y vincular a las personas. Cuenta con procesos sistemáticos de selección, vinculación, inducción y reinducción, los cuales son medidos y evaluados. El programa de capacitación y entrenamiento está basado principalmente en las necesidades de carácter técnico del negocio. Cuenta con procesos sistemáticos de evaluación, reconocimiento  y retribución del desempeño. La evaluación y mejoramiento de dichos programas están basados en hechos y datos.', '4. La organización involucra en su definición de cargos, perfiles y competencias, la creación de valor a sus grupos sociales objetivo. Los procesos de vinculación, inducción y reinducción operan sistemáticamente, de forma generalizada y son medidos, evaluados y mejorados periódicamente. Están claramente establecidos los criterios empleados para la identificación de las necesidades, la definición del tipo, nivel y profundidad de la capacitación y entrenamiento. La participación de las personas, así como las mediciones realizadas, muestran con hechos y datos mejoramiento permanente, evidencia de la aplicación de medidas proactivas con prácticas ejemplarizantes para lograrlos. Los indicadores d', '5. La organización desarrolla, evalúa y mejora de manera totalmente sistemática, los procesos de vinculación, inducción y reinducción, así como el programa de inducción y reinducción, el cual está totalmente alineado con su direccionamiento estratégico. Los programas de capacitación cuentan con criterios para definir su tipo, nivel y profundidad. Se tienen prácticas innovadoras en los sistemas de evaluación, reconocimiento y retribución del desempeño. Las tendencias positivas en la efectividad del proceso de enseñanza - aprendizaje son resultado de un proceso sistemático de mejoramiento e innovación con prácticas ejemplares e innovadoras, consideradas como referentes de otras organizaciones ');
INSERT INTO `pn_sub_capitulo` (`id`, `id_capitulo`, `ponderacion`, `codigo_item`, `sub_capitulo`, `evalua_item`, `c_20`, `c_40`, `c_60`, `c_80`, `c_100`) VALUES
(14, 4, 20, '4.2', 'Desarrollo Integral de las Personas', 'a. ¿De qué manera la estrategia de la organización contribuye al desarrollo integral de las personas?\nb. ¿Cuáles son los sistemas empleados para determinar las necesidades y oportunidades de desarrollo de  las personas y al mismo tiempo garantizar el logro  de  los objetivos de  la organización?\nc.  ¿Cómo se desarrollan las competencias definidas por la organización?\nd. ¿Cómo los programas de capacitación y desarrollo involucran la cultura de excelencia e innovación y contribuyen a consolidar el aprendizaje organizacional?\ne. ¿Cuáles son las estrategias y los mecanismos adoptados para fomentar y apoyar la participación individual y de equipo en la consecución de los propósitos estratégicos d', '1. La organización no tiene sistemas para determinar las necesidades y oportunidades de desarrollo de las personas. Tampoco ha establecido las competencias individuales y organizacionales que debe desarrollar. No es evidente el impacto de los diferentes programas de capacitación en la organización. La organización no cuenta con estrategias ni mecanismos que faciliten el desarrollo del proyecto de vida individual y familiar de sus colaboradores.', '2. En algunos procesos de la organización, se ha iniciado un proceso de implementación de sistemas para determinar las necesidades y oportunidades de desarrollo de las personas.    La organización inicia un proceso para establecer las competencias individuales y organizacionales, como insumo de los procesos de capacitación y entrenamiento. Se inicia la medición del impacto de los programas de capacitación en la organización, estos resultados todavía no conducen a la realización de acciones correctivas. La organización ha diseñado mecanismos que facilitan el desarrollo del proyecto de vida individual y familiar de sus colaboradores. En este mismo sentido se realiza actividades esporádicas de ', '3. La organización cuenta con un sistema para determinar las necesidades y oportunidades de desarrollo de las personas, garantizando de esta manera el logro de los objetivos organizacionales. Así mismo, la organización ha desarrollado un proceso que le permite establecer las competencias individuales y grupales, convirtiéndose en uno de los insumos fundamentales para los procesos de capacitación y entrenamiento. Se han definido planes, programas y prácticas para el desarrollo del proyecto de vida personal y familiar.  En este mismo sentido la organización desarrolla programas de bienestar encaminados a fomentar la convivencia y el sano esparcimiento personal y familiar. La evaluación y mejor', '4. La organización cuenta con un sistema para determinar las necesidades y oportunidades de desarrollo de las personas, garantizando de esta manera el logro de los objetivos organizacionales de manera confiable. Así mismo, la organización ha consolidado un proceso sistemático que le permite establecer las competencias individuales y grupales, convirtiéndose en uno de los insumos fundamentales para los procesos de capacitación y entrenamiento. Se evidencia con hechos y datos la implementación de programas, prácticas en el desarrollo del proyecto de vida personal y familiar. Los programas de bienestar  encaminados a fomentar la convivencia y el sano esparcimiento personal y familiar, son estru', '5. La organización cuenta con un sistema  totalmente confiable para determinar las necesidades y oportunidades de desarrollo  de las personas, mostrando resultados  en el logro de los objetivos de la organización. El proceso para establecer  las competencias individuales y grupales está consolidado, y se ha convertido en el punto de referencia para el desarrollo en los planes de carrera de las personas. Se han establecido mecanismos totalmente sistemáticos para la construcción participativa de los planes de desarrollo del proyecto de vida personal y familiar, alineados con los objetivos de la organización. Los programas de bienestar encaminados a fomentar la convivencia y el sano esparcimien'),
(15, 4, 20, '4.3', 'Competencias y disciplinas', 'a. ¿Cuáles son y cómo se definen las competencias y disciplinas que fomenta y desarrolla principalmente la organización?\nb. ¿Cómo se asegura que las competencias y disciplinas que se fomentan y desarrollan en la organización contribuyen al logro de los propósitos estratégicos establecidos?\nc.  ¿Cómo se promueve en la organización el desarrollo de competencias y disciplinas para el aprendizaje, la excelencia y la innovación?\nd. ¿Cómo se desarrollan y fomentan las conversaciones efectivas en la organización para una mejor interacción y coordinación de acciones entre personas, áreas y procesos?\ne. ¿Cómo se evalúan, mejoran e innovan los procesos anteriormente descritos?', '1. No existe un enfoque definido en cuanto al desarrollo de competencias y disciplinas. Tampoco se han definido las competencias y disciplinas para el logro de los propósitos estratégicos. En consecuencia, tampoco existe un enfoque relacionado con el desarrollo de dichas competencias y disciplinas. De igual manera, no se han establecido procesos que promuevan el desarrollo de competencias y disciplinas para el aprendizaje, la excelencia y la innovación. Tampoco hay un enfoque con respecto al desarrollo de las conversaciones efectivas en la organización para tener una mejor interacción y coordinación de acciones entre personas, áreas y procesos, hacia el logro de los objetivos y metas organiz', '2. El enfoque de la organización frente al desarrollo de competencias y disciplinas no es claro. La organización está iniciando un proceso para establecer las competencias necesarias para el cumplimiento de los propósitos estratégicos, que se consideran como insumo de los procesos de capacitación y entrenamiento. Esta comenzando el desarrollo  de procesos que facilitan el desarrollo de competencias y disciplinas para el aprendizaje, pero no se contemplan para la excelencia ni la innovación. En este mismo sentido se están llevando a cabo, aunque en forma esporádica, actividades para el desarrollo de conversaciones efectivas en la organización, como medio para mejorar la interacción y coordina', '3. Existe un enfoque claro sobre el desarrollo de competencias y disciplinas en la organización. De acuerdo con esto, la organización ha desarrollado un proceso que le permite establecer las competencias y disciplinas que se requieren para el cumplimiento de los objetivos estratégicos. Estas competencias son uno de los insumos fundamentales para los procesos de capacitación y entrenamiento. Así mismo, la organización cuenta con mecanismos que permiten promover y desarrollar las competencias y disciplinas para el aprendizaje, pero no se desarrollan para la excelencia ni la innovación. Se cuenta con programas para el desarrollo y fomento de conversaciones efectivas en la organización para pote', '4. Desde la estrategia de la organización se identifica la importancia de definir y desarrollar las competencias y disciplinas para el desarrollo de sus productos y servicios y para el cumplimiento de sus objetivos estratégicos. En consecuencia, tienen procesos y herramientas, en los que los líderes de la organización tienen un rol importante, para la definición y desarrollo de las competencias, que responden a la estrategia y que permiten el aprendizaje, la excelencia y la innovación. Los comportamientos y la toma de decisiones de la mayoría de  los miembros de la organización muestran el desarrollo de las conversaciones efectivas, facilitando de esta manera la interacción y coordinación de', '5. Para la organización, es estratégico contar con personas que tengan y demuestren las competencias y disciplinas organizacionales. Esto se refleja en los diferentes programas y acciones que se tienen para incentivar el aprendizaje y la innovación, y para desarrollar las competencias conversacionales para la coordinación de los procesos y actividades para el cumplimiento de los propósitos estratégicos. En la organización se  han alcanzado altos niveles de participación de  todos los colaboradores en el proceso de gestión integral, desarrollando en un alto grado competencias y disciplinas de aprendizaje en sus empleados. Se han consolidado de forma sistemática y estructurada procesos que han'),
(16, 4, 20, '4.4', 'Calidad de Vida en el Trabajo', 'a. ¿Cuáles son y cómo se identifican los factores de bienestar, seguridad industrial, salud ocupacional, manejo de conflictos y calidad de vida laboral?\nb. ¿Cómo y con qué frecuencia  se determina  la satisfacción de  las personas en su trabajo? ¿Cuál es el proceso y las acciones emprendidas en casos de  insatisfacción?\nc.  ¿De qué forma el ambiente de trabajo propicia la participación y el compromiso de las personas en el logro de los propósitos estratégicos de la organización?\nd. ¿Cuáles  son  los  mecanismos formales  y  explícitos  que  tiene  la organización  para  dar  respuesta  rápida  y satisfactoria a las iniciativas de las personas?\ne. ¿Qué mecanismos de reconocimiento tiene la or', '1. La organización no tiene claramente definido en los objetivos y planes de mejoramiento, los factores relacionados con el bienestar, seguridad industrial, salud ocupacional, manejo de conflictos y calidad de vida laboral,  sólo se limita al cumplimiento de algunos de ellos en casos aislados. No existen mecanismos para medir la satisfacción de las personas con su trabajo. Tampoco cuenta con sistemas de trabajo que propicien la participación individual y en equipo, lo mismo que el fortalecimiento del compromiso, la responsabilidad, el empoderamiento y el alto desempeño, como medio para lograr los objetivos y el mejoramiento de los procesos. No se han definido los mecanismos formales y explíc', '2. Se han realizado acciones para incluir en los objetivos y planes de mejoramiento de la empresa, algunos factores relacionados con la calidad de vida en el trabajo y para fomentar la variedad en las tareas y contenido de los cargos, en la búsqueda de promover el desarrollo personal. Esporádicamente se desarrollan  algunas acciones orientadas al desarrollo familiar y social.  Igualmente, la organización ha desarrollado acciones esporádicas para conocer la satisfacción de las personas y para identificar niveles de rotación y ausentismo con resultados que todavía no permiten establecer tendencias. En este sentido la organización realiza acciones esporádicas que propician la participación indi', '3. La organización cuenta con los factores críticos de bienestar, seguridad industrial, salud ocupacional, manejo de conflictos  y calidad de vida laboral y familiar a partir de los cuales diseña e implementa políticas para propiciar el mejoramiento del ambiente laboral y el desarrollo de las personas. Los programas de salud ocupacional y seguridad industrial son desarrollados de manera sistemática, son evaluados y se dan ciclos de mejora.  Se cuenta con procesos de medición de la satisfacción de las personas en su trabajo, así como de índices de rotación y ausentismo, cuyos resultados muestran tendencias favorables y son utilizados como herramienta de mejoramiento. La organización cuenta co', '4. La organización cuenta con mecanismos para identificar los factores críticos de bienestar, seguridad industrial, salud ocupacional, manejo de conflictos y calidad de vida laboral  que se traducen en programas en este campo, los cuales son desarrollados de manera sistemática, siguiendo ciclo de evaluación y mejoramiento consistentes. La implementación sistemática de estrategias y políticas para propiciar el mejoramiento del ambiente laboral y el desarrollo de las personas con prácticas innovadoras y ejemplares, se evidencia en un buen ambiente de trabajo y en la utilización de mecanismos que facilitan la movilidad y flexibilidad en el trabajo, la variedad de tareas y contenido de los puest', '5. La organización ha desarrollado un proceso totalmente sistemático y proactivo en los factores relacionados con el bienestar, la seguridad industrial, la salud ocupacional, manejo de conflictos y calidad de la de vida  laboral, permitiendo un ambiente propicio para el desarrollo de las personas, un excelente bienestar de los empleados y un enriquecimiento en las tareas y en los contenidos de los puestos, basado en la movilidad y flexibilidad del trabajo con prácticas innovadoras y ejemplares. Cuenta con programas para el desarrollo social y familiar organizados, sistemáticos que tienen ciclos de evaluación y mejoramiento.  Igualmente, ha desarrollado procesos totalmente sistemáticos para m'),
(17, 5, 20, '5.1', 'Estructura y gestión de procesos', 'a. ¿Cómo concibe, define y estructura sus procesos la organización y cómo entiende  el  trabajo  por procesos?\nb. ¿Cómo se identifican los procesos que crean o agregan valor, en línea con el modelo de negocio de la organización?\nc.  ¿Cómo se  relacionan  entre  sí  los procesos de la organización? \nd. ¿Cómo se asegura que la estructura y gestión de los procesos en la organización contribuyen al logro de los propósitos estratégicos establecidos?\ne. ¿De qué forma se gestionan los riesgos en los procesos de la organización?\nf.  ¿Cómo soporta los procesos de la organización el sistema de gestión de riesgos?\ng. ¿Cómo se implementan los procesos en los diferentes elementos de la gestión y la organ', '1. La organización no tiene claramente concebidos o establecidos sus procesos. En la organización no existen mecanismos y/o herramientas para mejorar los procesos y su valor agregado, el logro de los objetivos y metas planteadas.', '2. La organización está comenzando a utilizar un enfoque sistemático para definir sus procesos, pero sólo en algunas de las áreas principales. La implementación no es consistente y solo se tienen  algunos datos como referencia al desempeño. Se dispone de algunos mecanismos y/o herramientas para mejorarlos y  asegurar el valor agregado y el logro de los objetivos de la organización. Las medidas correctivas son puntuales y no sistemáticas.', '3. Existe en la organización un enfoque sistemático para definir los procesos, el cual es aplicado en las áreas prioritarias y en menor grado en las demás. Los procesos de las áreas claves están interrelacionados, y se ha desarrollado un grado de control de los mismos.  Se emplean indicadores para hacer seguimiento a los planes y políticas con el fin de determinar el cumplimiento de las metas. ', '4. En todas las áreas claves de la organización y en buena medida en las áreas de soporte existen métodos sistemáticos para definir los procesos, mejorarlos, innovarlos y  asegurar altos niveles de calidad de los mismos. La integración entre los procesos y los diferentes  elementos de la gestión de la organización es absoluta, con lo cual se garantiza no sólo el cumplimiento de las metas específicas de las áreas sino también el logro de los objetivos generales de la misma. En las áreas prioritarias se han diseñado y adoptado indicadores de gestión para garantizar que los procesos de cada una contribuya a alcanzar los objetivos y las metas organizacionales.\n', '5. El enfoque y los métodos utilizados en todas las áreas de la organización para definir sus procesos, son totalmente sistemáticos. Se garantiza no sólo el cumplimiento de las metas específicas de las áreas sino también el logro de los objetivos generales de la organización. Todas las áreas han diseñado y adoptado indicadores de gestión.  La evaluación sistemática de los mecanismos y herramientas  establecidos para asegurar el valor agregado se han convertido en una herramienta fundamental para mejorarlos e innovarlos permanentemente y el aprendizaje logrado por la organización al respecto es altamente significativo. La organización cuenta con mecanismos sistemáticos de evaluación, mejorami'),
(18, 5, 20, '5.2', 'Gestión de la rutina', 'a. ¿Cómo opera el sistema de gestión de  procesos  y  cómo  funcionan  las diferentes  técnicas y/o herramientas para hacer realidad los productos y/o  servicios?\nb. ¿Cómo  se  determinan  los  responsables  de  los  procesos  y  de  la implementación  de  las  técnicas  y/o herramientas  que  soportan  su desarrollo?\nc. ¿Cómo se establecen y difunden los procedimientos  de  trabajo,  quiénes los elaboran y qué mecanismos se utilizan para mantenerlos actualizados y disponibles en el puesto de  trabajo?\nd. ¿Cuál es la forma en que los colaboradores aplican la gestión de procesos en su trabajo diario?\ne. ¿Cómo se asegura que el trabajo diario en la organización contribuye al logro de los propó', '1. La organización no cuenta con un sistema de gestión del día a día que asegure los procesos involucrados en satisfacer los requisitos de los productos  y servicios. Los procesos están sin documentar y la responsabilidad por la detección de errores o incumplimientos, está asignada a los niveles operativos.  No se registra el resultado de las medidas correctivas.  La articulación entre el trabajo diario y los objetivos de la organización aun no es evidente. No se cuenta con procedimientos oficiales para el trabajo diario ni con parámetros de control establecidos formalmente.', '2. La organización está comenzando a utilizar un enfoque sistemático para garantizar la gestión diaria  de los procesos, pero sólo en algunas de las áreas principales. Estas áreas cuentan con parámetros de control para medir sus actividades diarias con el fin de establecer el grado de satisfacción de los clientes y el cumplimiento de las metas propuestas. Disponen de algunos procedimientos de trabajo que les suministran a sus colaboradores y los mantienen actualizados.  La gestión  del trabajo cotidiano comienza a alinearse con los objetivos generales de la organización. La implementación no es consistente y sólo se tienen algunos datos como referencia del desempeño.  ', '3. Existe en la organización un enfoque sistemático para garantizar adecuados niveles de gestión diaria  en los procesos, el cual es aplicado en las áreas prioritarias y en menor grado en las demás. Las áreas principales utilizan parámetros de control para asegurar que su trabajo cotidiano esté en función de las necesidades de los clientes internos y externos, como lo plantea el direccionamiento estratégico formulado. Así mismo, emplean indicadores para hacer seguimiento a los planes y políticas que les corresponden con el fin de determinar el cumplimiento de las metas.  Todas las áreas principales cuentan con procedimientos que mantienen actualizados y disponibles en los puestos de trabajo.', '4. Existe un enfoque claro y métodos sistemáticos en todas las áreas claves y en buena medida en las áreas de soporte para asegurar altos niveles de gestión de procesos. La integración entre el trabajo cotidiano y los diferentes  elementos de la gestión de la organización es absoluta. De igual forma, en las áreas prioritarias y en algunas de soporte se han establecido procedimientos de trabajo que se mantienen actualizados y disponibles en los puntos de trabajo. A dichos procedimientos se les hace seguimiento y evaluación sistemática para mejorarlos permanentemente.', '5. El enfoque y los métodos utilizados en todas las áreas de la organización para garantizar una gestión excelente en los procesos, son totalmente sistemáticos. La integración entre el trabajo cotidiano y el direccionamiento estratégico es absoluta, con lo cual se garantiza no sólo el cumplimiento de las metas específicas de las áreas sino también el logro de los objetivos generales de la organización. Todas las áreas han diseñado y adoptado parámetros de control e indicadores de gestión para garantizar que el trabajo cotidiano de cada una contribuya a satisfacer las necesidades de los clientes internos y externos. Sus procedimientos están debidamente actualizados y disponibles en todos los '),
(19, 5, 20, '5.3', 'Gestión de mejoramiento e innovación', 'a. ¿Cómo se identifican en la organización las necesidades de mejoramiento e innovación de procesos, productos y servicios?\nb. ¿Cómo se priorizan, estructuran y administran los proyectos de mejoramiento e innovación?\nc.  ¿Cómo se alinean los proyectos de mejoramiento e innovación con los objetivos, prioridades estratégicas y capacidades de la organización?\nd. ¿De qué forma participan los colaboradores en los proyectos de mejoramiento e innovación en la organización?\ne. ¿Qué proyectos de mejoramiento e innovación se están gestionando actualmente, y quiénes participan en ellos?\nf.  ¿Qué beneficios estratégicos han aportado a la organización los mejoramientos e innovaciones de productos, servic', '1. No existe en la organización un enfoque relacionado con la gestión del mejoramiento e innovación. Las mejoras que se dan en los diferentes procesos son esporádicas y no obedecen a una metodología estructurada, son esfuerzos aislados que no son considerados de forma sistémica. La participación de los colaboradores es limitada a ciertos niveles, procesos o personas. ', '2. La organización tiene un enfoque claro y desplegado, aunque no en todos los niveles,  con respecto a la gestión de mejoramiento. La innovación aun no se considera, o se considera igual a hacer mejoramiento. El mejoramiento se da en algunos procesos, aunque no corresponde a planes estructurados sino a mejoras puntuales que se dan de forma reactiva. Se orientan a la definición de acciones correctivas. En el desarrollo de estas acciones se involucra a los colaboradores, aunque de forma desorganizada y sin un objetivo claro. Se revisan y mejoran las acciones tomadas, con respecto a los resultados, aunque esto no obedece a un ejercicio sistemático y proactivo.', '3. La gestión de mejoramiento e innovación es considerada desde la estrategia, como factores que inciden en la competitividad y sostenibilidad de la organización. Se tienen metodologías para identificar oportunidades de mejora y desarrollar proyectos a partir de ellas. Estos proyectos son desarrollados en los diferentes niveles de la organización. Existe una estructura de revisión, seguimiento y ajuste de dichos proyectos en la que las responsabilidades son claras y comunicadas a los involucrados. La innovación se desarrolla, aunque bajo un enfoque no sistemático o proactivo. Es claro el impacto de estos proyectos y acciones de mejora en el cumplimiento de los propósitos estratégicos. Los pr', '4. Existe un enfoque claro, totalmente desplegado y alineado con la estrategia de la organización, con respecto a la gestión de mejoramiento e innovación. Existen metodologías para identificar oportunidades de mejora, plantear proyectos de mejora e innovación, implementarlos y revisarlos de forma sistemática, en los que los grupos sociales objetivo son involucrados. Los colaboradores tienen responsabilidades claras en el desarrollo de los proyectos definidos, en todas las etapas de los mismos. Existe una tendencia positiva en el volumen y resultados de los proyectos de mejora implementados en la organización. La definición de prioridades de desarrollo de proyectos se hace con respecto a las ', '4. Existe un enfoque claro, totalmente desplegado y alineado con la estrategia de la organización, con respecto a la gestión de mejoramiento e innovación. Existen metodologías para identificar oportunidades de mejora, plantear proyectos de mejora e innovación, implementarlos y revisarlos de forma sistemática, en los que los grupos sociales objetivo son involucrados. Los colaboradores tienen responsabilidades claras en el desarrollo de los proyectos definidos, en todas las etapas de los mismos. Existe una tendencia positiva en el volumen y resultados de los proyectos de mejora implementados en la organización. La definición de prioridades de desarrollo de proyectos se hace con respecto a las '),
(20, 5, 20, '5.4', 'Gestión de la relaciones con los proveedores', 'a.  ¿Cuál es el enfoque de la organización con respecto a las compras y cómo se implementa para asegurar la calidad de los insumos, productos y servicios requeridos?\nb. ¿Cuáles son los criterios de selección y desarrollo de los proveedores clave de la organización, en línea con su estrategia? \nc.  ¿De qué forma se involucran, estimulan y comprometen los proveedores en el cumplimiento de los propósitos estratégicos de la organización?\nd. ¿Cuáles son los criterios que tiene la organización para la realización de alianzas estratégicas con proveedores o subcontratistas?\ne.  ¿Cómo se gestionan las relaciones con los proveedores?\nf.  ¿Cuáles indicadores se utilizan para evaluar el desempeño de los', '1. La organización efectúa las compras sin obedecer a ninguna política o enfoque. Los requisitos de calidad son definidos por el usuario interno en el momento de emitir la requisición y es el mismo usuario quien aprueba el producto y/o servicio adquirido de acuerdo con sus criterios. Estos criterios no están unificados y no obedecen a una metodología establecida. Los proveedores de la organización no se seleccionan de acuerdo con unos criterios claros que den cuenta de su capacidad para proveer el producto o servicio contratado. Las relaciones con los proveedores son informales y se limitan a las relaciones comerciales que se dan puntualmente. No hay indicadores formales de medición de la ef', '2. La organización ha definido un enfoque para las compras, enmarcado en el cumplimiento de especificaciones. Existe una metodología para definir las especificaciones de compra, pero no esta desplegada en todos los niveles de la organización. Esta metodología exige la verificación de los materiales comprados, de acuerdo con los criterios establecidos, identifica los responsables de las compras y de su respectiva verificación. La organización tiene un enfoque claro con respecto al manejo y desarrollo de sus proveedores y subcontratistas. La organización no contempla la asociatividad entre sus proveedores, de manera que no hay acciones para fomentarla. Los proveedores, forman parte del grupo d', '3. El enfoque del proceso de compras está claramente definido y documentado en procedimientos y otros medios de difusión. Los enfoques y procedimientos se despliegan sistemáticamente con los proveedores. Existen políticas que definen la forma como se manejan las relaciones que se establecen con los proveedores. Existen criterios claros para realizar la selección y evaluación de los proveedores claves de la organización, así como para identificar oportunidades de mejora para desarrollar sus capacidades. La organización, dentro de sus programas de desarrollo de proveedores, identifica la asociatividad en la cadena productiva como factor fundamental, de acuerdo con esto desarrolla diferentes ac', '4. La organización cuenta con un enfoque totalmente establecido con respecto a las compras, el cual es desplegado sistemáticamente en todos los procesos de la organización. La organización logra involucrar a los proveedores en el logro de sus propósitos estratégicos. Existen diferentes programas de desarrollo de proveedores, que se enfocan en su formalización, aumento de la eficacia, crecimiento y mejoramiento, entre otros aspectos. La asociatividad es incluida también dentro de estos programas, en los que la organización actúa como organización líder. Los resultados refieren mejoras sostenidas en los niveles de calidad, inventarios, productividad, ahorros, etc.  El proceso de compras y mane', '5. Existe un enfoque sistemático con respecto al manejo y desarrollo de proveedores, que está totalmente alineado con la estrategia y el pensamiento organizacional. Los proveedores son considerados aliados estratégicos. Existe un enfoque sistemático que sustenta los procedimientos para el tratamiento de los proveedores, quienes son involucrados en los procesos de mejoramiento y diseño de productos y servicios. Existe un plan de desarrollo de proveedores, que es evaluado y mejorado sistemáticamente y los resultados logrados responden a los objetivos planteados. La organización lidera diferentes tipos de asociatividad entre sus proveedores, las promueve y presta soporte para desarrollarlos. La'),
(21, 6, 30, '6.1', 'Gestión de la información', 'a. ¿Cuáles son los criterios que se utilizan para identificar las necesidades de información, diseñar  y/o  seleccionar  los  sistemas de información e identificar la  información relevante  de  los  diferentes  procesos  y niveles?\nb. ¿Cuáles son los  procedimientos  y  las tecnologías  que  se  usan  para  asegurar la confiabilidad,  disponibilidad, consistencia, seguridad, sistemicidad, integralidad y actualización de la información?\nc.  ¿Cómo contribuyen los sistemas de información al desarrollo y fortalecimiento de la cadena de valor de la organización?\nd. ¿Cómo se analiza la información y cómo los resultados de los análisis contribuyen al aprendizaje,  al  logro de  las metas  de  la  ', '1. Los procesos y procedimientos para el diseño de sistemas de información no existen o son esporádicos y no responden a un plan.  Las herramientas utilizadas para el manejo de la información y su análisis no corresponden a un modelo o metodología. Los resultados del análisis no son contundentes o concluyentes y no existen procesos de evaluación para dichos modelos y herramientas.', '2. La organización desarrolla regularmente un proceso de obtención de la información con énfasis en hechos y datos en los procesos misionales, pero éste aún no responde a un plan estructurado. Los criterios de diseño de los sistemas de información son todavía incipientes. Existe una metodología para diseñar los sistemas de información, pero ésta no está divulgada a todos los involucrados. La calidad y confiabilidad de la información no está suficientemente asegurada y se inicia un proceso de evaluación de los sistemas de información que no redunda en mejoramiento y actualización de los mismos. El análisis de la información empieza a ser efectivo, pero sólo permite aproximarse a las solucione', '3. Los procesos, procedimientos y criterios utilizados para obtener la información están enmarcados dentro de un sistema y son adecuados a las necesidades de la organización. De este sistema se desprende la adquisición, diseño o ajuste de los sistemas de información que apoyan el desarrollo de los procesos. La organización ha definido políticas, controles y medios para asegurar la disponibilidad, confiabilidad, consistencia y seguridad de la información. La información recolectada es confiable, basada en hechos y datos y apoya el desarrollo de acciones correctivas y preventivas en los procesos claves de satisfacción del cliente, mejoramiento de procesos, productos y servicios y reducción de ', '4. La organización cuenta con unos criterios definidos e implementados sistemáticamente para identificar la información relevante de todos los procesos y niveles, a partir de la que se basa el diseño o la selección de los sistemas de información. La confiabilidad, consistencia, seguridad, integralidad y actualización de la información se asegura a través de la implementación sistemática de controles, políticas y protocolos de seguridad. Existe en la organización un sistema confiable de análisis y presentación de la información, cuyos resultados apoyan de manera significativa no solamente el mejoramiento de las actividades diarias de los procesos misionales y el desarrollo de acciones correct', '5. La información, su disponibilidad y uso es totalmente confiable y responde a un sistema claramente establecido, que tiene en cuenta las necesidades de la organización y que logra involucrar a sus grupos sociales objetivo. Se identifica sistemáticamente la información relevante de cada proceso y se desarrollan diferentes mecanismos e instrumentos de soporte. Existen procedimientos y tecnologías para asegurar la confiabilidad, consistencia, seguridad, integralidad, disponibilidad y actualización de la información. El sistema de análisis y presentación de la información es totalmente confiable, y contribuye de manera efectiva al aprendizaje, desarrollo el conocimiento, creación de productos '),
(22, 6, 30, '6.2', 'Gestión del Conocimiento', 'a. ¿Cuál  es  el  enfoque  que  se tiene  sobre  la  gestión  del conocimiento?\nb. ¿Qué elementos de la estrategia de la organización le apuntan a la apropiación, uso y transferencia de conocimiento?\nc.  ¿De qué manera contribuye la gestión del conocimiento al logro de los propósitos estratégicos de la organización?\nd. ¿Cómo identifica, protege y utiliza la organización el conocimiento como elemento  innovador  para  lograr desempeño  superior  y  creación  de  valor para  sus distintos grupos sociales objetivo?\ne. ¿Cómo se incentiva dentro de la organización la creación de conocimiento a fin de desarrollar nuevos productos, servicios y procesos?\nf.  ¿Cómo se incorporan las experiencias y le', '1. La organización no cuenta con un enfoque claro de gestión del conocimiento. No tiene procesos que le permitan identificar, proteger y hacer uso del conocimiento como elemento innovador. Así mismo, no cuenta con mecanismos que propicien la creación de conocimiento, como medio para desarrollar nuevos productos y/o servicios, procesos y tecnologías. Tampoco muestra estrategias que faciliten compartir el conocimiento en la organización, incentivar el pensamiento creativo e innovador y los métodos para la identificación, desarrollo e incorporación de nuevas tecnologías, y las lecciones aprendidas. Así mismo, no cuenta con indicadores para evaluar y mejorar el sistema y procesos relacionados co', '2. La organización está comenzando a definir su enfoque hacia la construcción de un sistema de gestión del conocimiento, ha iniciado la búsqueda de metodologías para identificar, proteger y usar el conocimiento como elemento innovador. En este mismo sentido, identifica mecanismos que propician aunque de manera incipiente la creación de conocimiento, como medio para desarrollar nuevos productos y/o servicios, procesos y tecnologías. Aunque esporádicamente identifica e implementa estrategias para compartir el conocimiento organizacional, incentivar el pensamiento creativo e innovador y los métodos para la identificación, desarrollo e incorporación de nuevas tecnologías y las lecciones aprendid', '3. La organización está en proceso de consolidación de un sistema de gestión del conocimiento, desarrolla e implementa de manera sistemática metodologías y procesos que le permiten identificar, proteger y usar  el conocimiento como elemento innovador.  La organización fortalece diferentes mecanismos que propician la creación de conocimiento en los procesos de desarrollo de nuevos productos y/o servicios, procesos y tecnologías, contribuyendo al bienestar. En este mismo sentido se implementan estrategias que permiten compartir el conocimiento, incentivar el pensamiento creativo e innovador, lo mismo que los métodos para la identificación, desarrollo e incorporación de nuevas tecnologías y las', '4. La organización cuenta con un sistema de  gestión del conocimiento estructurado, implementa sistemáticamente metodologías y procesos que muestran evidencias de la forma como la organización identifica, protege y usa el conocimiento como elemento innovador medio para lograr un desempeño superior y creando valor para sus diferentes grupos sociales objetivo. En este mismo sentido, la organización muestra estrategias concretas que presentan resultados tangibles en relación con la forma como se comparte el conocimiento, incentiva el pensamiento creativo e innovador, lo mismo que la apropiación de métodos para identificar, desarrollar  e incorporar nuevas tecnologías y lecciones aprendidas. La ', '5. La organización cuenta con un sistema de gestión del conocimiento sólido y estructurado. Las metodologías y procesos para identificar, proteger y usar el conocimiento, se han convertido en un elemento innovador, mostrando resultados positivos, logrando desempeños satisfactorios y creando valor para los grupos sociales objetivo. En este mismo sentido, se consolidan las estrategias utilizadas por la organización para la creación de conocimiento, mostrando resultados tangibles en relación con el desarrollo de nuevos productos y/o servicios, mejoramiento de procesos y renovación y ajuste de las tecnologías, contribuyendo en alto grado a la generación de bienestar; de igual manera, la gestión '),
(23, 6, 20, '6.3', 'Redes de Conocimiento', 'a.  ¿Qué tipo de redes establece la organización, con qué actores y con qué propósitos?\nb. ¿Cómo se genera aprendizaje organizacional y transferencia de conocimiento mediante el trabajo en redes dentro de la organización y con otros grupos sociales objetivo?\nc.  ¿De qué forma contribuye el trabajo en red a la innovación y al cumplimiento de los propósitos estratégicos en la organización?\nd. ¿Tiene la organización acuerdos de colaboración con centros de investigación u otras entidades de desarrollo? ¿Cuáles son y cómo se gestionan?\ne.  ¿Cómo se evalúan, mejoran e innovan los procesos anteriormente descritos?', '1. La organización no tiene establecido ningún tipo de red con actores externos ni dentro de la organización. No se genera aprendizaje organizacional mediante el trabajo en red. No tiene ningún acuerdo o convenio con entidades de investigación o de desarrollo de conocimiento. ', '2. La organización ha establecido algunas redes de trabajo al interior de la organización pero no tiene establecido ningún tipo de red con actores externos. El aprendizaje resultado del trabajo en red no se obtiene de forma sistemática, tampoco hay un enfoque claro al respecto. El cumplimiento de los propósitos estratégicos se basa en esfuerzos individuales y en algunos casos de equipo, pero no hay un enfoque al respecto. ', '3. La organización establece algunos convenios con entidades de investigación para la creación de conocimiento para el desarrollo de sus productos y servicios. El trabajo en red tiene impacto en el cumplimiento de los propósitos estratégicos y en el aprendizaje organizacional y contribuye de forma indirecta al desarrollo de la innovación en la organización. La organización evalúa y mejora de forma sistemática los procesos relacionados con el establecimiento y desarrollo de redes para el conocimiento.', '4. La organización tiene establecidos diferentes convenios y acuerdos de colaboración y cooperación para el desarrollo y transferencia de conocimiento, con diferentes actores externos. Estos acuerdos incluyen entidades académicas, centros de investigación y desarrollo de conocimiento, entidades no gubernamentales, entre otras. La organización tiene en cuenta a sus grupos sociales objetivo en el establecimiento de redes para el conocimiento. El trabajo en red es concebido como fuente de conocimiento y elemento vital para el desarrollo de la innovación. Los procesos y metodologías para el establecimiento y gestión de las redes se evalúan, mejoran e innovan sistemáticamente, con prácticas innov', '5. La organización se comporta como un elemento activo del sistema al que pertenece, por lo que lidera la creación de redes para el conocimiento en diferentes frentes, con actores y propósitos claros, para el desarrollo y transferencia de conocimiento. En estas iniciativas logra involucrar a sus grupos sociales objetivo en el desarrollo de conocimiento e innovación. El desarrollo de redes es considerado como un elemento vital para la innovación y el cumplimiento de los propósitos estratégicos. La organización evalúa, mejora e innova de forma totalmente sistemática y sistémica los procesos de establecimiento y desarrollo de redes, con resultados ejemplares e innovadores, que son considerados '),
(24, 7, 20, '7.1.', 'Conocimiento de clientes y mercados', 'a. ¿Cuál es el enfoque o estrategia global de la organización con respecto a los clientes y mercados?\nb. ¿Cuáles son las metodologías que utiliza la organización para identificar y conocer los mercados, grupos de clientes y, en general, grupos sociales objetivo?\nc.  ¿Cómo se obtiene y se analiza la información sobre el entorno, las características y tendencias del mercado?\nd. ¿Cuál es la frecuencia, fuentes y confiabilidad con que se obtiene esta información?\ne. ¿Cómo se identifican y priorizan las necesidades y expectativas presentes y futuras de los clientes y de los mercados?\nf.  ¿Cómo se toman en cuenta los clientes de la competencia y otros clientes o mercados potenciales en estos proce', '1. La organización no cuenta con un enfoque o estrategia clara en cuanto a clientes y mercados. No existen metodologías estructuradas para identificar las necesidades y expectativas de sus clientes o conocer sus mercados. Sin embargo, se han realizado acciones puntuales para obtener dicha identificación, aunque de forma desorganizada. La información recolectada es anecdótica, poco relevante y muy general. No existen mecanismos para evaluar y medir la confiabilidad de las acciones desarrolladas. Los cambios en las metodologías de trabajo no responden a acciones sistemáticas de evaluación y mejoramiento.', '2. Existe en la organización un enfoque en cuanto al conocimiento de los clientes y mercados. Se ha iniciado el diseño y montaje de metodologías para la identificación de las necesidades y expectativas de los clientes, también para conocer la dinámica de los mercados en los que participa la organización. Estos sistemas comienzan a ser implementados con cierta regularidad en el tiempo y con algunos intentos de revisar su confiabilidad y efectividad. La información recolectada se centra en aspectos prioritarios, proviene de fuentes confiables y señala algunos factores críticos de los principales grupos objetivo de clientes.  ', '3. El enfoque en cuanto al conocimiento de clientes y mercados está totalmente alineado con la estrategia de la organización, y se divulga a ciertos niveles de la organización. La organización cuenta con metodologías de identificación de las necesidades y expectativas de clientes actuales y potenciales, y de conocimiento de sus segmentos de mercado. Estas metodologías son aplicadas sistemáticamente, de acuerdo con una planeación y basadas en fuentes confiables de información. Dichas metodologías se evalúan y mejoran con el fin de tener mayor confiabilidad y efectividad, aunque no de forma sistemática. ', '4. El conocimiento de los clientes y mercados es considerado de alto valor estratégico en la organización. Este enfoque es divulgado en todos los procesos y niveles de la organización. La organización cuenta con metodologías altamente confiables de identificación de las necesidades y expectativas de clientes actuales y potenciales, y de conocimiento de sus segmentos de mercado. Existen mecanismos para evaluar y mejorar la confiabilidad y validez de estos sistemas, los cuales se utilizan de forma periódica. La información recolectada es relevante, proviene de fuentes confiables y señala los factores críticos de los grupos de clientes objetivo. Estos mecanismos y metodologías son aplicadas, ev', '5. El enfoque de la organización en cuanto a clientes y mercados es totalmente proactivo e innovador. La organización cuenta con metodologías totalmente sistemáticas y confiables para la identificación de las necesidades y expectativas de sus clientes y para el conocimiento de los mercados. La información recolectada es absolutamente pertinente, proviene de fuentes altamente confiables, refiere a los grupos de clientes objetivo con respecto a los productos y servicios y es la base para diseñar estrategias para retener  a los clientes y asegurar su lealtad. Las metodologías de conocimiento de clientes y mercados son evaluadas, mejoradas e innovadas sistemáticamente, con prácticas innovadoras,'),
(25, 7, 20, '7.1', 'Desarrollo de productos y servicios', 'a. ¿Cuál es el enfoque o estrategia global de la organización en cuanto al diseño, desarrollo e introducción de nuevos productos y/o servicios?\nb. ¿Cómo se diseñan, desarrollan e introducen nuevos productos y/o servicios en función de las necesidades reales y potenciales del mercado, clientes y otros grupos sociales objetivo?\nc.  ¿De qué forma se involucra a los clientes, proveedores, colaboradores y otros grupos de interés en el desarrollo de nuevos productos y/o servicios?\nd. ¿Cómo se conciben, definen o estructuran los procesos de diseño, desarrollo e introducción de nuevos productos y/o servicios en la organización?\ne. ¿Cuáles son los procesos para la identificación y aseguramiento de  l', '1. La organización no traduce las necesidades de los clientes en atributos de calidad y en especificaciones de diseño para productos y servicios.  No se ha establecido un proceso para el diseño y para el ensayo de prototipos de nuevos productos o servicios.  ', '2. La organización tiene un enfoque sobre el desarrollo de productos y servicios, que se despliega sólo en algunos niveles. Se inicia un proceso de traducción de las necesidades de los clientes en atributos de calidad y especificaciones de diseño para productos y servicios, el cual comienza a implementarse sin regularidad.  Se han realizado acciones para incluir procesos de diseño y de ensayo de prototipos de nuevos productos o servicios. Los cambios en las especificaciones no son necesariamente controlados.', '3. El enfoque acerca del desarrollo de productos y servicios está totalmente alineado con la estrategia de la organización. Este enfoque es desplegado en todos los niveles y procesos de la organización. La organización traduce sistemáticamente las necesidades de los clientes en atributos de calidad y especificaciones de diseño para productos y servicios. Utiliza dichos atributos para seleccionar la tecnología apropiada y definir los procedimientos y controles de los procesos operativos correspondientes. Cuenta con un proceso aplicado sistemáticamente para el diseño y ensayo de nuevos productos o servicios, considerando aspectos prioritarios. Los cambios en las especificaciones más relevantes', '4. El desarrollo de productos y servicios es considerado un factor clave en el logro de los propósitos estratégicos. La traducción de las necesidades de los clientes en atributos de calidad y especificaciones de diseño para productos y servicios es sistemática y altamente confiable. Utiliza dichos atributos para seleccionar la tecnología apropiada y definir los procedimientos y controles de los procesos operativos correspondientes. El diseño y ensayo de nuevos productos y servicios es sistemático y altamente confiable, considerando los procesos y personas que intervienen en el proceso y los roles desempeñados. El proceso de diseño y desarrollo de productos y servicios es evaluado y mejorado ', '5. La organización tiene un enfoque ejemplar en cuanto al diseño y desarrollo de productos y servicios. La traducción de las necesidades de los clientes en atributos de calidad y especificaciones de diseño para productos y servicios es sistemática, totalmente confiable y logra involucrar a sus grupos sociales objetivo. Utiliza dichos atributos para seleccionar la tecnología apropiada y definir los procedimientos y controles de los procesos operativos correspondientes, con prácticas innovadoras y ejemplares con respecto a sus competidores y otras prácticas de talla mundial. El proceso de diseño y ensayo de prototipos, de nuevos productos y servicios es sistemático y totalmente confiable, cons');
INSERT INTO `pn_sub_capitulo` (`id`, `id_capitulo`, `ponderacion`, `codigo_item`, `sub_capitulo`, `evalua_item`, `c_20`, `c_40`, `c_60`, `c_80`, `c_100`) VALUES
(26, 7, 20, '7.3', 'Relaciones con los clientes', 'a. ¿Cuál es el enfoque y/o las políticas de la organización  para  el  manejo  de las relaciones  con  sus  clientes  y/o  usuarios?\nb. ¿Cómo se despliega y se integra este enfoque dentro de la cultura de la organización?\nc.  ¿Qué comportamientos y compromisos, explícitos y visibles, caracterizan la interacción efectiva de la organización con sus clientes en el día a día?\nd. ¿Cuáles son los canales de comunicación que se tienen a disposición de los clientes actuales y potenciales para facilitar el acceso a la organización y al portafolio de productos y servicios que ofrece?\ne. ¿Qué metodologías define y utiliza la organización para prestar soporte a los clientes en la utilización de los prod', '1. La organización no cuenta con un enfoque definido para el manejo de las relaciones con los clientes. No existen medios que faciliten el acceso de los clientes a la información de la empresa. No se evidencia un sistema de recolección y manejo de información con respecto a solicitudes, quejas y reclamos de los clientes. ', '2. El enfoque para el manejo de las relaciones con los clientes es desplegado solo a algunos niveles de la organización, pero éste aún no se traduce en políticas y compromisos con respecto a los productos y servicios. La organización implementa algunos mecanismos para facilitar el acceso de los clientes a la información de sus productos y servicios y para facilitar la obtención de información con respecto a su percepción sobre los productos, servicios y procesos de atención. La información obtenida permite analizar y dar respuestas puntuales, pero no permite aún identificar tendencias. ', '3. La organización aplica sistemáticamente un enfoque para el manejo de las relaciones con los clientes, que se traduce en políticas con respecto a los productos y servicios y en mecanismos para facilitar el acceso de los clientes a información relacionada. Existe un sistema confiable de recolección de información con respecto a solicitudes, quejas y reclamos, cuyo despliegue e implementación es más avanzado en los procesos clave sin grandes diferencias en los demás procesos. Esta información permite establecer tendencias y es analizada para tomar acciones correctivas y preventivas, y para dar respuesta oportuna y pertinente a los clientes. Las metodologías y procesos son evaluados y mejorad', '4. El enfoque para el manejo de las relaciones con los clientes está totalmente alineado con la estrategia de la organización y se traduce en políticas y compromisos. El sistema de  recolección de información de solicitudes, quejas y reclamos es altamente confiable; es desplegado e implementado sin brechas significativas entre los distintos procesos. La información permite establecer tendencias, cuyo análisis es sistemático y genera acciones correctivas con algunas prácticas innovadoras. Se evalúan, mejoran e innovan los procesos y metodologías de manejo relaciones con los clientes de forma sistemática y proactiva, con resultados ejemplares.', '5. El manejo de las relaciones con los clientes es de alto valor estratégico para la organización. Este enfoque se traduce en políticas y compromisos explícitos e implícitos con respecto a los productos y servicios. Dentro de este enfoque no sólo se tienen en cuenta las relaciones con sus clientes actuales, sino con los potenciales, indirectos y clientes anteriores. Los medios para facilitar el acceso de los clientes a la información de la organización, son totalmente confiables y disponibles. El sistema de recolección de información de solicitudes, quejas y reclamos es totalmente confiable y sistemático. El análisis de la información genera acciones proactivas y mejoramientos significativos'),
(27, 7, 20, '7.4', 'Asociatividad', 'a. ¿Cómo está considerado el tema de asociatividad dentro de la estrategia de clientes y mercados de la organización?\nb. ¿Qué formas de asociatividad ha desarrollado o desarrolla la organización con el propósito de sostenerse en los mercados actuales e incursionar en otros nuevos?\nc.  ¿Con quiénes desarrolla la organización proyectos y/o procesos asociativos?\nd. ¿Cuál es el papel de la alta dirección en el fomento y desarrollo de estos proyectos y/o procesos asociativos?\ne. ¿De qué forma se crean, estimulan y mantienen relaciones basadas en la confianza con las entidades que integran los proyectos asociativos?\nf.  ¿Cómo se desarrollan las habilidades y competencias necesarias para que los co', '1. La asociatividad no es considerada dentro de la estrategia de la organización ni dentro de la estrategia de clientes y mercados de la organización. No se desarrollan proyectos asociativos para incursionar en nuevos mercados. ', '2. La organización está empezando a desarrollar algunos proyectos asociativos, pero no se involucra la asociatividad dentro de la estrategia. No se hacen de forma sistemática ni bajo un enfoque claro. La alta dirección, aunque participa en estos proyectos, no fomenta este tipo de iniciativas. Las habilidades asociativas se desarrollan tangencialmente, no hay un proceso formal o una política establecida para su desarrollo. Los resultados de los proyectos asociativos se revisan, evalúan y se mejoran, pero no existe una revisión sistemática que lleve a mejora o innovación sobre la forma de crear y gestionar esos proyectos.', '3. Dentro de la estrategia de la organización, la asociatividad es considerada como elemento importante para fortalecer su posición en el mercado. Se impulsa el desarrollo de proyectos para fortalecer su cadena productiva, en los que la organización invierte recursos y tiene personas a cargo. Existen políticas para la creación, estimulación y mantenimiento de las relaciones con las organizaciones que participan en los proyectos asociativos. Las habilidades asociativas se desarrollan de acuerdo con las necesidades de los proyectos. La organización evalúa y mejora los proyectos de acuerdo con los resultados que se obtienen. Los procesos y metodologías para el desarrollo de la asociatividad se ', '4. La asociatividad es considerada como elemento fundamental en la estrategia de clientes y mercados de la organización, tanto para mantenerse en el mercado actual como para incursionar en nuevos mercados, en consecuencia se desarrollan diferentes proyectos asociativos con otras organizaciones. La organización participa activamente en las iniciativas de gremios, asociaciones y otras formas de asociación de organizaciones de su sector. Las personas de la organización muestran comportamientos que reflejan las políticas de manejo de relaciones organizacionales en proyectos asociativos. La organización tiene políticas y mecanismos ejemplares para evaluar, mejorar e innovar los procesos de desarr', '5. La organización considera la asociatividad como uno de sus lineamientos estratégicos, por tal razón la alta dirección fomenta el desarrollo de proyectos asociativos e impulsa el desarrollo de las competencias y habilidades para la generación y gestión de proyectos asociativos. La organización ha propuesto y gestiona proyectos asociativos para fortalecer su cadena productiva y fortalecer el sector, en los que participa activamente en la preparación, implementación y seguimiento. El enfoque, la implementación y los resultados de la asociatividad se evalúan, mejoran e innovan de forma sistemática. Las políticas, mecanismos y metodologías para establecer y mantener relaciones de confianza con'),
(28, 8, 100, '8.1', 'Creación de valor para los grupos sociales objetivo', 'a. ¿Cómo se considera el tema de creación de valor para los grupos sociales objetivo dentro de la estrategia de la organización?\nb. ¿Cuáles son los criterios de la organización para identificar las necesidades y expectativas de los actores y/o grupos sociales objetivo?\nc.  ¿Qué programas y acciones se desarrollan con el fin de armonizar y optimizar el desarrollo de la organización con el desarrollo de sus grupos sociales objetivo?\nd. ¿Cuáles son los indicadores utilizados para evaluar el desempeño de la organización frente a la creación de valor para los grupos sociales objetivo?\ne. ¿Cuáles son los resultados de la organización en cuanto a la creación de valor para sus grupos sociales objeti', '1. No existe en la organización un enfoque frente a la creación de valor para los grupos sociales objetivo. Tampoco se tienen medios para identificar sus necesidades y expectativas, ni para medir el desempeño de la organización frente a la creación de valor. No existen políticas que reflejen la posición de la organización frente al cuidado del medio ambiente.', '2. La organización identifica a sus clientes como el único grupo social objetivo. De acuerdo con este enfoque, tiene medios para identificar sus expectativas y desarrollar productos y servicios que las satisfagan. Se tienen indicadores de satisfacción de clientes, que se miden sin una planeación estructurada. La organización trabaja sobre el concepto de satisfacción de clientes y no de creación de valor a sus grupos sociales objetivo. La organización cumple la legislación obligatoria sobre protección al ambiente, pero no existen políticas internas o mecanismos propios para medir los impactos actuales de las operaciones de la organización. Se toman acciones de manera parcial, de acuerdo con l', '3. La organización muestra un enfoque que va más allá de la satisfacción de los clientes y de respuesta a sus expectativas, y se empieza a enfocar hacia la creación de valor. Tiene definidos sus grupos sociales objetivo, es decir, los grupos para los que la organización debe crear valor. Existen medios para identificar las necesidades y expectativas de los grupos sociales objetivo y medir la creación de valor de la organización. Existen políticas claras frente al cuidado y protección del medio ambiente, que involucran la medición y control de los impactos ambientales de la organización. La comparación de resultados y prácticas con referentes externos aun es incipiente, se realizan procesos d', '4. Desde la estrategia de la organización se tiene un enfoque claro sobre la creación de valor a los grupos sociales objetivo, este tema se considera de alto valor estratégico por lo que se tienen políticas, sistemas y controles claros y ampliamente divulgados. La organización cuenta con diferentes indicadores para medir la creación de valor a sus grupos sociales objetivo, éstos se evalúan de forma sistemática para identificar oportunidades de mejora y acciones coordinadas. El cuidado y protección del medio ambiente es también un tema estratégico, que se desarrolla involucrando todos los procesos de la organización. Los resultados y prácticas son comparados con referentes externos, de forma ', '5. Los grupos sociales objetivo son considerados aliados estratégicos de la organización y como tal se tienen contemplados desde el pensamiento estratégico. La identificación de sus necesidades y expectativas se hace de forma proactiva, participativa, totalmente sistemática y con altos niveles de innovación. La organización ha implementado diferentes acciones para cuidar y preservar el medio ambiente de forma proactiva y sistemática. Desarrolla acciones conjuntas con entidades públicas y privadas para cuidar los recursos naturales e impactar de la menor manera los ecosistemas en los que opera. Se tienen diferentes instrumentos de medición para conocer la creación de valor a sus grupos social'),
(29, 8, 100, '8.2', 'Competitividad', 'a. ¿Cómo concibe o entiende la organización la competitividad?\nb. ¿Cómo se considera la competitividad dentro de la estrategia de la organización?\nc.  ¿Cuáles son las metodologías e indicadores que usa la organización para medir su competitividad? \nd. ¿Cómo se asegura que las herramientas, procesos y sistemas contribuyen al mejoramiento de la competitividad de la organización?\ne. ¿De qué manera la innovación contribuye a mejorar la competitividad de la organización?\nf.  ¿Cómo la organización hace seguimiento de la evolución en su posición competitiva? ¿Cómo ha sido esa evolución?\ng. ¿Cómo se definen y desarrollan las capacidades distintivas y los activos estratégicos para asegurar competitiv', '1. La competitividad de la organización se mide de forma reactiva y desordenada, sin metodologías ni indicadores claros para llevar a cabo esa medición. No es clara la contribución que tienen los procesos y sistemas de la organización en el desarrollo de la competitividad. La innovación no se considera como factor que contribuye en la competitividad de la organización. ', '2. La estrategia considera de manera tangencial la competitividad. Se tienen algunos indicadores para medir la posición competitiva, pero no son medidos de manera sistemática. Empieza a visualizarse la contribución de los diferentes procesos, y áreas, en la competitividad. La innovación se considera parcialmente en el mejoramiento de la competitividad de la organización.', '3. Existe una orientación clara desde la estrategia para desarrollar acciones que incrementen la competitividad de la organización. Se tienen indicadores que dan cuenta de la posición competitiva de la organización. Existen metodologías claras aplicadas sistemáticamente, para medir la competitividad. Los diferentes procesos y áreas de la organización conocen los aportes y responsabilidades en el mejoramiento de la competitividad. La innovación tiene un papel fundamental en el mejoramiento de la competitividad, y esto se refleja en las diferentes acciones que se tienen al respecto. La organización evalúa y mejora sobre los resultados de la medición de la  competitividad, pero no se evalúan lo', '4. La estrategia de la organización considera de alto valor estratégico el desarrollo de la competitividad. Dentro de las acciones, metodologías, prácticas y sistemas para el mejoramiento de la competitividad, se involucra el desarrollo de la innovación de manera amplia. Existe una estructura de medición, control y seguimiento de la competitividad de la organización, bajo un enfoque proactivo, participativo de los diferentes procesos y sistemático. De esta forma se asegura que toda la organización contribuye al mejoramiento de la competitividad. La organización evalúa, mejora e innova de forma sistemática sus procesos.', '5. El enfoque de la organización sobre la competitividad es integral y sistémico. Esto se refleja en los diferentes aspectos que se incluyen en la medición de la posición competitiva de la organización, que se realiza de manera totalmente sistemática, con base en una metodología rigurosa y con participación de los diferentes grupos sociales objetivo. La organización considera la innovación como una estrategia de gran valor para mejorar la competitividad. La organización evalúa, mejora e innova los procesos para el desarrollo de la competitividad. Como resultado, se tienen prácticas innovadoras que se consideran como referencia para organizaciones'),
(30, 8, 100, '8.3', 'Sostenibilidad', 'a. ¿Cómo concibe o entiende la organización la sostenibilidad?\nb. ¿Cómo se considera la sostenibilidad dentro de la estrategia de la organización?\nc.  ¿Cuáles son las metodologías que se usan para medir el alcance de los propósitos estratégicos de la organización?\nd. ¿Cómo se gestionan los riesgos asociados a la sostenibilidad de la organización?\ne. ¿Cómo mide la organización el grado de salud financiera y qué elementos y acciones utilizan para asegurarla en el futuro?\nf.  ¿Cuáles son los factores críticos para el cumplimiento de los propósitos estratégicos?\ng. ¿De qué forma la organización utiliza la información para propiciar y proyectar el mejoramiento de su desempeño y el establecimiento', '1. La organización no tiene una posición clara y unificada frente al tema de sostenibilidad. La estrategia de la organización tampoco la considera de manera explícita. No se dispone de datos sobre la salud financiera de la organización. Se toman algunas acciones que inciden en la sostenibilidad de la organización de forma reactiva, pero no se consideran los riesgos asociados. Los retos de la organización son a corto plazo y no se tienen indicadores u otros instrumentos para medir o conocer la sostenibilidad de la organización en el largo plazo. ', '2. La organización ha definido su enfoque sobre su sostenibilidad, el cual ha sido desplegado al interior sólo en los niveles altos. Existen indicadores para medir su salud financiera pero no se comparan los resultados con referentes externos para conocer el estado de la organización frente al mercado. Se tienen identificados los retos de la organización, pero no se tienen acciones claras para alcanzarlos. La planeación a largo plazo sigue siendo incipiente, se tiende a planear a corto plazo y de forma poco proactiva. Los riesgos de las acciones para la sostenibilidad se identifican de forma tangencial sin una metodología clara. Se revisan, evalúan y toman acciones frente a los indicadores, ', '3. La concepción de sostenibilidad en la organización es entendida y divulgada desde la alta dirección a los diferentes niveles, áreas y procesos. La organización ha identificado sus retos de sostenibilidad, que están divulgados en los diferentes niveles, y se tienen acciones claras para alcanzarlos. Se tienen también diferentes indicadores e instrumentos para conocer los resultados de las acciones emprendidas para hacer la organización más sostenible en el tiempo y para el logro de los retos definidos. La organización mide y evalúa diferentes aspectos que dan cuenta de su salud financiera, y toma acciones al respecto. Estos resultados son comparados con los del mercado para identificar la p', '4. La sostenibilidad es considerada dentro del pensamiento estratégico. Se miden y desarrollan, de manera sistemática, diferentes acciones con el propósito de lograr ser sostenibles en el largo plazo. Se tienen mecanismos sistemáticos para medir la salud financiera y otros aspectos de la sostenibilidad de la organización, cuyos resultados son analizados y evaluados para identificar e implementar acciones. Las acciones emprendidas tienen un enfoque innovador, proactivo, participativo e incluyente de los diferentes procesos y grupos sociales objetivo. Se tiene una metodología estructurada y divulgada para identificar, medir y hacer seguimiento a los riesgos asociados a la sostenibilidad. La or', '5. La sostenibilidad de la organización se entiende como un esfuerzo que no sólo depende de acciones internas, sino de acciones conjuntas con otros actores del sistema en el que opera la organización. Según este enfoque, se tienen metodologías y mecanismos para desarrollar acciones conjuntas con sus grupos sociales objetivo, competidores directos e indirectos, el estado y otras autoridades. Existen mecanismos claros para involucrar y comprometer todas las personas de la organización en el cumplimiento de las acciones definidas, quienes proactivamente contribuyen en el logro de las estrategias. Las mediciones de los factores que la organización ha identificado como esenciales en el desarrollo');

-- --------------------------------------------------------

--
-- Table structure for table `pn_valoracion`
--

CREATE TABLE IF NOT EXISTS `pn_valoracion` (
  `id` int(11) NOT NULL AUTO_INCREMENT,
  `id_tipo_formato` int(11) NOT NULL,
  `id_participante` int(11) NOT NULL,
  `id_empleado` int(11) DEFAULT NULL COMMENT 'En Global es NULO',
  `id_capitulo` int(11) DEFAULT NULL COMMENT 'Para los de capitulos',
  `id_pn_criterio` int(11) NOT NULL,
  `valor` int(11) NOT NULL,
  `fecha` timestamp NOT NULL DEFAULT CURRENT_TIMESTAMP ON UPDATE CURRENT_TIMESTAMP,
  PRIMARY KEY (`id`),
  KEY `id_tipo_formato` (`id_tipo_formato`),
  KEY `id_participante` (`id_participante`),
  KEY `id_pn_criterio` (`id_pn_criterio`),
  KEY `id_empleado` (`id_empleado`),
  KEY `id_capitulo` (`id_capitulo`)
) ENGINE=InnoDB  DEFAULT CHARSET=latin1 AUTO_INCREMENT=2431 ;

--
-- Dumping data for table `pn_valoracion`
--

INSERT INTO `pn_valoracion` (`id`, `id_tipo_formato`, `id_participante`, `id_empleado`, `id_capitulo`, `id_pn_criterio`, `valor`, `fecha`) VALUES
(1, 1, 2, 5, NULL, 1, 50, '2013-03-12 12:05:01'),
(2, 1, 2, 5, NULL, 2, 50, '2013-03-12 12:05:01'),
(3, 1, 2, 5, NULL, 3, 50, '2013-03-12 12:05:01'),
(4, 1, 2, 5, NULL, 4, 50, '2013-03-12 12:05:01'),
(5, 1, 2, 5, NULL, 5, 50, '2013-03-12 12:05:01'),
(6, 1, 2, 5, NULL, 6, 50, '2013-03-12 12:05:01'),
(7, 1, 2, 5, NULL, 7, 50, '2013-03-12 12:05:01'),
(8, 1, 2, 5, NULL, 8, 50, '2013-03-12 12:05:01'),
(9, 1, 2, 5, NULL, 9, 50, '2013-03-12 12:05:01'),
(10, 1, 2, 5, NULL, 10, 50, '2013-03-12 12:05:01'),
(11, 1, 2, 5, NULL, 11, 50, '2013-03-12 12:05:01'),
(12, 1, 2, 5, NULL, 12, 50, '2013-03-12 12:05:01'),
(13, 1, 2, 5, NULL, 13, 50, '2013-03-12 12:05:01'),
(14, 1, 2, 5, NULL, 14, 50, '2013-03-12 12:05:01'),
(15, 1, 2, 5, NULL, 15, 0, '2013-03-12 12:05:01'),
(16, 2, 2, 5, 1, 1, 50, '2013-03-12 12:05:19'),
(17, 2, 2, 5, 1, 2, 50, '2013-03-12 12:05:19'),
(18, 2, 2, 5, 1, 3, 50, '2013-03-12 12:05:19'),
(19, 2, 2, 5, 1, 4, 50, '2013-03-12 12:05:19'),
(20, 2, 2, 5, 1, 5, 50, '2013-03-12 12:05:19'),
(21, 2, 2, 5, 1, 6, 50, '2013-03-12 12:05:19'),
(22, 2, 2, 5, 1, 7, 50, '2013-03-12 12:05:19'),
(23, 2, 2, 5, 1, 8, 50, '2013-03-12 12:05:19'),
(24, 2, 2, 5, 1, 9, 50, '2013-03-12 12:05:19'),
(25, 2, 2, 5, 1, 10, 50, '2013-03-12 12:05:19'),
(26, 2, 2, 5, 1, 11, 50, '2013-03-12 12:05:19'),
(27, 2, 2, 5, 1, 12, 50, '2013-03-12 12:05:19'),
(28, 2, 2, 5, 1, 13, 50, '2013-03-12 12:05:19'),
(29, 2, 2, 5, 1, 14, 50, '2013-03-12 12:05:19'),
(30, 2, 2, 5, 1, 15, 0, '2013-03-12 12:05:19'),
(31, 2, 2, 5, 2, 1, 50, '2013-03-12 12:05:19'),
(32, 2, 2, 5, 2, 2, 50, '2013-03-12 12:05:19'),
(33, 2, 2, 5, 2, 3, 50, '2013-03-12 12:05:19'),
(34, 2, 2, 5, 2, 4, 50, '2013-03-12 12:05:19'),
(35, 2, 2, 5, 2, 5, 50, '2013-03-12 12:05:19'),
(36, 2, 2, 5, 2, 6, 50, '2013-03-12 12:05:19'),
(37, 2, 2, 5, 2, 7, 50, '2013-03-12 12:05:19'),
(38, 2, 2, 5, 2, 8, 50, '2013-03-12 12:05:19'),
(39, 2, 2, 5, 2, 9, 50, '2013-03-12 12:05:19'),
(40, 2, 2, 5, 2, 10, 50, '2013-03-12 12:05:19'),
(41, 2, 2, 5, 2, 11, 50, '2013-03-12 12:05:19'),
(42, 2, 2, 5, 2, 12, 50, '2013-03-12 12:05:19'),
(43, 2, 2, 5, 2, 13, 50, '2013-03-12 12:05:19'),
(44, 2, 2, 5, 2, 14, 50, '2013-03-12 12:05:19'),
(45, 2, 2, 5, 2, 15, 0, '2013-03-12 12:05:19'),
(46, 2, 2, 5, 3, 1, 50, '2013-03-12 12:05:19'),
(47, 2, 2, 5, 3, 2, 50, '2013-03-12 12:05:19'),
(48, 2, 2, 5, 3, 3, 50, '2013-03-12 12:05:19'),
(49, 2, 2, 5, 3, 4, 50, '2013-03-12 12:05:19'),
(50, 2, 2, 5, 3, 5, 50, '2013-03-12 12:05:19'),
(51, 2, 2, 5, 3, 6, 50, '2013-03-12 12:05:19'),
(52, 2, 2, 5, 3, 7, 50, '2013-03-12 12:05:19'),
(53, 2, 2, 5, 3, 8, 50, '2013-03-12 12:05:19'),
(54, 2, 2, 5, 3, 9, 50, '2013-03-12 12:05:19'),
(55, 2, 2, 5, 3, 10, 50, '2013-03-12 12:05:19'),
(56, 2, 2, 5, 3, 11, 50, '2013-03-12 12:05:19'),
(57, 2, 2, 5, 3, 12, 50, '2013-03-12 12:05:19'),
(58, 2, 2, 5, 3, 13, 50, '2013-03-12 12:05:19'),
(59, 2, 2, 5, 3, 14, 50, '2013-03-12 12:05:19'),
(60, 2, 2, 5, 3, 15, 0, '2013-03-12 12:05:19'),
(61, 2, 2, 5, 4, 1, 50, '2013-03-12 12:05:19'),
(62, 2, 2, 5, 4, 2, 50, '2013-03-12 12:05:19'),
(63, 2, 2, 5, 4, 3, 50, '2013-03-12 12:05:19'),
(64, 2, 2, 5, 4, 4, 50, '2013-03-12 12:05:19'),
(65, 2, 2, 5, 4, 5, 50, '2013-03-12 12:05:19'),
(66, 2, 2, 5, 4, 6, 50, '2013-03-12 12:05:19'),
(67, 2, 2, 5, 4, 7, 50, '2013-03-12 12:05:19'),
(68, 2, 2, 5, 4, 8, 50, '2013-03-12 12:05:19'),
(69, 2, 2, 5, 4, 9, 50, '2013-03-12 12:05:19'),
(70, 2, 2, 5, 4, 10, 50, '2013-03-12 12:05:19'),
(71, 2, 2, 5, 4, 11, 50, '2013-03-12 12:05:19'),
(72, 2, 2, 5, 4, 12, 50, '2013-03-12 12:05:19'),
(73, 2, 2, 5, 4, 13, 50, '2013-03-12 12:05:19'),
(74, 2, 2, 5, 4, 14, 50, '2013-03-12 12:05:19'),
(75, 2, 2, 5, 4, 15, 0, '2013-03-12 12:05:19'),
(76, 2, 2, 5, 5, 1, 50, '2013-03-12 12:05:19'),
(77, 2, 2, 5, 5, 2, 50, '2013-03-12 12:05:19'),
(78, 2, 2, 5, 5, 3, 50, '2013-03-12 12:05:19'),
(79, 2, 2, 5, 5, 4, 50, '2013-03-12 12:05:19'),
(80, 2, 2, 5, 5, 5, 50, '2013-03-12 12:05:19'),
(81, 2, 2, 5, 5, 6, 50, '2013-03-12 12:05:19'),
(82, 2, 2, 5, 5, 7, 50, '2013-03-12 12:05:19'),
(83, 2, 2, 5, 5, 8, 50, '2013-03-12 12:05:19'),
(84, 2, 2, 5, 5, 9, 50, '2013-03-12 12:05:19'),
(85, 2, 2, 5, 5, 10, 50, '2013-03-12 12:05:19'),
(86, 2, 2, 5, 5, 11, 50, '2013-03-12 12:05:19'),
(87, 2, 2, 5, 5, 12, 50, '2013-03-12 12:05:19'),
(88, 2, 2, 5, 5, 13, 50, '2013-03-12 12:05:19'),
(89, 2, 2, 5, 5, 14, 50, '2013-03-12 12:05:19'),
(90, 2, 2, 5, 5, 15, 0, '2013-03-12 12:05:19'),
(91, 2, 2, 5, 6, 1, 50, '2013-03-12 12:05:19'),
(92, 2, 2, 5, 6, 2, 50, '2013-03-12 12:05:19'),
(93, 2, 2, 5, 6, 3, 50, '2013-03-12 12:05:19'),
(94, 2, 2, 5, 6, 4, 50, '2013-03-12 12:05:19'),
(95, 2, 2, 5, 6, 5, 50, '2013-03-12 12:05:19'),
(96, 2, 2, 5, 6, 6, 50, '2013-03-12 12:05:19'),
(97, 2, 2, 5, 6, 7, 50, '2013-03-12 12:05:19'),
(98, 2, 2, 5, 6, 8, 50, '2013-03-12 12:05:19'),
(99, 2, 2, 5, 6, 9, 50, '2013-03-12 12:05:19'),
(100, 2, 2, 5, 6, 10, 50, '2013-03-12 12:05:19'),
(101, 2, 2, 5, 6, 11, 50, '2013-03-12 12:05:19'),
(102, 2, 2, 5, 6, 12, 50, '2013-03-12 12:05:19'),
(103, 2, 2, 5, 6, 13, 50, '2013-03-12 12:05:19'),
(104, 2, 2, 5, 6, 14, 50, '2013-03-12 12:05:19'),
(105, 2, 2, 5, 6, 15, 0, '2013-03-12 12:05:19'),
(106, 2, 2, 5, 7, 1, 50, '2013-03-12 12:05:19'),
(107, 2, 2, 5, 7, 2, 50, '2013-03-12 12:05:19'),
(108, 2, 2, 5, 7, 3, 50, '2013-03-12 12:05:19'),
(109, 2, 2, 5, 7, 4, 50, '2013-03-12 12:05:19'),
(110, 2, 2, 5, 7, 5, 50, '2013-03-12 12:05:19'),
(111, 2, 2, 5, 7, 6, 50, '2013-03-12 12:05:19'),
(112, 2, 2, 5, 7, 7, 50, '2013-03-12 12:05:19'),
(113, 2, 2, 5, 7, 8, 50, '2013-03-12 12:05:19'),
(114, 2, 2, 5, 7, 9, 50, '2013-03-12 12:05:19'),
(115, 2, 2, 5, 7, 10, 50, '2013-03-12 12:05:19'),
(116, 2, 2, 5, 7, 11, 50, '2013-03-12 12:05:19'),
(117, 2, 2, 5, 7, 12, 50, '2013-03-12 12:05:19'),
(118, 2, 2, 5, 7, 13, 50, '2013-03-12 12:05:19'),
(119, 2, 2, 5, 7, 14, 50, '2013-03-12 12:05:19'),
(120, 2, 2, 5, 7, 15, 0, '2013-03-12 12:05:19'),
(121, 2, 2, 5, 8, 1, 50, '2013-03-12 12:05:19'),
(122, 2, 2, 5, 8, 2, 50, '2013-03-12 12:05:19'),
(123, 2, 2, 5, 8, 3, 50, '2013-03-12 12:05:19'),
(124, 2, 2, 5, 8, 4, 50, '2013-03-12 12:05:19'),
(125, 2, 2, 5, 8, 5, 50, '2013-03-12 12:05:19'),
(126, 2, 2, 5, 8, 6, 50, '2013-03-12 12:05:19'),
(127, 2, 2, 5, 8, 7, 50, '2013-03-12 12:05:19'),
(128, 2, 2, 5, 8, 8, 50, '2013-03-12 12:05:19'),
(129, 2, 2, 5, 8, 9, 50, '2013-03-12 12:05:19'),
(130, 2, 2, 5, 8, 10, 50, '2013-03-12 12:05:19'),
(131, 2, 2, 5, 8, 11, 50, '2013-03-12 12:05:19'),
(132, 2, 2, 5, 8, 12, 50, '2013-03-12 12:05:19'),
(133, 2, 2, 5, 8, 13, 50, '2013-03-12 12:05:19'),
(134, 2, 2, 5, 8, 14, 50, '2013-03-12 12:05:19'),
(135, 2, 2, 5, 8, 15, 0, '2013-03-12 12:05:19'),
(136, 1, 2, 20, NULL, 1, 50, '2013-03-12 12:07:52'),
(137, 1, 2, 20, NULL, 2, 50, '2013-03-12 12:07:52'),
(138, 1, 2, 20, NULL, 3, 50, '2013-03-12 12:07:52'),
(139, 1, 2, 20, NULL, 4, 50, '2013-03-12 12:07:52'),
(140, 1, 2, 20, NULL, 5, 50, '2013-03-12 12:07:52'),
(141, 1, 2, 20, NULL, 6, 50, '2013-03-12 12:07:52'),
(142, 1, 2, 20, NULL, 7, 50, '2013-03-12 12:07:52'),
(143, 1, 2, 20, NULL, 8, 50, '2013-03-12 12:07:52'),
(144, 1, 2, 20, NULL, 9, 50, '2013-03-12 12:07:52'),
(145, 1, 2, 20, NULL, 10, 50, '2013-03-12 12:07:52'),
(146, 1, 2, 20, NULL, 11, 50, '2013-03-12 12:07:52'),
(147, 1, 2, 20, NULL, 12, 50, '2013-03-12 12:07:52'),
(148, 1, 2, 20, NULL, 13, 50, '2013-03-12 12:07:52'),
(149, 1, 2, 20, NULL, 14, 50, '2013-03-12 12:07:52'),
(150, 1, 2, 20, NULL, 15, 0, '2013-03-12 12:07:52'),
(151, 2, 2, 20, 1, 1, 50, '2013-03-12 12:08:08'),
(152, 2, 2, 20, 1, 2, 50, '2013-03-12 12:08:08'),
(153, 2, 2, 20, 1, 3, 50, '2013-03-12 12:08:08'),
(154, 2, 2, 20, 1, 4, 50, '2013-03-12 12:08:08'),
(155, 2, 2, 20, 1, 5, 50, '2013-03-12 12:08:08'),
(156, 2, 2, 20, 1, 6, 50, '2013-03-12 12:08:08'),
(157, 2, 2, 20, 1, 7, 50, '2013-03-12 12:08:08'),
(158, 2, 2, 20, 1, 8, 50, '2013-03-12 12:08:08'),
(159, 2, 2, 20, 1, 9, 50, '2013-03-12 12:08:08'),
(160, 2, 2, 20, 1, 10, 50, '2013-03-12 12:08:08'),
(161, 2, 2, 20, 1, 11, 50, '2013-03-12 12:08:08'),
(162, 2, 2, 20, 1, 12, 50, '2013-03-12 12:08:08'),
(163, 2, 2, 20, 1, 13, 50, '2013-03-12 12:08:08'),
(164, 2, 2, 20, 1, 14, 50, '2013-03-12 12:08:08'),
(165, 2, 2, 20, 1, 15, 0, '2013-03-12 12:08:08'),
(166, 2, 2, 20, 2, 1, 50, '2013-03-12 12:08:08'),
(167, 2, 2, 20, 2, 2, 50, '2013-03-12 12:08:08'),
(168, 2, 2, 20, 2, 3, 50, '2013-03-12 12:08:08'),
(169, 2, 2, 20, 2, 4, 50, '2013-03-12 12:08:08'),
(170, 2, 2, 20, 2, 5, 50, '2013-03-12 12:08:08'),
(171, 2, 2, 20, 2, 6, 50, '2013-03-12 12:08:08'),
(172, 2, 2, 20, 2, 7, 50, '2013-03-12 12:08:08'),
(173, 2, 2, 20, 2, 8, 50, '2013-03-12 12:08:08'),
(174, 2, 2, 20, 2, 9, 50, '2013-03-12 12:08:08'),
(175, 2, 2, 20, 2, 10, 50, '2013-03-12 12:08:08'),
(176, 2, 2, 20, 2, 11, 50, '2013-03-12 12:08:08'),
(177, 2, 2, 20, 2, 12, 50, '2013-03-12 12:08:08'),
(178, 2, 2, 20, 2, 13, 50, '2013-03-12 12:08:08'),
(179, 2, 2, 20, 2, 14, 50, '2013-03-12 12:08:08'),
(180, 2, 2, 20, 2, 15, 0, '2013-03-12 12:08:08'),
(181, 2, 2, 20, 3, 1, 50, '2013-03-12 12:08:08'),
(182, 2, 2, 20, 3, 2, 50, '2013-03-12 12:08:08'),
(183, 2, 2, 20, 3, 3, 50, '2013-03-12 12:08:08'),
(184, 2, 2, 20, 3, 4, 50, '2013-03-12 12:08:08'),
(185, 2, 2, 20, 3, 5, 50, '2013-03-12 12:08:08'),
(186, 2, 2, 20, 3, 6, 50, '2013-03-12 12:08:08'),
(187, 2, 2, 20, 3, 7, 50, '2013-03-12 12:08:08'),
(188, 2, 2, 20, 3, 8, 50, '2013-03-12 12:08:08'),
(189, 2, 2, 20, 3, 9, 50, '2013-03-12 12:08:08'),
(190, 2, 2, 20, 3, 10, 50, '2013-03-12 12:08:08'),
(191, 2, 2, 20, 3, 11, 50, '2013-03-12 12:08:08'),
(192, 2, 2, 20, 3, 12, 50, '2013-03-12 12:08:08'),
(193, 2, 2, 20, 3, 13, 50, '2013-03-12 12:08:08'),
(194, 2, 2, 20, 3, 14, 50, '2013-03-12 12:08:08'),
(195, 2, 2, 20, 3, 15, 0, '2013-03-12 12:08:08'),
(196, 2, 2, 20, 4, 1, 50, '2013-03-12 12:08:08'),
(197, 2, 2, 20, 4, 2, 50, '2013-03-12 12:08:08'),
(198, 2, 2, 20, 4, 3, 50, '2013-03-12 12:08:08'),
(199, 2, 2, 20, 4, 4, 50, '2013-03-12 12:08:08'),
(200, 2, 2, 20, 4, 5, 50, '2013-03-12 12:08:08'),
(201, 2, 2, 20, 4, 6, 50, '2013-03-12 12:08:08'),
(202, 2, 2, 20, 4, 7, 50, '2013-03-12 12:08:08'),
(203, 2, 2, 20, 4, 8, 50, '2013-03-12 12:08:08'),
(204, 2, 2, 20, 4, 9, 50, '2013-03-12 12:08:08'),
(205, 2, 2, 20, 4, 10, 50, '2013-03-12 12:08:08'),
(206, 2, 2, 20, 4, 11, 50, '2013-03-12 12:08:08'),
(207, 2, 2, 20, 4, 12, 50, '2013-03-12 12:08:08'),
(208, 2, 2, 20, 4, 13, 50, '2013-03-12 12:08:08'),
(209, 2, 2, 20, 4, 14, 50, '2013-03-12 12:08:08'),
(210, 2, 2, 20, 4, 15, 0, '2013-03-12 12:08:08'),
(211, 2, 2, 20, 5, 1, 50, '2013-03-12 12:08:08'),
(212, 2, 2, 20, 5, 2, 50, '2013-03-12 12:08:08'),
(213, 2, 2, 20, 5, 3, 50, '2013-03-12 12:08:08'),
(214, 2, 2, 20, 5, 4, 50, '2013-03-12 12:08:08'),
(215, 2, 2, 20, 5, 5, 50, '2013-03-12 12:08:08'),
(216, 2, 2, 20, 5, 6, 50, '2013-03-12 12:08:08'),
(217, 2, 2, 20, 5, 7, 50, '2013-03-12 12:08:08'),
(218, 2, 2, 20, 5, 8, 50, '2013-03-12 12:08:08'),
(219, 2, 2, 20, 5, 9, 50, '2013-03-12 12:08:08'),
(220, 2, 2, 20, 5, 10, 50, '2013-03-12 12:08:08'),
(221, 2, 2, 20, 5, 11, 50, '2013-03-12 12:08:08'),
(222, 2, 2, 20, 5, 12, 50, '2013-03-12 12:08:08'),
(223, 2, 2, 20, 5, 13, 50, '2013-03-12 12:08:08'),
(224, 2, 2, 20, 5, 14, 50, '2013-03-12 12:08:08'),
(225, 2, 2, 20, 5, 15, 0, '2013-03-12 12:08:08'),
(226, 2, 2, 20, 6, 1, 50, '2013-03-12 12:08:08'),
(227, 2, 2, 20, 6, 2, 50, '2013-03-12 12:08:08'),
(228, 2, 2, 20, 6, 3, 50, '2013-03-12 12:08:08'),
(229, 2, 2, 20, 6, 4, 50, '2013-03-12 12:08:08'),
(230, 2, 2, 20, 6, 5, 50, '2013-03-12 12:08:08'),
(231, 2, 2, 20, 6, 6, 50, '2013-03-12 12:08:08'),
(232, 2, 2, 20, 6, 7, 50, '2013-03-12 12:08:08'),
(233, 2, 2, 20, 6, 8, 50, '2013-03-12 12:08:08'),
(234, 2, 2, 20, 6, 9, 50, '2013-03-12 12:08:08'),
(235, 2, 2, 20, 6, 10, 50, '2013-03-12 12:08:08'),
(236, 2, 2, 20, 6, 11, 50, '2013-03-12 12:08:08'),
(237, 2, 2, 20, 6, 12, 50, '2013-03-12 12:08:08'),
(238, 2, 2, 20, 6, 13, 50, '2013-03-12 12:08:08'),
(239, 2, 2, 20, 6, 14, 50, '2013-03-12 12:08:08'),
(240, 2, 2, 20, 6, 15, 0, '2013-03-12 12:08:08'),
(241, 2, 2, 20, 7, 1, 50, '2013-03-12 12:08:08'),
(242, 2, 2, 20, 7, 2, 50, '2013-03-12 12:08:08'),
(243, 2, 2, 20, 7, 3, 50, '2013-03-12 12:08:08'),
(244, 2, 2, 20, 7, 4, 50, '2013-03-12 12:08:08'),
(245, 2, 2, 20, 7, 5, 50, '2013-03-12 12:08:08'),
(246, 2, 2, 20, 7, 6, 50, '2013-03-12 12:08:08'),
(247, 2, 2, 20, 7, 7, 50, '2013-03-12 12:08:08'),
(248, 2, 2, 20, 7, 8, 50, '2013-03-12 12:08:08'),
(249, 2, 2, 20, 7, 9, 50, '2013-03-12 12:08:08'),
(250, 2, 2, 20, 7, 10, 50, '2013-03-12 12:08:08'),
(251, 2, 2, 20, 7, 11, 50, '2013-03-12 12:08:08'),
(252, 2, 2, 20, 7, 12, 50, '2013-03-12 12:08:08'),
(253, 2, 2, 20, 7, 13, 50, '2013-03-12 12:08:08'),
(254, 2, 2, 20, 7, 14, 50, '2013-03-12 12:08:08'),
(255, 2, 2, 20, 7, 15, 0, '2013-03-12 12:08:08'),
(256, 2, 2, 20, 8, 1, 50, '2013-03-12 12:08:08'),
(257, 2, 2, 20, 8, 2, 50, '2013-03-12 12:08:08'),
(258, 2, 2, 20, 8, 3, 50, '2013-03-12 12:08:08'),
(259, 2, 2, 20, 8, 4, 50, '2013-03-12 12:08:08'),
(260, 2, 2, 20, 8, 5, 50, '2013-03-12 12:08:08'),
(261, 2, 2, 20, 8, 6, 50, '2013-03-12 12:08:08'),
(262, 2, 2, 20, 8, 7, 50, '2013-03-12 12:08:08'),
(263, 2, 2, 20, 8, 8, 50, '2013-03-12 12:08:08'),
(264, 2, 2, 20, 8, 9, 50, '2013-03-12 12:08:08'),
(265, 2, 2, 20, 8, 10, 50, '2013-03-12 12:08:08'),
(266, 2, 2, 20, 8, 11, 50, '2013-03-12 12:08:08'),
(267, 2, 2, 20, 8, 12, 50, '2013-03-12 12:08:08'),
(268, 2, 2, 20, 8, 13, 50, '2013-03-12 12:08:08'),
(269, 2, 2, 20, 8, 14, 50, '2013-03-12 12:08:08'),
(270, 2, 2, 20, 8, 15, 0, '2013-03-12 12:08:08'),
(271, 6, 2, 5, NULL, 1, 30, '2013-03-12 12:09:55'),
(272, 6, 2, 5, NULL, 2, 50, '2013-03-12 12:09:55'),
(273, 6, 2, 5, NULL, 3, 40, '2013-03-12 12:09:55'),
(274, 6, 2, 5, NULL, 4, 30, '2013-03-12 12:09:55'),
(275, 6, 2, 5, NULL, 5, 40, '2013-03-12 12:09:55'),
(276, 6, 2, 5, NULL, 6, 30, '2013-03-12 12:09:55'),
(277, 6, 2, 5, NULL, 7, 40, '2013-03-12 12:09:55'),
(278, 6, 2, 5, NULL, 8, 30, '2013-03-12 12:09:55'),
(279, 6, 2, 5, NULL, 9, 40, '2013-03-12 12:09:55'),
(280, 6, 2, 5, NULL, 10, 30, '2013-03-12 12:09:55'),
(281, 6, 2, 5, NULL, 11, 40, '2013-03-12 12:09:55'),
(282, 6, 2, 5, NULL, 12, 30, '2013-03-12 12:09:55'),
(283, 6, 2, 5, NULL, 13, 40, '2013-03-12 12:09:55'),
(284, 6, 2, 5, NULL, 14, 30, '2013-03-12 12:09:55'),
(285, 6, 2, 5, NULL, 15, 0, '2013-03-12 12:09:55'),
(286, 7, 2, 5, 1, 1, 50, '2013-03-12 12:10:50'),
(287, 7, 2, 5, 1, 2, 50, '2013-03-12 12:10:50'),
(288, 7, 2, 5, 1, 3, 50, '2013-03-12 12:10:50'),
(289, 7, 2, 5, 1, 4, 50, '2013-03-12 12:10:50'),
(290, 7, 2, 5, 1, 5, 50, '2013-03-12 12:10:50'),
(291, 7, 2, 5, 1, 6, 50, '2013-03-12 12:10:50'),
(292, 7, 2, 5, 1, 7, 50, '2013-03-12 12:10:50'),
(293, 7, 2, 5, 1, 8, 50, '2013-03-12 12:10:50'),
(294, 7, 2, 5, 1, 9, 50, '2013-03-12 12:10:50'),
(295, 7, 2, 5, 1, 10, 50, '2013-03-12 12:10:50'),
(296, 7, 2, 5, 1, 11, 50, '2013-03-12 12:10:50'),
(297, 7, 2, 5, 1, 12, 50, '2013-03-12 12:10:50'),
(298, 7, 2, 5, 1, 13, 50, '2013-03-12 12:10:50'),
(299, 7, 2, 5, 1, 14, 50, '2013-03-12 12:10:50'),
(300, 7, 2, 5, 1, 15, 0, '2013-03-12 12:10:50'),
(301, 7, 2, 5, 2, 1, 50, '2013-03-12 12:10:50'),
(302, 7, 2, 5, 2, 2, 50, '2013-03-12 12:10:50'),
(303, 7, 2, 5, 2, 3, 50, '2013-03-12 12:10:50'),
(304, 7, 2, 5, 2, 4, 50, '2013-03-12 12:10:50'),
(305, 7, 2, 5, 2, 5, 50, '2013-03-12 12:10:50'),
(306, 7, 2, 5, 2, 6, 50, '2013-03-12 12:10:50'),
(307, 7, 2, 5, 2, 7, 50, '2013-03-12 12:10:50'),
(308, 7, 2, 5, 2, 8, 50, '2013-03-12 12:10:50'),
(309, 7, 2, 5, 2, 9, 50, '2013-03-12 12:10:50'),
(310, 7, 2, 5, 2, 10, 50, '2013-03-12 12:10:50'),
(311, 7, 2, 5, 2, 11, 50, '2013-03-12 12:10:50'),
(312, 7, 2, 5, 2, 12, 50, '2013-03-12 12:10:50'),
(313, 7, 2, 5, 2, 13, 50, '2013-03-12 12:10:50'),
(314, 7, 2, 5, 2, 14, 50, '2013-03-12 12:10:50'),
(315, 7, 2, 5, 2, 15, 0, '2013-03-12 12:10:50'),
(316, 7, 2, 5, 3, 1, 30, '2013-03-12 12:10:50'),
(317, 7, 2, 5, 3, 2, 40, '2013-03-12 12:10:50'),
(318, 7, 2, 5, 3, 3, 50, '2013-03-12 12:10:50'),
(319, 7, 2, 5, 3, 4, 50, '2013-03-12 12:10:50'),
(320, 7, 2, 5, 3, 5, 50, '2013-03-12 12:10:50'),
(321, 7, 2, 5, 3, 6, 50, '2013-03-12 12:10:50'),
(322, 7, 2, 5, 3, 7, 50, '2013-03-12 12:10:50'),
(323, 7, 2, 5, 3, 8, 50, '2013-03-12 12:10:50'),
(324, 7, 2, 5, 3, 9, 50, '2013-03-12 12:10:50'),
(325, 7, 2, 5, 3, 10, 50, '2013-03-12 12:10:50'),
(326, 7, 2, 5, 3, 11, 50, '2013-03-12 12:10:50'),
(327, 7, 2, 5, 3, 12, 50, '2013-03-12 12:10:50'),
(328, 7, 2, 5, 3, 13, 50, '2013-03-12 12:10:50'),
(329, 7, 2, 5, 3, 14, 50, '2013-03-12 12:10:50'),
(330, 7, 2, 5, 3, 15, 0, '2013-03-12 12:10:50'),
(331, 7, 2, 5, 4, 1, 50, '2013-03-12 12:10:50'),
(332, 7, 2, 5, 4, 2, 50, '2013-03-12 12:10:50'),
(333, 7, 2, 5, 4, 3, 50, '2013-03-12 12:10:50'),
(334, 7, 2, 5, 4, 4, 50, '2013-03-12 12:10:50'),
(335, 7, 2, 5, 4, 5, 50, '2013-03-12 12:10:50'),
(336, 7, 2, 5, 4, 6, 50, '2013-03-12 12:10:50'),
(337, 7, 2, 5, 4, 7, 50, '2013-03-12 12:10:50'),
(338, 7, 2, 5, 4, 8, 50, '2013-03-12 12:10:50'),
(339, 7, 2, 5, 4, 9, 50, '2013-03-12 12:10:50'),
(340, 7, 2, 5, 4, 10, 50, '2013-03-12 12:10:50'),
(341, 7, 2, 5, 4, 11, 50, '2013-03-12 12:10:50'),
(342, 7, 2, 5, 4, 12, 50, '2013-03-12 12:10:50'),
(343, 7, 2, 5, 4, 13, 50, '2013-03-12 12:10:50'),
(344, 7, 2, 5, 4, 14, 50, '2013-03-12 12:10:50'),
(345, 7, 2, 5, 4, 15, 0, '2013-03-12 12:10:50'),
(346, 7, 2, 5, 5, 1, 50, '2013-03-12 12:10:50'),
(347, 7, 2, 5, 5, 2, 50, '2013-03-12 12:10:50'),
(348, 7, 2, 5, 5, 3, 50, '2013-03-12 12:10:50'),
(349, 7, 2, 5, 5, 4, 50, '2013-03-12 12:10:50'),
(350, 7, 2, 5, 5, 5, 50, '2013-03-12 12:10:50'),
(351, 7, 2, 5, 5, 6, 50, '2013-03-12 12:10:50'),
(352, 7, 2, 5, 5, 7, 50, '2013-03-12 12:10:50'),
(353, 7, 2, 5, 5, 8, 50, '2013-03-12 12:10:50'),
(354, 7, 2, 5, 5, 9, 50, '2013-03-12 12:10:50'),
(355, 7, 2, 5, 5, 10, 50, '2013-03-12 12:10:50'),
(356, 7, 2, 5, 5, 11, 50, '2013-03-12 12:10:50'),
(357, 7, 2, 5, 5, 12, 50, '2013-03-12 12:10:50'),
(358, 7, 2, 5, 5, 13, 50, '2013-03-12 12:10:50'),
(359, 7, 2, 5, 5, 14, 50, '2013-03-12 12:10:50'),
(360, 7, 2, 5, 5, 15, 0, '2013-03-12 12:10:50'),
(361, 7, 2, 5, 6, 1, 50, '2013-03-12 12:10:50'),
(362, 7, 2, 5, 6, 2, 50, '2013-03-12 12:10:50'),
(363, 7, 2, 5, 6, 3, 50, '2013-03-12 12:10:50'),
(364, 7, 2, 5, 6, 4, 50, '2013-03-12 12:10:50'),
(365, 7, 2, 5, 6, 5, 50, '2013-03-12 12:10:50'),
(366, 7, 2, 5, 6, 6, 50, '2013-03-12 12:10:50'),
(367, 7, 2, 5, 6, 7, 50, '2013-03-12 12:10:50'),
(368, 7, 2, 5, 6, 8, 50, '2013-03-12 12:10:50'),
(369, 7, 2, 5, 6, 9, 50, '2013-03-12 12:10:50'),
(370, 7, 2, 5, 6, 10, 50, '2013-03-12 12:10:50'),
(371, 7, 2, 5, 6, 11, 50, '2013-03-12 12:10:50'),
(372, 7, 2, 5, 6, 12, 50, '2013-03-12 12:10:50'),
(373, 7, 2, 5, 6, 13, 50, '2013-03-12 12:10:50'),
(374, 7, 2, 5, 6, 14, 50, '2013-03-12 12:10:50'),
(375, 7, 2, 5, 6, 15, 0, '2013-03-12 12:10:50'),
(376, 7, 2, 5, 7, 1, 50, '2013-03-12 12:10:50'),
(377, 7, 2, 5, 7, 2, 50, '2013-03-12 12:10:50'),
(378, 7, 2, 5, 7, 3, 50, '2013-03-12 12:10:50'),
(379, 7, 2, 5, 7, 4, 50, '2013-03-12 12:10:50'),
(380, 7, 2, 5, 7, 5, 50, '2013-03-12 12:10:50'),
(381, 7, 2, 5, 7, 6, 50, '2013-03-12 12:10:50'),
(382, 7, 2, 5, 7, 7, 50, '2013-03-12 12:10:50'),
(383, 7, 2, 5, 7, 8, 50, '2013-03-12 12:10:50'),
(384, 7, 2, 5, 7, 9, 50, '2013-03-12 12:10:50'),
(385, 7, 2, 5, 7, 10, 50, '2013-03-12 12:10:50'),
(386, 7, 2, 5, 7, 11, 50, '2013-03-12 12:10:50'),
(387, 7, 2, 5, 7, 12, 50, '2013-03-12 12:10:50'),
(388, 7, 2, 5, 7, 13, 50, '2013-03-12 12:10:50'),
(389, 7, 2, 5, 7, 14, 50, '2013-03-12 12:10:50'),
(390, 7, 2, 5, 7, 15, 0, '2013-03-12 12:10:50'),
(391, 7, 2, 5, 8, 1, 50, '2013-03-12 12:10:50'),
(392, 7, 2, 5, 8, 2, 50, '2013-03-12 12:10:50'),
(393, 7, 2, 5, 8, 3, 50, '2013-03-12 12:10:50'),
(394, 7, 2, 5, 8, 4, 50, '2013-03-12 12:10:50'),
(395, 7, 2, 5, 8, 5, 50, '2013-03-12 12:10:50'),
(396, 7, 2, 5, 8, 6, 50, '2013-03-12 12:10:50'),
(397, 7, 2, 5, 8, 7, 50, '2013-03-12 12:10:50'),
(398, 7, 2, 5, 8, 8, 50, '2013-03-12 12:10:50'),
(399, 7, 2, 5, 8, 9, 50, '2013-03-12 12:10:50'),
(400, 7, 2, 5, 8, 10, 50, '2013-03-12 12:10:50'),
(401, 7, 2, 5, 8, 11, 50, '2013-03-12 12:10:50'),
(402, 7, 2, 5, 8, 12, 50, '2013-03-12 12:10:50'),
(403, 7, 2, 5, 8, 13, 50, '2013-03-12 12:10:50'),
(404, 7, 2, 5, 8, 14, 50, '2013-03-12 12:10:50'),
(405, 7, 2, 5, 8, 15, 0, '2013-03-12 12:10:50'),
(451, 1, 14, 66, NULL, 1, 30, '2013-03-12 16:53:18'),
(452, 1, 14, 66, NULL, 2, 45, '2013-03-12 16:53:18'),
(453, 1, 14, 66, NULL, 3, 45, '2013-03-12 16:53:18'),
(454, 1, 14, 66, NULL, 4, 55, '2013-03-12 16:53:18'),
(455, 1, 14, 66, NULL, 5, 50, '2013-03-12 16:53:18'),
(456, 1, 14, 66, NULL, 6, 45, '2013-03-12 16:53:18'),
(457, 1, 14, 66, NULL, 7, 40, '2013-03-12 16:53:18'),
(458, 1, 14, 66, NULL, 8, 50, '2013-03-12 16:53:18'),
(459, 1, 14, 66, NULL, 9, 50, '2013-03-12 16:53:18'),
(460, 1, 14, 66, NULL, 10, 45, '2013-03-12 16:53:18'),
(461, 1, 14, 66, NULL, 11, 50, '2013-03-12 16:53:18'),
(462, 1, 14, 66, NULL, 12, 50, '2013-03-12 16:53:18'),
(463, 1, 14, 66, NULL, 13, 50, '2013-03-12 16:53:18'),
(464, 1, 14, 66, NULL, 14, 50, '2013-03-12 16:53:18'),
(465, 1, 14, 66, NULL, 15, 46, '2013-03-12 16:53:18'),
(466, 1, 21, 73, NULL, 1, 30, '2013-03-12 16:53:36'),
(467, 1, 21, 73, NULL, 2, 20, '2013-03-12 16:53:36'),
(468, 1, 21, 73, NULL, 3, 50, '2013-03-12 16:53:36'),
(469, 1, 21, 73, NULL, 4, 30, '2013-03-12 16:53:36'),
(470, 1, 21, 73, NULL, 5, 25, '2013-03-12 16:53:36'),
(471, 1, 21, 73, NULL, 6, 45, '2013-03-12 16:53:36'),
(472, 1, 21, 73, NULL, 7, 65, '2013-03-12 16:53:36'),
(473, 1, 21, 73, NULL, 8, 80, '2013-03-12 16:53:36'),
(474, 1, 21, 73, NULL, 9, 55, '2013-03-12 16:53:36'),
(475, 1, 21, 73, NULL, 10, 50, '2013-03-12 16:53:36'),
(476, 1, 21, 73, NULL, 11, 50, '2013-03-12 16:53:36'),
(477, 1, 21, 73, NULL, 12, 50, '2013-03-12 16:53:36'),
(478, 1, 21, 73, NULL, 13, 50, '2013-03-12 16:53:36'),
(479, 1, 21, 73, NULL, 14, 50, '2013-03-12 16:53:36'),
(480, 1, 21, 73, NULL, 15, 46, '2013-03-12 16:53:36'),
(481, 1, 16, 68, NULL, 1, 80, '2013-03-12 16:53:44'),
(482, 1, 16, 68, NULL, 2, 55, '2013-03-12 16:53:44'),
(483, 1, 16, 68, NULL, 3, 55, '2013-03-12 16:53:44'),
(484, 1, 16, 68, NULL, 4, 30, '2013-03-12 16:53:44'),
(485, 1, 16, 68, NULL, 5, 5, '2013-03-12 16:53:44'),
(486, 1, 16, 68, NULL, 6, 45, '2013-03-12 16:53:44'),
(487, 1, 16, 68, NULL, 7, 45, '2013-03-12 16:53:44'),
(488, 1, 16, 68, NULL, 8, 60, '2013-03-12 16:53:44'),
(489, 1, 16, 68, NULL, 9, 55, '2013-03-12 16:53:44'),
(490, 1, 16, 68, NULL, 10, 5, '2013-03-12 16:53:44'),
(491, 1, 16, 68, NULL, 11, 40, '2013-03-12 16:53:44'),
(492, 1, 16, 68, NULL, 12, 20, '2013-03-12 16:53:44'),
(493, 1, 16, 68, NULL, 13, 60, '2013-03-12 16:53:44'),
(494, 1, 16, 68, NULL, 14, 55, '2013-03-12 16:53:44'),
(495, 1, 16, 68, NULL, 15, 43, '2013-03-12 16:53:44'),
(496, 1, 15, 67, NULL, 1, 30, '2013-03-12 16:53:47'),
(497, 1, 15, 67, NULL, 2, 30, '2013-03-12 16:53:47'),
(498, 1, 15, 67, NULL, 3, 40, '2013-03-12 16:53:47'),
(499, 1, 15, 67, NULL, 4, 30, '2013-03-12 16:53:47'),
(500, 1, 15, 67, NULL, 5, 40, '2013-03-12 16:53:47'),
(501, 1, 15, 67, NULL, 6, 45, '2013-03-12 16:53:47'),
(502, 1, 15, 67, NULL, 7, 50, '2013-03-12 16:53:47'),
(503, 1, 15, 67, NULL, 8, 50, '2013-03-12 16:53:47'),
(504, 1, 15, 67, NULL, 9, 50, '2013-03-12 16:53:47'),
(505, 1, 15, 67, NULL, 10, 50, '2013-03-12 16:53:47'),
(506, 1, 15, 67, NULL, 11, 50, '2013-03-12 16:53:47'),
(507, 1, 15, 67, NULL, 12, 50, '2013-03-12 16:53:47'),
(508, 1, 15, 67, NULL, 13, 50, '2013-03-12 16:53:47'),
(509, 1, 15, 67, NULL, 14, 50, '2013-03-12 16:53:47'),
(510, 1, 15, 67, NULL, 15, 0, '2013-03-12 16:53:47'),
(511, 1, 17, 69, NULL, 1, 35, '2013-03-12 16:54:05'),
(512, 1, 17, 69, NULL, 2, 50, '2013-03-12 16:54:05'),
(513, 1, 17, 69, NULL, 3, 30, '2013-03-12 16:54:05'),
(514, 1, 17, 69, NULL, 4, 55, '2013-03-12 16:54:05'),
(515, 1, 17, 69, NULL, 5, 50, '2013-03-12 16:54:05'),
(516, 1, 17, 69, NULL, 6, 50, '2013-03-12 16:54:05'),
(517, 1, 17, 69, NULL, 7, 35, '2013-03-12 16:54:05'),
(518, 1, 17, 69, NULL, 8, 50, '2013-03-12 16:54:05'),
(519, 1, 17, 69, NULL, 9, 50, '2013-03-12 16:54:05'),
(520, 1, 17, 69, NULL, 10, 50, '2013-03-12 16:54:05'),
(521, 1, 17, 69, NULL, 11, 50, '2013-03-12 16:54:05'),
(522, 1, 17, 69, NULL, 12, 50, '2013-03-12 16:54:05'),
(523, 1, 17, 69, NULL, 13, 50, '2013-03-12 16:54:05'),
(524, 1, 17, 69, NULL, 14, 50, '2013-03-12 16:54:05'),
(525, 1, 17, 69, NULL, 15, 46, '2013-03-12 16:54:05'),
(1006, 2, 15, 67, 1, 1, 30, '2013-03-12 17:01:21'),
(1007, 2, 15, 67, 1, 2, 25, '2013-03-12 17:01:21'),
(1008, 2, 15, 67, 1, 3, 35, '2013-03-12 17:01:21'),
(1009, 2, 15, 67, 1, 4, 40, '2013-03-12 17:01:21'),
(1010, 2, 15, 67, 1, 5, 35, '2013-03-12 17:01:21'),
(1011, 2, 15, 67, 1, 6, 50, '2013-03-12 17:01:21'),
(1012, 2, 15, 67, 1, 7, 50, '2013-03-12 17:01:21'),
(1013, 2, 15, 67, 1, 8, 50, '2013-03-12 17:01:21'),
(1014, 2, 15, 67, 1, 9, 50, '2013-03-12 17:01:21'),
(1015, 2, 15, 67, 1, 10, 50, '2013-03-12 17:01:21'),
(1016, 2, 15, 67, 1, 11, 50, '2013-03-12 17:01:21'),
(1017, 2, 15, 67, 1, 12, 50, '2013-03-12 17:01:21'),
(1018, 2, 15, 67, 1, 13, 50, '2013-03-12 17:01:21'),
(1019, 2, 15, 67, 1, 14, 50, '2013-03-12 17:01:21'),
(1020, 2, 15, 67, 1, 15, 0, '2013-03-12 17:01:21'),
(1021, 2, 15, 67, 2, 1, 50, '2013-03-12 17:01:21'),
(1022, 2, 15, 67, 2, 2, 50, '2013-03-12 17:01:21'),
(1023, 2, 15, 67, 2, 3, 50, '2013-03-12 17:01:21'),
(1024, 2, 15, 67, 2, 4, 50, '2013-03-12 17:01:21'),
(1025, 2, 15, 67, 2, 5, 50, '2013-03-12 17:01:21'),
(1026, 2, 15, 67, 2, 6, 50, '2013-03-12 17:01:21'),
(1027, 2, 15, 67, 2, 7, 50, '2013-03-12 17:01:21'),
(1028, 2, 15, 67, 2, 8, 50, '2013-03-12 17:01:21'),
(1029, 2, 15, 67, 2, 9, 50, '2013-03-12 17:01:21'),
(1030, 2, 15, 67, 2, 10, 50, '2013-03-12 17:01:21'),
(1031, 2, 15, 67, 2, 11, 50, '2013-03-12 17:01:21'),
(1032, 2, 15, 67, 2, 12, 50, '2013-03-12 17:01:21'),
(1033, 2, 15, 67, 2, 13, 50, '2013-03-12 17:01:21'),
(1034, 2, 15, 67, 2, 14, 50, '2013-03-12 17:01:21'),
(1035, 2, 15, 67, 2, 15, 0, '2013-03-12 17:01:21'),
(1036, 2, 15, 67, 3, 1, 50, '2013-03-12 17:01:21'),
(1037, 2, 15, 67, 3, 2, 50, '2013-03-12 17:01:21'),
(1038, 2, 15, 67, 3, 3, 50, '2013-03-12 17:01:21'),
(1039, 2, 15, 67, 3, 4, 50, '2013-03-12 17:01:21'),
(1040, 2, 15, 67, 3, 5, 50, '2013-03-12 17:01:21'),
(1041, 2, 15, 67, 3, 6, 50, '2013-03-12 17:01:21'),
(1042, 2, 15, 67, 3, 7, 50, '2013-03-12 17:01:21'),
(1043, 2, 15, 67, 3, 8, 50, '2013-03-12 17:01:21'),
(1044, 2, 15, 67, 3, 9, 50, '2013-03-12 17:01:21'),
(1045, 2, 15, 67, 3, 10, 50, '2013-03-12 17:01:21'),
(1046, 2, 15, 67, 3, 11, 50, '2013-03-12 17:01:21'),
(1047, 2, 15, 67, 3, 12, 50, '2013-03-12 17:01:21'),
(1048, 2, 15, 67, 3, 13, 50, '2013-03-12 17:01:21'),
(1049, 2, 15, 67, 3, 14, 50, '2013-03-12 17:01:21'),
(1050, 2, 15, 67, 3, 15, 0, '2013-03-12 17:01:21'),
(1051, 2, 15, 67, 4, 1, 50, '2013-03-12 17:01:21'),
(1052, 2, 15, 67, 4, 2, 50, '2013-03-12 17:01:21'),
(1053, 2, 15, 67, 4, 3, 50, '2013-03-12 17:01:21'),
(1054, 2, 15, 67, 4, 4, 50, '2013-03-12 17:01:21'),
(1055, 2, 15, 67, 4, 5, 50, '2013-03-12 17:01:21'),
(1056, 2, 15, 67, 4, 6, 50, '2013-03-12 17:01:21'),
(1057, 2, 15, 67, 4, 7, 50, '2013-03-12 17:01:21'),
(1058, 2, 15, 67, 4, 8, 50, '2013-03-12 17:01:21'),
(1059, 2, 15, 67, 4, 9, 50, '2013-03-12 17:01:21'),
(1060, 2, 15, 67, 4, 10, 50, '2013-03-12 17:01:21'),
(1061, 2, 15, 67, 4, 11, 50, '2013-03-12 17:01:21'),
(1062, 2, 15, 67, 4, 12, 50, '2013-03-12 17:01:21'),
(1063, 2, 15, 67, 4, 13, 50, '2013-03-12 17:01:21'),
(1064, 2, 15, 67, 4, 14, 50, '2013-03-12 17:01:21'),
(1065, 2, 15, 67, 4, 15, 0, '2013-03-12 17:01:21'),
(1066, 2, 15, 67, 5, 1, 50, '2013-03-12 17:01:21'),
(1067, 2, 15, 67, 5, 2, 50, '2013-03-12 17:01:21'),
(1068, 2, 15, 67, 5, 3, 50, '2013-03-12 17:01:21'),
(1069, 2, 15, 67, 5, 4, 50, '2013-03-12 17:01:21'),
(1070, 2, 15, 67, 5, 5, 50, '2013-03-12 17:01:21'),
(1071, 2, 15, 67, 5, 6, 50, '2013-03-12 17:01:21'),
(1072, 2, 15, 67, 5, 7, 50, '2013-03-12 17:01:21'),
(1073, 2, 15, 67, 5, 8, 50, '2013-03-12 17:01:21'),
(1074, 2, 15, 67, 5, 9, 50, '2013-03-12 17:01:21'),
(1075, 2, 15, 67, 5, 10, 50, '2013-03-12 17:01:21'),
(1076, 2, 15, 67, 5, 11, 50, '2013-03-12 17:01:21'),
(1077, 2, 15, 67, 5, 12, 50, '2013-03-12 17:01:21'),
(1078, 2, 15, 67, 5, 13, 50, '2013-03-12 17:01:21'),
(1079, 2, 15, 67, 5, 14, 50, '2013-03-12 17:01:21'),
(1080, 2, 15, 67, 5, 15, 0, '2013-03-12 17:01:21'),
(1081, 2, 15, 67, 6, 1, 50, '2013-03-12 17:01:21'),
(1082, 2, 15, 67, 6, 2, 50, '2013-03-12 17:01:21'),
(1083, 2, 15, 67, 6, 3, 50, '2013-03-12 17:01:21'),
(1084, 2, 15, 67, 6, 4, 50, '2013-03-12 17:01:21'),
(1085, 2, 15, 67, 6, 5, 50, '2013-03-12 17:01:21'),
(1086, 2, 15, 67, 6, 6, 50, '2013-03-12 17:01:21'),
(1087, 2, 15, 67, 6, 7, 50, '2013-03-12 17:01:21'),
(1088, 2, 15, 67, 6, 8, 50, '2013-03-12 17:01:21'),
(1089, 2, 15, 67, 6, 9, 50, '2013-03-12 17:01:21'),
(1090, 2, 15, 67, 6, 10, 50, '2013-03-12 17:01:21'),
(1091, 2, 15, 67, 6, 11, 50, '2013-03-12 17:01:21'),
(1092, 2, 15, 67, 6, 12, 50, '2013-03-12 17:01:21'),
(1093, 2, 15, 67, 6, 13, 50, '2013-03-12 17:01:21'),
(1094, 2, 15, 67, 6, 14, 50, '2013-03-12 17:01:21'),
(1095, 2, 15, 67, 6, 15, 0, '2013-03-12 17:01:21'),
(1096, 2, 15, 67, 7, 1, 50, '2013-03-12 17:01:21'),
(1097, 2, 15, 67, 7, 2, 50, '2013-03-12 17:01:21'),
(1098, 2, 15, 67, 7, 3, 50, '2013-03-12 17:01:21'),
(1099, 2, 15, 67, 7, 4, 50, '2013-03-12 17:01:21'),
(1100, 2, 15, 67, 7, 5, 50, '2013-03-12 17:01:21'),
(1101, 2, 15, 67, 7, 6, 50, '2013-03-12 17:01:21'),
(1102, 2, 15, 67, 7, 7, 50, '2013-03-12 17:01:21'),
(1103, 2, 15, 67, 7, 8, 50, '2013-03-12 17:01:21'),
(1104, 2, 15, 67, 7, 9, 50, '2013-03-12 17:01:21'),
(1105, 2, 15, 67, 7, 10, 50, '2013-03-12 17:01:21'),
(1106, 2, 15, 67, 7, 11, 50, '2013-03-12 17:01:21'),
(1107, 2, 15, 67, 7, 12, 50, '2013-03-12 17:01:21'),
(1108, 2, 15, 67, 7, 13, 50, '2013-03-12 17:01:21'),
(1109, 2, 15, 67, 7, 14, 50, '2013-03-12 17:01:21'),
(1110, 2, 15, 67, 7, 15, 0, '2013-03-12 17:01:21'),
(1111, 2, 15, 67, 8, 1, 50, '2013-03-12 17:01:21'),
(1112, 2, 15, 67, 8, 2, 50, '2013-03-12 17:01:21'),
(1113, 2, 15, 67, 8, 3, 50, '2013-03-12 17:01:21'),
(1114, 2, 15, 67, 8, 4, 50, '2013-03-12 17:01:21'),
(1115, 2, 15, 67, 8, 5, 50, '2013-03-12 17:01:21'),
(1116, 2, 15, 67, 8, 6, 50, '2013-03-12 17:01:21'),
(1117, 2, 15, 67, 8, 7, 50, '2013-03-12 17:01:21'),
(1118, 2, 15, 67, 8, 8, 50, '2013-03-12 17:01:21'),
(1119, 2, 15, 67, 8, 9, 50, '2013-03-12 17:01:21'),
(1120, 2, 15, 67, 8, 10, 50, '2013-03-12 17:01:21'),
(1121, 2, 15, 67, 8, 11, 50, '2013-03-12 17:01:21'),
(1122, 2, 15, 67, 8, 12, 50, '2013-03-12 17:01:21'),
(1123, 2, 15, 67, 8, 13, 50, '2013-03-12 17:01:21'),
(1124, 2, 15, 67, 8, 14, 50, '2013-03-12 17:01:21'),
(1125, 2, 15, 67, 8, 15, 0, '2013-03-12 17:01:21'),
(1126, 2, 17, 69, 1, 1, 55, '2013-03-12 17:06:11'),
(1127, 2, 17, 69, 1, 2, 50, '2013-03-12 17:06:11'),
(1128, 2, 17, 69, 1, 3, 50, '2013-03-12 17:06:11'),
(1129, 2, 17, 69, 1, 4, 75, '2013-03-12 17:06:11'),
(1130, 2, 17, 69, 1, 5, 50, '2013-03-12 17:06:11'),
(1131, 2, 17, 69, 1, 6, 50, '2013-03-12 17:06:11'),
(1132, 2, 17, 69, 1, 7, 50, '2013-03-12 17:06:11'),
(1133, 2, 17, 69, 1, 8, 50, '2013-03-12 17:06:11'),
(1134, 2, 17, 69, 1, 9, 50, '2013-03-12 17:06:11'),
(1135, 2, 17, 69, 1, 10, 50, '2013-03-12 17:06:11'),
(1136, 2, 17, 69, 1, 11, 50, '2013-03-12 17:06:11'),
(1137, 2, 17, 69, 1, 12, 50, '2013-03-12 17:06:11'),
(1138, 2, 17, 69, 1, 13, 50, '2013-03-12 17:06:11'),
(1139, 2, 17, 69, 1, 14, 50, '2013-03-12 17:06:11'),
(1140, 2, 17, 69, 1, 15, 0, '2013-03-12 17:06:11'),
(1141, 2, 17, 69, 2, 1, 50, '2013-03-12 17:06:11'),
(1142, 2, 17, 69, 2, 2, 50, '2013-03-12 17:06:11'),
(1143, 2, 17, 69, 2, 3, 50, '2013-03-12 17:06:11'),
(1144, 2, 17, 69, 2, 4, 50, '2013-03-12 17:06:11'),
(1145, 2, 17, 69, 2, 5, 50, '2013-03-12 17:06:11'),
(1146, 2, 17, 69, 2, 6, 50, '2013-03-12 17:06:11'),
(1147, 2, 17, 69, 2, 7, 50, '2013-03-12 17:06:11'),
(1148, 2, 17, 69, 2, 8, 50, '2013-03-12 17:06:11'),
(1149, 2, 17, 69, 2, 9, 50, '2013-03-12 17:06:11'),
(1150, 2, 17, 69, 2, 10, 50, '2013-03-12 17:06:11'),
(1151, 2, 17, 69, 2, 11, 50, '2013-03-12 17:06:11'),
(1152, 2, 17, 69, 2, 12, 50, '2013-03-12 17:06:11'),
(1153, 2, 17, 69, 2, 13, 50, '2013-03-12 17:06:11'),
(1154, 2, 17, 69, 2, 14, 50, '2013-03-12 17:06:11'),
(1155, 2, 17, 69, 2, 15, 0, '2013-03-12 17:06:11'),
(1156, 2, 17, 69, 3, 1, 50, '2013-03-12 17:06:11'),
(1157, 2, 17, 69, 3, 2, 50, '2013-03-12 17:06:11'),
(1158, 2, 17, 69, 3, 3, 50, '2013-03-12 17:06:11'),
(1159, 2, 17, 69, 3, 4, 50, '2013-03-12 17:06:11'),
(1160, 2, 17, 69, 3, 5, 50, '2013-03-12 17:06:11'),
(1161, 2, 17, 69, 3, 6, 50, '2013-03-12 17:06:11'),
(1162, 2, 17, 69, 3, 7, 50, '2013-03-12 17:06:11'),
(1163, 2, 17, 69, 3, 8, 50, '2013-03-12 17:06:11'),
(1164, 2, 17, 69, 3, 9, 50, '2013-03-12 17:06:11'),
(1165, 2, 17, 69, 3, 10, 50, '2013-03-12 17:06:11'),
(1166, 2, 17, 69, 3, 11, 50, '2013-03-12 17:06:11'),
(1167, 2, 17, 69, 3, 12, 50, '2013-03-12 17:06:11'),
(1168, 2, 17, 69, 3, 13, 50, '2013-03-12 17:06:11'),
(1169, 2, 17, 69, 3, 14, 50, '2013-03-12 17:06:11'),
(1170, 2, 17, 69, 3, 15, 0, '2013-03-12 17:06:11'),
(1171, 2, 17, 69, 4, 1, 50, '2013-03-12 17:06:11'),
(1172, 2, 17, 69, 4, 2, 50, '2013-03-12 17:06:11'),
(1173, 2, 17, 69, 4, 3, 50, '2013-03-12 17:06:11'),
(1174, 2, 17, 69, 4, 4, 50, '2013-03-12 17:06:11'),
(1175, 2, 17, 69, 4, 5, 50, '2013-03-12 17:06:11'),
(1176, 2, 17, 69, 4, 6, 50, '2013-03-12 17:06:11'),
(1177, 2, 17, 69, 4, 7, 50, '2013-03-12 17:06:11'),
(1178, 2, 17, 69, 4, 8, 50, '2013-03-12 17:06:11'),
(1179, 2, 17, 69, 4, 9, 50, '2013-03-12 17:06:11'),
(1180, 2, 17, 69, 4, 10, 50, '2013-03-12 17:06:11'),
(1181, 2, 17, 69, 4, 11, 50, '2013-03-12 17:06:11'),
(1182, 2, 17, 69, 4, 12, 50, '2013-03-12 17:06:11'),
(1183, 2, 17, 69, 4, 13, 50, '2013-03-12 17:06:11'),
(1184, 2, 17, 69, 4, 14, 50, '2013-03-12 17:06:11'),
(1185, 2, 17, 69, 4, 15, 0, '2013-03-12 17:06:11'),
(1186, 2, 17, 69, 5, 1, 50, '2013-03-12 17:06:11'),
(1187, 2, 17, 69, 5, 2, 50, '2013-03-12 17:06:11'),
(1188, 2, 17, 69, 5, 3, 50, '2013-03-12 17:06:11'),
(1189, 2, 17, 69, 5, 4, 50, '2013-03-12 17:06:11'),
(1190, 2, 17, 69, 5, 5, 50, '2013-03-12 17:06:11'),
(1191, 2, 17, 69, 5, 6, 50, '2013-03-12 17:06:11'),
(1192, 2, 17, 69, 5, 7, 50, '2013-03-12 17:06:11'),
(1193, 2, 17, 69, 5, 8, 50, '2013-03-12 17:06:11'),
(1194, 2, 17, 69, 5, 9, 50, '2013-03-12 17:06:11'),
(1195, 2, 17, 69, 5, 10, 50, '2013-03-12 17:06:11'),
(1196, 2, 17, 69, 5, 11, 50, '2013-03-12 17:06:11'),
(1197, 2, 17, 69, 5, 12, 50, '2013-03-12 17:06:11'),
(1198, 2, 17, 69, 5, 13, 50, '2013-03-12 17:06:11'),
(1199, 2, 17, 69, 5, 14, 50, '2013-03-12 17:06:11'),
(1200, 2, 17, 69, 5, 15, 0, '2013-03-12 17:06:11'),
(1201, 2, 17, 69, 6, 1, 50, '2013-03-12 17:06:11'),
(1202, 2, 17, 69, 6, 2, 50, '2013-03-12 17:06:11'),
(1203, 2, 17, 69, 6, 3, 50, '2013-03-12 17:06:11'),
(1204, 2, 17, 69, 6, 4, 50, '2013-03-12 17:06:11'),
(1205, 2, 17, 69, 6, 5, 50, '2013-03-12 17:06:11'),
(1206, 2, 17, 69, 6, 6, 50, '2013-03-12 17:06:11'),
(1207, 2, 17, 69, 6, 7, 50, '2013-03-12 17:06:11'),
(1208, 2, 17, 69, 6, 8, 50, '2013-03-12 17:06:11'),
(1209, 2, 17, 69, 6, 9, 50, '2013-03-12 17:06:11'),
(1210, 2, 17, 69, 6, 10, 50, '2013-03-12 17:06:11'),
(1211, 2, 17, 69, 6, 11, 50, '2013-03-12 17:06:11'),
(1212, 2, 17, 69, 6, 12, 50, '2013-03-12 17:06:11'),
(1213, 2, 17, 69, 6, 13, 50, '2013-03-12 17:06:11'),
(1214, 2, 17, 69, 6, 14, 50, '2013-03-12 17:06:11'),
(1215, 2, 17, 69, 6, 15, 0, '2013-03-12 17:06:11'),
(1216, 2, 17, 69, 7, 1, 50, '2013-03-12 17:06:11'),
(1217, 2, 17, 69, 7, 2, 50, '2013-03-12 17:06:11'),
(1218, 2, 17, 69, 7, 3, 50, '2013-03-12 17:06:11'),
(1219, 2, 17, 69, 7, 4, 50, '2013-03-12 17:06:11'),
(1220, 2, 17, 69, 7, 5, 50, '2013-03-12 17:06:11'),
(1221, 2, 17, 69, 7, 6, 50, '2013-03-12 17:06:11'),
(1222, 2, 17, 69, 7, 7, 50, '2013-03-12 17:06:11'),
(1223, 2, 17, 69, 7, 8, 50, '2013-03-12 17:06:11'),
(1224, 2, 17, 69, 7, 9, 50, '2013-03-12 17:06:11'),
(1225, 2, 17, 69, 7, 10, 50, '2013-03-12 17:06:11'),
(1226, 2, 17, 69, 7, 11, 50, '2013-03-12 17:06:11'),
(1227, 2, 17, 69, 7, 12, 50, '2013-03-12 17:06:11'),
(1228, 2, 17, 69, 7, 13, 50, '2013-03-12 17:06:11'),
(1229, 2, 17, 69, 7, 14, 50, '2013-03-12 17:06:11'),
(1230, 2, 17, 69, 7, 15, 0, '2013-03-12 17:06:11'),
(1231, 2, 17, 69, 8, 1, 50, '2013-03-12 17:06:11'),
(1232, 2, 17, 69, 8, 2, 50, '2013-03-12 17:06:11'),
(1233, 2, 17, 69, 8, 3, 50, '2013-03-12 17:06:11'),
(1234, 2, 17, 69, 8, 4, 50, '2013-03-12 17:06:11'),
(1235, 2, 17, 69, 8, 5, 50, '2013-03-12 17:06:11'),
(1236, 2, 17, 69, 8, 6, 50, '2013-03-12 17:06:11'),
(1237, 2, 17, 69, 8, 7, 50, '2013-03-12 17:06:11'),
(1238, 2, 17, 69, 8, 8, 50, '2013-03-12 17:06:11'),
(1239, 2, 17, 69, 8, 9, 50, '2013-03-12 17:06:11'),
(1240, 2, 17, 69, 8, 10, 50, '2013-03-12 17:06:11'),
(1241, 2, 17, 69, 8, 11, 50, '2013-03-12 17:06:11'),
(1242, 2, 17, 69, 8, 12, 50, '2013-03-12 17:06:11'),
(1243, 2, 17, 69, 8, 13, 50, '2013-03-12 17:06:11'),
(1244, 2, 17, 69, 8, 14, 50, '2013-03-12 17:06:11'),
(1245, 2, 17, 69, 8, 15, 0, '2013-03-12 17:06:11'),
(1246, 2, 21, 73, 1, 1, 50, '2013-03-12 17:07:05'),
(1247, 2, 21, 73, 1, 2, 50, '2013-03-12 17:07:05'),
(1248, 2, 21, 73, 1, 3, 50, '2013-03-12 17:07:05'),
(1249, 2, 21, 73, 1, 4, 50, '2013-03-12 17:07:05'),
(1250, 2, 21, 73, 1, 5, 50, '2013-03-12 17:07:05'),
(1251, 2, 21, 73, 1, 6, 50, '2013-03-12 17:07:05'),
(1252, 2, 21, 73, 1, 7, 50, '2013-03-12 17:07:05'),
(1253, 2, 21, 73, 1, 8, 50, '2013-03-12 17:07:05'),
(1254, 2, 16, 68, 1, 1, 50, '2013-03-12 17:07:05'),
(1255, 2, 21, 73, 1, 9, 50, '2013-03-12 17:07:05'),
(1256, 2, 16, 68, 1, 2, 50, '2013-03-12 17:07:05'),
(1257, 2, 21, 73, 1, 10, 50, '2013-03-12 17:07:05'),
(1258, 2, 16, 68, 1, 3, 50, '2013-03-12 17:07:05'),
(1259, 2, 21, 73, 1, 11, 50, '2013-03-12 17:07:05'),
(1260, 2, 16, 68, 1, 4, 50, '2013-03-12 17:07:05'),
(1261, 2, 21, 73, 1, 12, 50, '2013-03-12 17:07:05'),
(1262, 2, 16, 68, 1, 5, 50, '2013-03-12 17:07:05'),
(1263, 2, 21, 73, 1, 13, 50, '2013-03-12 17:07:05'),
(1264, 2, 16, 68, 1, 6, 50, '2013-03-12 17:07:05'),
(1265, 2, 21, 73, 1, 14, 50, '2013-03-12 17:07:05'),
(1266, 2, 16, 68, 1, 7, 50, '2013-03-12 17:07:05'),
(1267, 2, 21, 73, 1, 15, 0, '2013-03-12 17:07:05'),
(1268, 2, 16, 68, 1, 8, 50, '2013-03-12 17:07:05'),
(1269, 2, 21, 73, 2, 1, 50, '2013-03-12 17:07:05'),
(1270, 2, 16, 68, 1, 9, 50, '2013-03-12 17:07:05'),
(1271, 2, 21, 73, 2, 2, 50, '2013-03-12 17:07:05'),
(1272, 2, 16, 68, 1, 10, 50, '2013-03-12 17:07:05'),
(1273, 2, 21, 73, 2, 3, 50, '2013-03-12 17:07:05'),
(1274, 2, 16, 68, 1, 11, 50, '2013-03-12 17:07:05'),
(1275, 2, 21, 73, 2, 4, 50, '2013-03-12 17:07:05'),
(1276, 2, 16, 68, 1, 12, 50, '2013-03-12 17:07:05'),
(1277, 2, 21, 73, 2, 5, 50, '2013-03-12 17:07:05'),
(1278, 2, 16, 68, 1, 13, 50, '2013-03-12 17:07:05'),
(1279, 2, 21, 73, 2, 6, 50, '2013-03-12 17:07:05'),
(1280, 2, 16, 68, 1, 14, 50, '2013-03-12 17:07:05'),
(1281, 2, 21, 73, 2, 7, 50, '2013-03-12 17:07:05'),
(1282, 2, 16, 68, 1, 15, 0, '2013-03-12 17:07:05'),
(1283, 2, 21, 73, 2, 8, 50, '2013-03-12 17:07:05'),
(1284, 2, 16, 68, 2, 1, 50, '2013-03-12 17:07:05'),
(1285, 2, 21, 73, 2, 9, 50, '2013-03-12 17:07:05'),
(1286, 2, 16, 68, 2, 2, 50, '2013-03-12 17:07:05'),
(1287, 2, 21, 73, 2, 10, 50, '2013-03-12 17:07:05'),
(1288, 2, 16, 68, 2, 3, 50, '2013-03-12 17:07:05'),
(1289, 2, 21, 73, 2, 11, 50, '2013-03-12 17:07:05'),
(1290, 2, 16, 68, 2, 4, 50, '2013-03-12 17:07:05'),
(1291, 2, 21, 73, 2, 12, 50, '2013-03-12 17:07:05'),
(1292, 2, 16, 68, 2, 5, 50, '2013-03-12 17:07:05'),
(1293, 2, 21, 73, 2, 13, 50, '2013-03-12 17:07:05'),
(1294, 2, 16, 68, 2, 6, 50, '2013-03-12 17:07:05'),
(1295, 2, 21, 73, 2, 14, 50, '2013-03-12 17:07:05'),
(1296, 2, 16, 68, 2, 7, 50, '2013-03-12 17:07:05'),
(1297, 2, 21, 73, 2, 15, 0, '2013-03-12 17:07:05'),
(1298, 2, 16, 68, 2, 8, 50, '2013-03-12 17:07:05'),
(1299, 2, 21, 73, 3, 1, 50, '2013-03-12 17:07:05'),
(1300, 2, 16, 68, 2, 9, 50, '2013-03-12 17:07:05'),
(1301, 2, 21, 73, 3, 2, 50, '2013-03-12 17:07:05'),
(1302, 2, 16, 68, 2, 10, 50, '2013-03-12 17:07:05'),
(1303, 2, 21, 73, 3, 3, 50, '2013-03-12 17:07:05'),
(1304, 2, 16, 68, 2, 11, 50, '2013-03-12 17:07:05'),
(1305, 2, 21, 73, 3, 4, 50, '2013-03-12 17:07:05'),
(1306, 2, 16, 68, 2, 12, 50, '2013-03-12 17:07:05'),
(1307, 2, 21, 73, 3, 5, 50, '2013-03-12 17:07:05'),
(1308, 2, 16, 68, 2, 13, 50, '2013-03-12 17:07:05'),
(1309, 2, 21, 73, 3, 6, 50, '2013-03-12 17:07:05'),
(1310, 2, 16, 68, 2, 14, 50, '2013-03-12 17:07:05'),
(1311, 2, 21, 73, 3, 7, 50, '2013-03-12 17:07:05'),
(1312, 2, 16, 68, 2, 15, 0, '2013-03-12 17:07:05'),
(1313, 2, 21, 73, 3, 8, 50, '2013-03-12 17:07:05'),
(1314, 2, 16, 68, 3, 1, 50, '2013-03-12 17:07:05'),
(1315, 2, 21, 73, 3, 9, 50, '2013-03-12 17:07:05'),
(1316, 2, 16, 68, 3, 2, 50, '2013-03-12 17:07:05'),
(1317, 2, 21, 73, 3, 10, 50, '2013-03-12 17:07:05'),
(1318, 2, 16, 68, 3, 3, 50, '2013-03-12 17:07:05'),
(1319, 2, 21, 73, 3, 11, 50, '2013-03-12 17:07:05'),
(1320, 2, 16, 68, 3, 4, 50, '2013-03-12 17:07:05'),
(1321, 2, 21, 73, 3, 12, 50, '2013-03-12 17:07:05'),
(1322, 2, 16, 68, 3, 5, 50, '2013-03-12 17:07:05'),
(1323, 2, 21, 73, 3, 13, 50, '2013-03-12 17:07:05'),
(1324, 2, 16, 68, 3, 6, 50, '2013-03-12 17:07:05'),
(1325, 2, 21, 73, 3, 14, 50, '2013-03-12 17:07:05'),
(1326, 2, 16, 68, 3, 7, 50, '2013-03-12 17:07:05'),
(1327, 2, 21, 73, 3, 15, 0, '2013-03-12 17:07:05'),
(1328, 2, 16, 68, 3, 8, 50, '2013-03-12 17:07:05'),
(1329, 2, 21, 73, 4, 1, 50, '2013-03-12 17:07:05'),
(1330, 2, 16, 68, 3, 9, 50, '2013-03-12 17:07:05'),
(1331, 2, 21, 73, 4, 2, 50, '2013-03-12 17:07:05'),
(1332, 2, 16, 68, 3, 10, 50, '2013-03-12 17:07:05'),
(1333, 2, 21, 73, 4, 3, 50, '2013-03-12 17:07:05'),
(1334, 2, 16, 68, 3, 11, 50, '2013-03-12 17:07:05'),
(1335, 2, 21, 73, 4, 4, 50, '2013-03-12 17:07:05'),
(1336, 2, 16, 68, 3, 12, 50, '2013-03-12 17:07:05'),
(1337, 2, 21, 73, 4, 5, 50, '2013-03-12 17:07:05'),
(1338, 2, 16, 68, 3, 13, 50, '2013-03-12 17:07:05'),
(1339, 2, 21, 73, 4, 6, 50, '2013-03-12 17:07:05'),
(1340, 2, 16, 68, 3, 14, 50, '2013-03-12 17:07:05'),
(1341, 2, 21, 73, 4, 7, 50, '2013-03-12 17:07:05'),
(1342, 2, 16, 68, 3, 15, 0, '2013-03-12 17:07:05'),
(1343, 2, 21, 73, 4, 8, 50, '2013-03-12 17:07:05'),
(1344, 2, 16, 68, 4, 1, 50, '2013-03-12 17:07:05'),
(1345, 2, 21, 73, 4, 9, 50, '2013-03-12 17:07:05'),
(1346, 2, 16, 68, 4, 2, 50, '2013-03-12 17:07:05'),
(1347, 2, 21, 73, 4, 10, 50, '2013-03-12 17:07:05'),
(1348, 2, 16, 68, 4, 3, 50, '2013-03-12 17:07:05'),
(1349, 2, 21, 73, 4, 11, 50, '2013-03-12 17:07:05'),
(1350, 2, 16, 68, 4, 4, 50, '2013-03-12 17:07:05'),
(1351, 2, 21, 73, 4, 12, 50, '2013-03-12 17:07:05'),
(1352, 2, 16, 68, 4, 5, 50, '2013-03-12 17:07:05'),
(1353, 2, 21, 73, 4, 13, 50, '2013-03-12 17:07:05'),
(1354, 2, 16, 68, 4, 6, 50, '2013-03-12 17:07:05'),
(1355, 2, 21, 73, 4, 14, 50, '2013-03-12 17:07:05'),
(1356, 2, 16, 68, 4, 7, 50, '2013-03-12 17:07:05'),
(1357, 2, 21, 73, 4, 15, 0, '2013-03-12 17:07:05'),
(1358, 2, 16, 68, 4, 8, 50, '2013-03-12 17:07:05'),
(1359, 2, 21, 73, 5, 1, 50, '2013-03-12 17:07:05'),
(1360, 2, 16, 68, 4, 9, 50, '2013-03-12 17:07:05'),
(1361, 2, 21, 73, 5, 2, 50, '2013-03-12 17:07:05'),
(1362, 2, 16, 68, 4, 10, 50, '2013-03-12 17:07:05'),
(1363, 2, 21, 73, 5, 3, 50, '2013-03-12 17:07:05'),
(1364, 2, 16, 68, 4, 11, 50, '2013-03-12 17:07:05'),
(1365, 2, 21, 73, 5, 4, 50, '2013-03-12 17:07:05'),
(1366, 2, 16, 68, 4, 12, 50, '2013-03-12 17:07:05'),
(1367, 2, 21, 73, 5, 5, 50, '2013-03-12 17:07:05'),
(1368, 2, 16, 68, 4, 13, 50, '2013-03-12 17:07:05'),
(1369, 2, 21, 73, 5, 6, 50, '2013-03-12 17:07:05'),
(1370, 2, 16, 68, 4, 14, 50, '2013-03-12 17:07:05'),
(1371, 2, 21, 73, 5, 7, 50, '2013-03-12 17:07:05'),
(1372, 2, 16, 68, 4, 15, 0, '2013-03-12 17:07:05'),
(1373, 2, 21, 73, 5, 8, 50, '2013-03-12 17:07:05'),
(1374, 2, 16, 68, 5, 1, 50, '2013-03-12 17:07:05'),
(1375, 2, 21, 73, 5, 9, 50, '2013-03-12 17:07:05'),
(1376, 2, 16, 68, 5, 2, 50, '2013-03-12 17:07:05'),
(1377, 2, 21, 73, 5, 10, 50, '2013-03-12 17:07:05'),
(1378, 2, 16, 68, 5, 3, 50, '2013-03-12 17:07:05'),
(1379, 2, 21, 73, 5, 11, 50, '2013-03-12 17:07:05'),
(1380, 2, 16, 68, 5, 4, 50, '2013-03-12 17:07:05'),
(1381, 2, 21, 73, 5, 12, 50, '2013-03-12 17:07:05'),
(1382, 2, 16, 68, 5, 5, 50, '2013-03-12 17:07:05'),
(1383, 2, 21, 73, 5, 13, 50, '2013-03-12 17:07:05'),
(1384, 2, 16, 68, 5, 6, 50, '2013-03-12 17:07:05'),
(1385, 2, 21, 73, 5, 14, 50, '2013-03-12 17:07:05'),
(1386, 2, 16, 68, 5, 7, 50, '2013-03-12 17:07:05'),
(1387, 2, 21, 73, 5, 15, 0, '2013-03-12 17:07:05'),
(1388, 2, 16, 68, 5, 8, 50, '2013-03-12 17:07:05'),
(1389, 2, 21, 73, 6, 1, 50, '2013-03-12 17:07:05'),
(1390, 2, 16, 68, 5, 9, 50, '2013-03-12 17:07:05'),
(1391, 2, 21, 73, 6, 2, 50, '2013-03-12 17:07:05'),
(1392, 2, 16, 68, 5, 10, 50, '2013-03-12 17:07:05'),
(1393, 2, 21, 73, 6, 3, 50, '2013-03-12 17:07:05'),
(1394, 2, 16, 68, 5, 11, 50, '2013-03-12 17:07:05'),
(1395, 2, 21, 73, 6, 4, 50, '2013-03-12 17:07:05'),
(1396, 2, 16, 68, 5, 12, 50, '2013-03-12 17:07:05'),
(1397, 2, 21, 73, 6, 5, 50, '2013-03-12 17:07:05'),
(1398, 2, 16, 68, 5, 13, 50, '2013-03-12 17:07:05'),
(1399, 2, 21, 73, 6, 6, 50, '2013-03-12 17:07:05'),
(1400, 2, 16, 68, 5, 14, 50, '2013-03-12 17:07:05'),
(1401, 2, 21, 73, 6, 7, 50, '2013-03-12 17:07:05'),
(1402, 2, 16, 68, 5, 15, 0, '2013-03-12 17:07:05'),
(1403, 2, 21, 73, 6, 8, 50, '2013-03-12 17:07:05'),
(1404, 2, 16, 68, 6, 1, 50, '2013-03-12 17:07:05'),
(1405, 2, 21, 73, 6, 9, 50, '2013-03-12 17:07:05'),
(1406, 2, 16, 68, 6, 2, 50, '2013-03-12 17:07:05'),
(1407, 2, 21, 73, 6, 10, 50, '2013-03-12 17:07:05'),
(1408, 2, 16, 68, 6, 3, 50, '2013-03-12 17:07:05'),
(1409, 2, 21, 73, 6, 11, 50, '2013-03-12 17:07:05'),
(1410, 2, 16, 68, 6, 4, 50, '2013-03-12 17:07:05'),
(1411, 2, 21, 73, 6, 12, 50, '2013-03-12 17:07:05'),
(1412, 2, 16, 68, 6, 5, 50, '2013-03-12 17:07:05'),
(1413, 2, 21, 73, 6, 13, 50, '2013-03-12 17:07:05'),
(1414, 2, 16, 68, 6, 6, 50, '2013-03-12 17:07:05'),
(1415, 2, 21, 73, 6, 14, 50, '2013-03-12 17:07:05'),
(1416, 2, 16, 68, 6, 7, 50, '2013-03-12 17:07:05'),
(1417, 2, 21, 73, 6, 15, 0, '2013-03-12 17:07:05'),
(1418, 2, 16, 68, 6, 8, 50, '2013-03-12 17:07:05'),
(1419, 2, 21, 73, 7, 1, 50, '2013-03-12 17:07:05'),
(1420, 2, 16, 68, 6, 9, 50, '2013-03-12 17:07:05'),
(1421, 2, 21, 73, 7, 2, 50, '2013-03-12 17:07:05'),
(1422, 2, 16, 68, 6, 10, 50, '2013-03-12 17:07:05'),
(1423, 2, 21, 73, 7, 3, 50, '2013-03-12 17:07:05'),
(1424, 2, 16, 68, 6, 11, 50, '2013-03-12 17:07:05'),
(1425, 2, 21, 73, 7, 4, 50, '2013-03-12 17:07:05'),
(1426, 2, 16, 68, 6, 12, 50, '2013-03-12 17:07:05'),
(1427, 2, 21, 73, 7, 5, 50, '2013-03-12 17:07:05'),
(1428, 2, 16, 68, 6, 13, 50, '2013-03-12 17:07:05'),
(1429, 2, 21, 73, 7, 6, 50, '2013-03-12 17:07:05'),
(1430, 2, 16, 68, 6, 14, 50, '2013-03-12 17:07:05'),
(1431, 2, 21, 73, 7, 7, 50, '2013-03-12 17:07:05'),
(1432, 2, 16, 68, 6, 15, 0, '2013-03-12 17:07:05'),
(1433, 2, 21, 73, 7, 8, 50, '2013-03-12 17:07:05'),
(1434, 2, 16, 68, 7, 1, 50, '2013-03-12 17:07:05'),
(1435, 2, 21, 73, 7, 9, 50, '2013-03-12 17:07:05'),
(1436, 2, 16, 68, 7, 2, 50, '2013-03-12 17:07:05'),
(1437, 2, 21, 73, 7, 10, 50, '2013-03-12 17:07:05'),
(1438, 2, 16, 68, 7, 3, 50, '2013-03-12 17:07:05'),
(1439, 2, 21, 73, 7, 11, 50, '2013-03-12 17:07:05'),
(1440, 2, 16, 68, 7, 4, 50, '2013-03-12 17:07:05'),
(1441, 2, 21, 73, 7, 12, 50, '2013-03-12 17:07:05'),
(1442, 2, 16, 68, 7, 5, 50, '2013-03-12 17:07:05'),
(1443, 2, 21, 73, 7, 13, 50, '2013-03-12 17:07:05'),
(1444, 2, 16, 68, 7, 6, 50, '2013-03-12 17:07:05'),
(1445, 2, 21, 73, 7, 14, 50, '2013-03-12 17:07:05'),
(1446, 2, 16, 68, 7, 7, 50, '2013-03-12 17:07:05'),
(1447, 2, 21, 73, 7, 15, 0, '2013-03-12 17:07:05'),
(1448, 2, 16, 68, 7, 8, 50, '2013-03-12 17:07:05'),
(1449, 2, 21, 73, 8, 1, 50, '2013-03-12 17:07:05'),
(1450, 2, 16, 68, 7, 9, 50, '2013-03-12 17:07:05'),
(1451, 2, 21, 73, 8, 2, 50, '2013-03-12 17:07:05'),
(1452, 2, 16, 68, 7, 10, 50, '2013-03-12 17:07:05'),
(1453, 2, 21, 73, 8, 3, 50, '2013-03-12 17:07:05'),
(1454, 2, 16, 68, 7, 11, 50, '2013-03-12 17:07:05'),
(1455, 2, 21, 73, 8, 4, 50, '2013-03-12 17:07:05'),
(1456, 2, 16, 68, 7, 12, 50, '2013-03-12 17:07:05'),
(1457, 2, 21, 73, 8, 5, 50, '2013-03-12 17:07:05'),
(1458, 2, 16, 68, 7, 13, 50, '2013-03-12 17:07:05'),
(1459, 2, 21, 73, 8, 6, 50, '2013-03-12 17:07:05'),
(1460, 2, 16, 68, 7, 14, 50, '2013-03-12 17:07:05'),
(1461, 2, 21, 73, 8, 7, 50, '2013-03-12 17:07:05'),
(1462, 2, 16, 68, 7, 15, 0, '2013-03-12 17:07:05'),
(1463, 2, 21, 73, 8, 8, 50, '2013-03-12 17:07:05'),
(1464, 2, 16, 68, 8, 1, 50, '2013-03-12 17:07:05'),
(1465, 2, 21, 73, 8, 9, 50, '2013-03-12 17:07:05'),
(1466, 2, 16, 68, 8, 2, 50, '2013-03-12 17:07:05'),
(1467, 2, 21, 73, 8, 10, 50, '2013-03-12 17:07:05'),
(1468, 2, 16, 68, 8, 3, 50, '2013-03-12 17:07:05'),
(1469, 2, 21, 73, 8, 11, 50, '2013-03-12 17:07:05'),
(1470, 2, 16, 68, 8, 4, 50, '2013-03-12 17:07:05'),
(1471, 2, 21, 73, 8, 12, 50, '2013-03-12 17:07:05'),
(1472, 2, 16, 68, 8, 5, 50, '2013-03-12 17:07:05'),
(1473, 2, 21, 73, 8, 13, 50, '2013-03-12 17:07:05'),
(1474, 2, 16, 68, 8, 6, 50, '2013-03-12 17:07:05'),
(1475, 2, 21, 73, 8, 14, 50, '2013-03-12 17:07:05'),
(1476, 2, 16, 68, 8, 7, 50, '2013-03-12 17:07:05'),
(1477, 2, 21, 73, 8, 15, 0, '2013-03-12 17:07:05'),
(1478, 2, 16, 68, 8, 8, 50, '2013-03-12 17:07:05'),
(1479, 2, 16, 68, 8, 9, 50, '2013-03-12 17:07:05'),
(1480, 2, 16, 68, 8, 10, 50, '2013-03-12 17:07:05'),
(1481, 2, 16, 68, 8, 11, 50, '2013-03-12 17:07:05'),
(1482, 2, 16, 68, 8, 12, 50, '2013-03-12 17:07:05'),
(1483, 2, 16, 68, 8, 13, 50, '2013-03-12 17:07:05'),
(1484, 2, 16, 68, 8, 14, 50, '2013-03-12 17:07:05'),
(1485, 2, 16, 68, 8, 15, 0, '2013-03-12 17:07:05'),
(1486, 2, 14, 66, 1, 1, 50, '2013-03-12 17:07:21'),
(1487, 2, 14, 66, 1, 2, 50, '2013-03-12 17:07:21'),
(1488, 2, 14, 66, 1, 3, 50, '2013-03-12 17:07:21'),
(1489, 2, 14, 66, 1, 4, 50, '2013-03-12 17:07:21'),
(1490, 2, 14, 66, 1, 5, 50, '2013-03-12 17:07:21'),
(1491, 2, 14, 66, 1, 6, 50, '2013-03-12 17:07:21'),
(1492, 2, 14, 66, 1, 7, 50, '2013-03-12 17:07:21'),
(1493, 2, 14, 66, 1, 8, 50, '2013-03-12 17:07:21'),
(1494, 2, 14, 66, 1, 9, 50, '2013-03-12 17:07:21'),
(1495, 2, 14, 66, 1, 10, 50, '2013-03-12 17:07:21'),
(1496, 2, 14, 66, 1, 11, 50, '2013-03-12 17:07:21'),
(1497, 2, 14, 66, 1, 12, 50, '2013-03-12 17:07:21'),
(1498, 2, 14, 66, 1, 13, 50, '2013-03-12 17:07:21'),
(1499, 2, 14, 66, 1, 14, 50, '2013-03-12 17:07:21'),
(1500, 2, 14, 66, 1, 15, 0, '2013-03-12 17:07:21'),
(1501, 2, 14, 66, 2, 1, 45, '2013-03-12 17:07:21'),
(1502, 2, 14, 66, 2, 2, 40, '2013-03-12 17:07:21'),
(1503, 2, 14, 66, 2, 3, 40, '2013-03-12 17:07:21'),
(1504, 2, 14, 66, 2, 4, 40, '2013-03-12 17:07:21'),
(1505, 2, 14, 66, 2, 5, 35, '2013-03-12 17:07:21'),
(1506, 2, 14, 66, 2, 6, 45, '2013-03-12 17:07:21'),
(1507, 2, 14, 66, 2, 7, 45, '2013-03-12 17:07:21'),
(1508, 2, 14, 66, 2, 8, 40, '2013-03-12 17:07:21'),
(1509, 2, 14, 66, 2, 9, 40, '2013-03-12 17:07:21'),
(1510, 2, 14, 66, 2, 10, 45, '2013-03-12 17:07:21'),
(1511, 2, 14, 66, 2, 11, 45, '2013-03-12 17:07:21'),
(1512, 2, 14, 66, 2, 12, 40, '2013-03-12 17:07:21'),
(1513, 2, 14, 66, 2, 13, 40, '2013-03-12 17:07:21'),
(1514, 2, 14, 66, 2, 14, 55, '2013-03-12 17:07:21'),
(1515, 2, 14, 66, 2, 15, 0, '2013-03-12 17:07:21'),
(1516, 2, 14, 66, 3, 1, 50, '2013-03-12 17:07:21'),
(1517, 2, 14, 66, 3, 2, 50, '2013-03-12 17:07:21'),
(1518, 2, 14, 66, 3, 3, 50, '2013-03-12 17:07:21'),
(1519, 2, 14, 66, 3, 4, 50, '2013-03-12 17:07:21'),
(1520, 2, 14, 66, 3, 5, 50, '2013-03-12 17:07:21'),
(1521, 2, 14, 66, 3, 6, 50, '2013-03-12 17:07:21'),
(1522, 2, 14, 66, 3, 7, 50, '2013-03-12 17:07:21'),
(1523, 2, 14, 66, 3, 8, 50, '2013-03-12 17:07:21'),
(1524, 2, 14, 66, 3, 9, 50, '2013-03-12 17:07:21'),
(1525, 2, 14, 66, 3, 10, 50, '2013-03-12 17:07:21'),
(1526, 2, 14, 66, 3, 11, 50, '2013-03-12 17:07:21'),
(1527, 2, 14, 66, 3, 12, 50, '2013-03-12 17:07:21'),
(1528, 2, 14, 66, 3, 13, 50, '2013-03-12 17:07:21'),
(1529, 2, 14, 66, 3, 14, 50, '2013-03-12 17:07:21'),
(1530, 2, 14, 66, 3, 15, 0, '2013-03-12 17:07:21'),
(1531, 2, 14, 66, 4, 1, 50, '2013-03-12 17:07:21'),
(1532, 2, 14, 66, 4, 2, 50, '2013-03-12 17:07:21'),
(1533, 2, 14, 66, 4, 3, 50, '2013-03-12 17:07:21');
INSERT INTO `pn_valoracion` (`id`, `id_tipo_formato`, `id_participante`, `id_empleado`, `id_capitulo`, `id_pn_criterio`, `valor`, `fecha`) VALUES
(1534, 2, 14, 66, 4, 4, 50, '2013-03-12 17:07:21'),
(1535, 2, 14, 66, 4, 5, 50, '2013-03-12 17:07:21'),
(1536, 2, 14, 66, 4, 6, 50, '2013-03-12 17:07:21'),
(1537, 2, 14, 66, 4, 7, 50, '2013-03-12 17:07:21'),
(1538, 2, 14, 66, 4, 8, 50, '2013-03-12 17:07:21'),
(1539, 2, 14, 66, 4, 9, 50, '2013-03-12 17:07:21'),
(1540, 2, 14, 66, 4, 10, 50, '2013-03-12 17:07:21'),
(1541, 2, 14, 66, 4, 11, 50, '2013-03-12 17:07:21'),
(1542, 2, 14, 66, 4, 12, 50, '2013-03-12 17:07:21'),
(1543, 2, 14, 66, 4, 13, 50, '2013-03-12 17:07:21'),
(1544, 2, 14, 66, 4, 14, 50, '2013-03-12 17:07:21'),
(1545, 2, 14, 66, 4, 15, 0, '2013-03-12 17:07:21'),
(1546, 2, 14, 66, 5, 1, 50, '2013-03-12 17:07:21'),
(1547, 2, 14, 66, 5, 2, 50, '2013-03-12 17:07:21'),
(1548, 2, 14, 66, 5, 3, 50, '2013-03-12 17:07:21'),
(1549, 2, 14, 66, 5, 4, 50, '2013-03-12 17:07:21'),
(1550, 2, 14, 66, 5, 5, 50, '2013-03-12 17:07:21'),
(1551, 2, 14, 66, 5, 6, 50, '2013-03-12 17:07:21'),
(1552, 2, 14, 66, 5, 7, 50, '2013-03-12 17:07:21'),
(1553, 2, 14, 66, 5, 8, 50, '2013-03-12 17:07:21'),
(1554, 2, 14, 66, 5, 9, 50, '2013-03-12 17:07:21'),
(1555, 2, 14, 66, 5, 10, 50, '2013-03-12 17:07:21'),
(1556, 2, 14, 66, 5, 11, 50, '2013-03-12 17:07:21'),
(1557, 2, 14, 66, 5, 12, 50, '2013-03-12 17:07:21'),
(1558, 2, 14, 66, 5, 13, 50, '2013-03-12 17:07:21'),
(1559, 2, 14, 66, 5, 14, 50, '2013-03-12 17:07:21'),
(1560, 2, 14, 66, 5, 15, 0, '2013-03-12 17:07:21'),
(1561, 2, 14, 66, 6, 1, 50, '2013-03-12 17:07:21'),
(1562, 2, 14, 66, 6, 2, 50, '2013-03-12 17:07:21'),
(1563, 2, 14, 66, 6, 3, 50, '2013-03-12 17:07:21'),
(1564, 2, 14, 66, 6, 4, 50, '2013-03-12 17:07:21'),
(1565, 2, 14, 66, 6, 5, 50, '2013-03-12 17:07:21'),
(1566, 2, 14, 66, 6, 6, 50, '2013-03-12 17:07:21'),
(1567, 2, 14, 66, 6, 7, 50, '2013-03-12 17:07:21'),
(1568, 2, 14, 66, 6, 8, 50, '2013-03-12 17:07:21'),
(1569, 2, 14, 66, 6, 9, 50, '2013-03-12 17:07:21'),
(1570, 2, 14, 66, 6, 10, 50, '2013-03-12 17:07:21'),
(1571, 2, 14, 66, 6, 11, 50, '2013-03-12 17:07:21'),
(1572, 2, 14, 66, 6, 12, 50, '2013-03-12 17:07:21'),
(1573, 2, 14, 66, 6, 13, 50, '2013-03-12 17:07:21'),
(1574, 2, 14, 66, 6, 14, 50, '2013-03-12 17:07:21'),
(1575, 2, 14, 66, 6, 15, 0, '2013-03-12 17:07:21'),
(1576, 2, 14, 66, 7, 1, 50, '2013-03-12 17:07:21'),
(1577, 2, 14, 66, 7, 2, 50, '2013-03-12 17:07:21'),
(1578, 2, 14, 66, 7, 3, 50, '2013-03-12 17:07:21'),
(1579, 2, 14, 66, 7, 4, 50, '2013-03-12 17:07:21'),
(1580, 2, 14, 66, 7, 5, 50, '2013-03-12 17:07:21'),
(1581, 2, 14, 66, 7, 6, 50, '2013-03-12 17:07:21'),
(1582, 2, 14, 66, 7, 7, 50, '2013-03-12 17:07:21'),
(1583, 2, 14, 66, 7, 8, 50, '2013-03-12 17:07:21'),
(1584, 2, 14, 66, 7, 9, 50, '2013-03-12 17:07:21'),
(1585, 2, 14, 66, 7, 10, 50, '2013-03-12 17:07:21'),
(1586, 2, 14, 66, 7, 11, 50, '2013-03-12 17:07:21'),
(1587, 2, 14, 66, 7, 12, 50, '2013-03-12 17:07:21'),
(1588, 2, 14, 66, 7, 13, 50, '2013-03-12 17:07:21'),
(1589, 2, 14, 66, 7, 14, 50, '2013-03-12 17:07:21'),
(1590, 2, 14, 66, 7, 15, 0, '2013-03-12 17:07:21'),
(1591, 2, 14, 66, 8, 1, 50, '2013-03-12 17:07:21'),
(1592, 2, 14, 66, 8, 2, 50, '2013-03-12 17:07:21'),
(1593, 2, 14, 66, 8, 3, 50, '2013-03-12 17:07:21'),
(1594, 2, 14, 66, 8, 4, 50, '2013-03-12 17:07:21'),
(1595, 2, 14, 66, 8, 5, 50, '2013-03-12 17:07:21'),
(1596, 2, 14, 66, 8, 6, 50, '2013-03-12 17:07:21'),
(1597, 2, 14, 66, 8, 7, 50, '2013-03-12 17:07:21'),
(1598, 2, 14, 66, 8, 8, 50, '2013-03-12 17:07:21'),
(1599, 2, 14, 66, 8, 9, 50, '2013-03-12 17:07:21'),
(1600, 2, 14, 66, 8, 10, 50, '2013-03-12 17:07:21'),
(1601, 2, 14, 66, 8, 11, 50, '2013-03-12 17:07:21'),
(1602, 2, 14, 66, 8, 12, 50, '2013-03-12 17:07:21'),
(1603, 2, 14, 66, 8, 13, 50, '2013-03-12 17:07:21'),
(1604, 2, 14, 66, 8, 14, 50, '2013-03-12 17:07:21'),
(1605, 2, 14, 66, 8, 15, 0, '2013-03-12 17:07:21'),
(1606, 6, 21, 73, NULL, 1, 50, '2013-03-12 17:19:31'),
(1607, 6, 21, 73, NULL, 2, 50, '2013-03-12 17:19:31'),
(1608, 6, 21, 73, NULL, 3, 50, '2013-03-12 17:19:31'),
(1609, 6, 21, 73, NULL, 4, 50, '2013-03-12 17:19:31'),
(1610, 6, 21, 73, NULL, 5, 50, '2013-03-12 17:19:31'),
(1611, 6, 21, 73, NULL, 6, 50, '2013-03-12 17:19:31'),
(1612, 6, 21, 73, NULL, 7, 50, '2013-03-12 17:19:31'),
(1613, 6, 21, 73, NULL, 8, 50, '2013-03-12 17:19:31'),
(1614, 6, 21, 73, NULL, 9, 50, '2013-03-12 17:19:31'),
(1615, 6, 21, 73, NULL, 10, 50, '2013-03-12 17:19:31'),
(1616, 6, 21, 73, NULL, 11, 50, '2013-03-12 17:19:31'),
(1617, 6, 21, 73, NULL, 12, 50, '2013-03-12 17:19:31'),
(1618, 6, 21, 73, NULL, 13, 50, '2013-03-12 17:19:31'),
(1619, 6, 21, 73, NULL, 14, 50, '2013-03-12 17:19:31'),
(1620, 6, 21, 73, NULL, 15, 0, '2013-03-12 17:19:31'),
(1621, 6, 16, 68, NULL, 1, 50, '2013-03-12 17:19:37'),
(1622, 6, 16, 68, NULL, 2, 50, '2013-03-12 17:19:37'),
(1623, 6, 16, 68, NULL, 3, 50, '2013-03-12 17:19:37'),
(1624, 6, 16, 68, NULL, 4, 50, '2013-03-12 17:19:37'),
(1625, 6, 16, 68, NULL, 5, 50, '2013-03-12 17:19:37'),
(1626, 6, 16, 68, NULL, 6, 50, '2013-03-12 17:19:37'),
(1627, 6, 16, 68, NULL, 7, 50, '2013-03-12 17:19:37'),
(1628, 6, 16, 68, NULL, 8, 50, '2013-03-12 17:19:37'),
(1629, 6, 16, 68, NULL, 9, 50, '2013-03-12 17:19:37'),
(1630, 6, 16, 68, NULL, 10, 50, '2013-03-12 17:19:37'),
(1631, 6, 16, 68, NULL, 11, 50, '2013-03-12 17:19:37'),
(1632, 6, 16, 68, NULL, 12, 50, '2013-03-12 17:19:37'),
(1633, 6, 16, 68, NULL, 13, 50, '2013-03-12 17:19:37'),
(1634, 6, 16, 68, NULL, 14, 50, '2013-03-12 17:19:37'),
(1635, 6, 16, 68, NULL, 15, 0, '2013-03-12 17:19:37'),
(1636, 6, 15, 67, NULL, 1, 50, '2013-03-12 17:19:47'),
(1637, 6, 15, 67, NULL, 2, 50, '2013-03-12 17:19:47'),
(1638, 6, 15, 67, NULL, 3, 50, '2013-03-12 17:19:47'),
(1639, 6, 15, 67, NULL, 4, 50, '2013-03-12 17:19:47'),
(1640, 6, 15, 67, NULL, 5, 50, '2013-03-12 17:19:47'),
(1641, 6, 15, 67, NULL, 6, 50, '2013-03-12 17:19:47'),
(1642, 6, 15, 67, NULL, 7, 50, '2013-03-12 17:19:47'),
(1643, 6, 15, 67, NULL, 8, 50, '2013-03-12 17:19:47'),
(1644, 6, 15, 67, NULL, 9, 50, '2013-03-12 17:19:47'),
(1645, 6, 15, 67, NULL, 10, 50, '2013-03-12 17:19:47'),
(1646, 6, 15, 67, NULL, 11, 50, '2013-03-12 17:19:47'),
(1647, 6, 15, 67, NULL, 12, 50, '2013-03-12 17:19:47'),
(1648, 6, 15, 67, NULL, 13, 50, '2013-03-12 17:19:47'),
(1649, 6, 15, 67, NULL, 14, 50, '2013-03-12 17:19:47'),
(1650, 6, 15, 67, NULL, 15, 0, '2013-03-12 17:19:47'),
(1651, 6, 14, 66, NULL, 1, 55, '2013-03-12 17:20:09'),
(1652, 6, 14, 66, NULL, 2, 45, '2013-03-12 17:20:09'),
(1653, 6, 14, 66, NULL, 3, 40, '2013-03-12 17:20:09'),
(1654, 6, 14, 66, NULL, 4, 50, '2013-03-12 17:20:09'),
(1655, 6, 14, 66, NULL, 5, 45, '2013-03-12 17:20:09'),
(1656, 6, 14, 66, NULL, 6, 50, '2013-03-12 17:20:09'),
(1657, 6, 14, 66, NULL, 7, 60, '2013-03-12 17:20:09'),
(1658, 6, 14, 66, NULL, 8, 50, '2013-03-12 17:20:09'),
(1659, 6, 14, 66, NULL, 9, 50, '2013-03-12 17:20:09'),
(1660, 6, 14, 66, NULL, 10, 50, '2013-03-12 17:20:09'),
(1661, 6, 14, 66, NULL, 11, 50, '2013-03-12 17:20:09'),
(1662, 6, 14, 66, NULL, 12, 50, '2013-03-12 17:20:09'),
(1663, 6, 14, 66, NULL, 13, 50, '2013-03-12 17:20:09'),
(1664, 6, 14, 66, NULL, 14, 50, '2013-03-12 17:20:09'),
(1665, 6, 14, 66, NULL, 15, 0, '2013-03-12 17:20:09'),
(1786, 7, 16, 68, 1, 1, 50, '2013-03-12 17:20:42'),
(1787, 7, 16, 68, 1, 2, 50, '2013-03-12 17:20:42'),
(1788, 7, 16, 68, 1, 3, 50, '2013-03-12 17:20:42'),
(1789, 7, 16, 68, 1, 4, 50, '2013-03-12 17:20:42'),
(1790, 7, 16, 68, 1, 5, 50, '2013-03-12 17:20:42'),
(1791, 7, 16, 68, 1, 6, 50, '2013-03-12 17:20:42'),
(1792, 7, 16, 68, 1, 7, 50, '2013-03-12 17:20:42'),
(1793, 7, 16, 68, 1, 8, 50, '2013-03-12 17:20:42'),
(1794, 7, 16, 68, 1, 9, 50, '2013-03-12 17:20:42'),
(1795, 7, 16, 68, 1, 10, 50, '2013-03-12 17:20:42'),
(1796, 7, 16, 68, 1, 11, 50, '2013-03-12 17:20:42'),
(1797, 7, 16, 68, 1, 12, 50, '2013-03-12 17:20:42'),
(1798, 7, 16, 68, 1, 13, 50, '2013-03-12 17:20:42'),
(1799, 7, 16, 68, 1, 14, 50, '2013-03-12 17:20:42'),
(1800, 7, 16, 68, 1, 15, 0, '2013-03-12 17:20:42'),
(1801, 7, 16, 68, 2, 1, 50, '2013-03-12 17:20:42'),
(1802, 7, 16, 68, 2, 2, 50, '2013-03-12 17:20:42'),
(1803, 7, 16, 68, 2, 3, 50, '2013-03-12 17:20:42'),
(1804, 7, 16, 68, 2, 4, 50, '2013-03-12 17:20:42'),
(1805, 7, 16, 68, 2, 5, 50, '2013-03-12 17:20:42'),
(1806, 7, 16, 68, 2, 6, 50, '2013-03-12 17:20:42'),
(1807, 7, 16, 68, 2, 7, 50, '2013-03-12 17:20:42'),
(1808, 7, 16, 68, 2, 8, 50, '2013-03-12 17:20:42'),
(1809, 7, 16, 68, 2, 9, 50, '2013-03-12 17:20:42'),
(1810, 7, 16, 68, 2, 10, 50, '2013-03-12 17:20:42'),
(1811, 7, 16, 68, 2, 11, 50, '2013-03-12 17:20:42'),
(1812, 7, 16, 68, 2, 12, 50, '2013-03-12 17:20:42'),
(1813, 7, 16, 68, 2, 13, 50, '2013-03-12 17:20:42'),
(1814, 7, 16, 68, 2, 14, 50, '2013-03-12 17:20:42'),
(1815, 7, 16, 68, 2, 15, 0, '2013-03-12 17:20:42'),
(1816, 7, 16, 68, 3, 1, 50, '2013-03-12 17:20:42'),
(1817, 7, 16, 68, 3, 2, 50, '2013-03-12 17:20:42'),
(1818, 7, 16, 68, 3, 3, 50, '2013-03-12 17:20:42'),
(1819, 7, 16, 68, 3, 4, 50, '2013-03-12 17:20:42'),
(1820, 7, 16, 68, 3, 5, 50, '2013-03-12 17:20:42'),
(1821, 7, 16, 68, 3, 6, 50, '2013-03-12 17:20:42'),
(1822, 7, 16, 68, 3, 7, 50, '2013-03-12 17:20:42'),
(1823, 7, 16, 68, 3, 8, 50, '2013-03-12 17:20:42'),
(1824, 7, 16, 68, 3, 9, 50, '2013-03-12 17:20:42'),
(1825, 7, 16, 68, 3, 10, 50, '2013-03-12 17:20:42'),
(1826, 7, 16, 68, 3, 11, 50, '2013-03-12 17:20:42'),
(1827, 7, 16, 68, 3, 12, 50, '2013-03-12 17:20:42'),
(1828, 7, 16, 68, 3, 13, 50, '2013-03-12 17:20:42'),
(1829, 7, 16, 68, 3, 14, 50, '2013-03-12 17:20:42'),
(1830, 7, 16, 68, 3, 15, 0, '2013-03-12 17:20:42'),
(1831, 7, 16, 68, 4, 1, 50, '2013-03-12 17:20:42'),
(1832, 7, 16, 68, 4, 2, 50, '2013-03-12 17:20:42'),
(1833, 7, 16, 68, 4, 3, 50, '2013-03-12 17:20:42'),
(1834, 7, 16, 68, 4, 4, 50, '2013-03-12 17:20:42'),
(1835, 7, 16, 68, 4, 5, 50, '2013-03-12 17:20:42'),
(1836, 7, 16, 68, 4, 6, 50, '2013-03-12 17:20:42'),
(1837, 7, 16, 68, 4, 7, 50, '2013-03-12 17:20:42'),
(1838, 7, 16, 68, 4, 8, 50, '2013-03-12 17:20:42'),
(1839, 7, 16, 68, 4, 9, 50, '2013-03-12 17:20:42'),
(1840, 7, 16, 68, 4, 10, 50, '2013-03-12 17:20:42'),
(1841, 7, 16, 68, 4, 11, 50, '2013-03-12 17:20:42'),
(1842, 7, 16, 68, 4, 12, 50, '2013-03-12 17:20:42'),
(1843, 7, 16, 68, 4, 13, 50, '2013-03-12 17:20:42'),
(1844, 7, 16, 68, 4, 14, 50, '2013-03-12 17:20:42'),
(1845, 7, 16, 68, 4, 15, 0, '2013-03-12 17:20:42'),
(1846, 7, 16, 68, 5, 1, 50, '2013-03-12 17:20:42'),
(1847, 7, 16, 68, 5, 2, 50, '2013-03-12 17:20:42'),
(1848, 7, 16, 68, 5, 3, 50, '2013-03-12 17:20:42'),
(1849, 7, 16, 68, 5, 4, 50, '2013-03-12 17:20:42'),
(1850, 7, 16, 68, 5, 5, 50, '2013-03-12 17:20:42'),
(1851, 7, 16, 68, 5, 6, 50, '2013-03-12 17:20:42'),
(1852, 7, 16, 68, 5, 7, 50, '2013-03-12 17:20:42'),
(1853, 7, 16, 68, 5, 8, 50, '2013-03-12 17:20:42'),
(1854, 7, 16, 68, 5, 9, 50, '2013-03-12 17:20:42'),
(1855, 7, 16, 68, 5, 10, 50, '2013-03-12 17:20:42'),
(1856, 7, 16, 68, 5, 11, 50, '2013-03-12 17:20:42'),
(1857, 7, 16, 68, 5, 12, 50, '2013-03-12 17:20:42'),
(1858, 7, 16, 68, 5, 13, 50, '2013-03-12 17:20:42'),
(1859, 7, 16, 68, 5, 14, 50, '2013-03-12 17:20:42'),
(1860, 7, 16, 68, 5, 15, 0, '2013-03-12 17:20:42'),
(1861, 7, 16, 68, 6, 1, 50, '2013-03-12 17:20:42'),
(1862, 7, 16, 68, 6, 2, 50, '2013-03-12 17:20:42'),
(1863, 7, 16, 68, 6, 3, 50, '2013-03-12 17:20:42'),
(1864, 7, 16, 68, 6, 4, 50, '2013-03-12 17:20:42'),
(1865, 7, 16, 68, 6, 5, 50, '2013-03-12 17:20:42'),
(1866, 7, 14, 66, 1, 1, 50, '2013-03-12 17:20:43'),
(1867, 7, 16, 68, 6, 6, 50, '2013-03-12 17:20:42'),
(1868, 7, 14, 66, 1, 2, 50, '2013-03-12 17:20:43'),
(1869, 7, 16, 68, 6, 7, 50, '2013-03-12 17:20:42'),
(1870, 7, 14, 66, 1, 3, 50, '2013-03-12 17:20:43'),
(1871, 7, 16, 68, 6, 8, 50, '2013-03-12 17:20:42'),
(1872, 7, 14, 66, 1, 4, 50, '2013-03-12 17:20:43'),
(1873, 7, 16, 68, 6, 9, 50, '2013-03-12 17:20:42'),
(1874, 7, 14, 66, 1, 5, 50, '2013-03-12 17:20:43'),
(1875, 7, 16, 68, 6, 10, 50, '2013-03-12 17:20:42'),
(1876, 7, 14, 66, 1, 6, 50, '2013-03-12 17:20:43'),
(1877, 7, 16, 68, 6, 11, 50, '2013-03-12 17:20:42'),
(1878, 7, 14, 66, 1, 7, 50, '2013-03-12 17:20:43'),
(1879, 7, 16, 68, 6, 12, 50, '2013-03-12 17:20:42'),
(1880, 7, 14, 66, 1, 8, 50, '2013-03-12 17:20:43'),
(1881, 7, 16, 68, 6, 13, 50, '2013-03-12 17:20:42'),
(1882, 7, 14, 66, 1, 9, 50, '2013-03-12 17:20:43'),
(1883, 7, 16, 68, 6, 14, 50, '2013-03-12 17:20:42'),
(1884, 7, 14, 66, 1, 10, 50, '2013-03-12 17:20:43'),
(1885, 7, 16, 68, 6, 15, 0, '2013-03-12 17:20:42'),
(1886, 7, 14, 66, 1, 11, 50, '2013-03-12 17:20:43'),
(1887, 7, 16, 68, 7, 1, 50, '2013-03-12 17:20:42'),
(1888, 7, 14, 66, 1, 12, 50, '2013-03-12 17:20:43'),
(1889, 7, 16, 68, 7, 2, 50, '2013-03-12 17:20:42'),
(1890, 7, 14, 66, 1, 13, 50, '2013-03-12 17:20:43'),
(1891, 7, 16, 68, 7, 3, 50, '2013-03-12 17:20:42'),
(1892, 7, 14, 66, 1, 14, 50, '2013-03-12 17:20:43'),
(1893, 7, 16, 68, 7, 4, 50, '2013-03-12 17:20:42'),
(1894, 7, 14, 66, 1, 15, 0, '2013-03-12 17:20:43'),
(1895, 7, 16, 68, 7, 5, 50, '2013-03-12 17:20:42'),
(1896, 7, 14, 66, 2, 1, 50, '2013-03-12 17:20:43'),
(1897, 7, 16, 68, 7, 6, 50, '2013-03-12 17:20:42'),
(1898, 7, 14, 66, 2, 2, 50, '2013-03-12 17:20:43'),
(1899, 7, 16, 68, 7, 7, 50, '2013-03-12 17:20:42'),
(1900, 7, 14, 66, 2, 3, 50, '2013-03-12 17:20:43'),
(1901, 7, 16, 68, 7, 8, 50, '2013-03-12 17:20:42'),
(1902, 7, 14, 66, 2, 4, 50, '2013-03-12 17:20:43'),
(1903, 7, 16, 68, 7, 9, 50, '2013-03-12 17:20:42'),
(1904, 7, 14, 66, 2, 5, 50, '2013-03-12 17:20:43'),
(1905, 7, 16, 68, 7, 10, 50, '2013-03-12 17:20:42'),
(1906, 7, 14, 66, 2, 6, 50, '2013-03-12 17:20:43'),
(1907, 7, 16, 68, 7, 11, 50, '2013-03-12 17:20:42'),
(1908, 7, 14, 66, 2, 7, 50, '2013-03-12 17:20:43'),
(1909, 7, 16, 68, 7, 12, 50, '2013-03-12 17:20:42'),
(1910, 7, 14, 66, 2, 8, 50, '2013-03-12 17:20:43'),
(1911, 7, 16, 68, 7, 13, 50, '2013-03-12 17:20:42'),
(1912, 7, 14, 66, 2, 9, 50, '2013-03-12 17:20:43'),
(1913, 7, 16, 68, 7, 14, 50, '2013-03-12 17:20:42'),
(1914, 7, 14, 66, 2, 10, 50, '2013-03-12 17:20:43'),
(1915, 7, 16, 68, 7, 15, 0, '2013-03-12 17:20:42'),
(1916, 7, 14, 66, 2, 11, 50, '2013-03-12 17:20:43'),
(1917, 7, 16, 68, 8, 1, 50, '2013-03-12 17:20:42'),
(1918, 7, 14, 66, 2, 12, 50, '2013-03-12 17:20:43'),
(1919, 7, 16, 68, 8, 2, 50, '2013-03-12 17:20:42'),
(1920, 7, 14, 66, 2, 13, 50, '2013-03-12 17:20:43'),
(1921, 7, 16, 68, 8, 3, 50, '2013-03-12 17:20:42'),
(1922, 7, 14, 66, 2, 14, 50, '2013-03-12 17:20:43'),
(1923, 7, 16, 68, 8, 4, 50, '2013-03-12 17:20:42'),
(1924, 7, 14, 66, 2, 15, 0, '2013-03-12 17:20:43'),
(1925, 7, 16, 68, 8, 5, 50, '2013-03-12 17:20:42'),
(1926, 7, 14, 66, 3, 1, 50, '2013-03-12 17:20:43'),
(1927, 7, 16, 68, 8, 6, 50, '2013-03-12 17:20:42'),
(1928, 7, 14, 66, 3, 2, 50, '2013-03-12 17:20:43'),
(1929, 7, 16, 68, 8, 7, 50, '2013-03-12 17:20:42'),
(1930, 7, 14, 66, 3, 3, 50, '2013-03-12 17:20:43'),
(1931, 7, 16, 68, 8, 8, 50, '2013-03-12 17:20:42'),
(1932, 7, 14, 66, 3, 4, 50, '2013-03-12 17:20:43'),
(1933, 7, 16, 68, 8, 9, 50, '2013-03-12 17:20:42'),
(1934, 7, 14, 66, 3, 5, 50, '2013-03-12 17:20:43'),
(1935, 7, 16, 68, 8, 10, 50, '2013-03-12 17:20:42'),
(1936, 7, 14, 66, 3, 6, 50, '2013-03-12 17:20:43'),
(1937, 7, 16, 68, 8, 11, 50, '2013-03-12 17:20:42'),
(1938, 7, 14, 66, 3, 7, 50, '2013-03-12 17:20:43'),
(1939, 7, 16, 68, 8, 12, 50, '2013-03-12 17:20:42'),
(1940, 7, 14, 66, 3, 8, 50, '2013-03-12 17:20:43'),
(1941, 7, 16, 68, 8, 13, 50, '2013-03-12 17:20:42'),
(1942, 7, 14, 66, 3, 9, 50, '2013-03-12 17:20:43'),
(1943, 7, 16, 68, 8, 14, 50, '2013-03-12 17:20:42'),
(1944, 7, 14, 66, 3, 10, 50, '2013-03-12 17:20:43'),
(1945, 7, 16, 68, 8, 15, 0, '2013-03-12 17:20:42'),
(1946, 7, 14, 66, 3, 11, 50, '2013-03-12 17:20:43'),
(1947, 7, 14, 66, 3, 12, 50, '2013-03-12 17:20:43'),
(1948, 7, 14, 66, 3, 13, 50, '2013-03-12 17:20:43'),
(1949, 7, 14, 66, 3, 14, 50, '2013-03-12 17:20:43'),
(1950, 7, 14, 66, 3, 15, 0, '2013-03-12 17:20:43'),
(1951, 7, 14, 66, 4, 1, 50, '2013-03-12 17:20:43'),
(1952, 7, 14, 66, 4, 2, 50, '2013-03-12 17:20:43'),
(1953, 7, 14, 66, 4, 3, 50, '2013-03-12 17:20:43'),
(1954, 7, 14, 66, 4, 4, 50, '2013-03-12 17:20:43'),
(1955, 7, 14, 66, 4, 5, 50, '2013-03-12 17:20:43'),
(1956, 7, 14, 66, 4, 6, 50, '2013-03-12 17:20:43'),
(1957, 7, 14, 66, 4, 7, 50, '2013-03-12 17:20:43'),
(1958, 7, 14, 66, 4, 8, 50, '2013-03-12 17:20:43'),
(1959, 7, 14, 66, 4, 9, 50, '2013-03-12 17:20:43'),
(1960, 7, 14, 66, 4, 10, 50, '2013-03-12 17:20:43'),
(1961, 7, 14, 66, 4, 11, 50, '2013-03-12 17:20:43'),
(1962, 7, 14, 66, 4, 12, 50, '2013-03-12 17:20:43'),
(1963, 7, 14, 66, 4, 13, 50, '2013-03-12 17:20:43'),
(1964, 7, 14, 66, 4, 14, 50, '2013-03-12 17:20:43'),
(1965, 7, 14, 66, 4, 15, 0, '2013-03-12 17:20:43'),
(1966, 7, 14, 66, 5, 1, 50, '2013-03-12 17:20:43'),
(1967, 7, 14, 66, 5, 2, 50, '2013-03-12 17:20:43'),
(1968, 7, 14, 66, 5, 3, 50, '2013-03-12 17:20:43'),
(1969, 7, 14, 66, 5, 4, 50, '2013-03-12 17:20:43'),
(1970, 7, 14, 66, 5, 5, 50, '2013-03-12 17:20:43'),
(1971, 7, 14, 66, 5, 6, 50, '2013-03-12 17:20:43'),
(1972, 7, 14, 66, 5, 7, 50, '2013-03-12 17:20:43'),
(1973, 7, 14, 66, 5, 8, 50, '2013-03-12 17:20:43'),
(1974, 7, 14, 66, 5, 9, 50, '2013-03-12 17:20:43'),
(1975, 7, 14, 66, 5, 10, 50, '2013-03-12 17:20:43'),
(1976, 7, 14, 66, 5, 11, 50, '2013-03-12 17:20:43'),
(1977, 7, 14, 66, 5, 12, 50, '2013-03-12 17:20:43'),
(1978, 7, 14, 66, 5, 13, 50, '2013-03-12 17:20:43'),
(1979, 7, 14, 66, 5, 14, 50, '2013-03-12 17:20:43'),
(1980, 7, 14, 66, 5, 15, 0, '2013-03-12 17:20:43'),
(1981, 7, 14, 66, 6, 1, 50, '2013-03-12 17:20:43'),
(1982, 7, 14, 66, 6, 2, 50, '2013-03-12 17:20:43'),
(1983, 7, 14, 66, 6, 3, 50, '2013-03-12 17:20:43'),
(1984, 7, 14, 66, 6, 4, 50, '2013-03-12 17:20:43'),
(1985, 7, 14, 66, 6, 5, 50, '2013-03-12 17:20:43'),
(1986, 7, 14, 66, 6, 6, 50, '2013-03-12 17:20:43'),
(1987, 7, 14, 66, 6, 7, 50, '2013-03-12 17:20:43'),
(1988, 7, 14, 66, 6, 8, 50, '2013-03-12 17:20:43'),
(1989, 7, 14, 66, 6, 9, 50, '2013-03-12 17:20:43'),
(1990, 7, 14, 66, 6, 10, 50, '2013-03-12 17:20:43'),
(1991, 7, 14, 66, 6, 11, 50, '2013-03-12 17:20:43'),
(1992, 7, 14, 66, 6, 12, 50, '2013-03-12 17:20:43'),
(1993, 7, 14, 66, 6, 13, 50, '2013-03-12 17:20:43'),
(1994, 7, 14, 66, 6, 14, 50, '2013-03-12 17:20:43'),
(1995, 7, 14, 66, 6, 15, 0, '2013-03-12 17:20:43'),
(1996, 7, 14, 66, 7, 1, 50, '2013-03-12 17:20:43'),
(1997, 7, 14, 66, 7, 2, 50, '2013-03-12 17:20:43'),
(1998, 7, 14, 66, 7, 3, 50, '2013-03-12 17:20:43'),
(1999, 7, 14, 66, 7, 4, 50, '2013-03-12 17:20:43'),
(2000, 7, 14, 66, 7, 5, 50, '2013-03-12 17:20:43'),
(2001, 7, 14, 66, 7, 6, 50, '2013-03-12 17:20:43'),
(2002, 7, 14, 66, 7, 7, 50, '2013-03-12 17:20:43'),
(2003, 7, 14, 66, 7, 8, 50, '2013-03-12 17:20:43'),
(2004, 7, 14, 66, 7, 9, 50, '2013-03-12 17:20:43'),
(2005, 7, 14, 66, 7, 10, 50, '2013-03-12 17:20:43'),
(2006, 7, 14, 66, 7, 11, 50, '2013-03-12 17:20:43'),
(2007, 7, 14, 66, 7, 12, 50, '2013-03-12 17:20:43'),
(2008, 7, 14, 66, 7, 13, 50, '2013-03-12 17:20:43'),
(2009, 7, 14, 66, 7, 14, 50, '2013-03-12 17:20:43'),
(2010, 7, 14, 66, 7, 15, 0, '2013-03-12 17:20:43'),
(2011, 7, 14, 66, 8, 1, 50, '2013-03-12 17:20:43'),
(2012, 7, 14, 66, 8, 2, 50, '2013-03-12 17:20:43'),
(2013, 7, 14, 66, 8, 3, 50, '2013-03-12 17:20:43'),
(2014, 7, 14, 66, 8, 4, 50, '2013-03-12 17:20:43'),
(2015, 7, 14, 66, 8, 5, 50, '2013-03-12 17:20:43'),
(2016, 7, 14, 66, 8, 6, 50, '2013-03-12 17:20:43'),
(2017, 7, 14, 66, 8, 7, 50, '2013-03-12 17:20:43'),
(2018, 7, 14, 66, 8, 8, 50, '2013-03-12 17:20:43'),
(2019, 7, 14, 66, 8, 9, 50, '2013-03-12 17:20:43'),
(2020, 7, 14, 66, 8, 10, 50, '2013-03-12 17:20:43'),
(2021, 7, 14, 66, 8, 11, 50, '2013-03-12 17:20:43'),
(2022, 7, 14, 66, 8, 12, 50, '2013-03-12 17:20:43'),
(2023, 7, 14, 66, 8, 13, 50, '2013-03-12 17:20:43'),
(2024, 7, 14, 66, 8, 14, 50, '2013-03-12 17:20:43'),
(2025, 7, 14, 66, 8, 15, 0, '2013-03-12 17:20:43'),
(2026, 6, 17, 69, NULL, 1, 50, '2013-03-12 17:23:49'),
(2027, 6, 17, 69, NULL, 2, 50, '2013-03-12 17:23:49'),
(2028, 6, 17, 69, NULL, 3, 50, '2013-03-12 17:23:49'),
(2029, 6, 17, 69, NULL, 4, 50, '2013-03-12 17:23:49'),
(2030, 6, 17, 69, NULL, 5, 50, '2013-03-12 17:23:49'),
(2031, 6, 17, 69, NULL, 6, 50, '2013-03-12 17:23:49'),
(2032, 6, 17, 69, NULL, 7, 50, '2013-03-12 17:23:49'),
(2033, 6, 17, 69, NULL, 8, 50, '2013-03-12 17:23:49'),
(2034, 6, 17, 69, NULL, 9, 50, '2013-03-12 17:23:49'),
(2035, 6, 17, 69, NULL, 10, 50, '2013-03-12 17:23:49'),
(2036, 6, 17, 69, NULL, 11, 50, '2013-03-12 17:23:49'),
(2037, 6, 17, 69, NULL, 12, 50, '2013-03-12 17:23:49'),
(2038, 6, 17, 69, NULL, 13, 50, '2013-03-12 17:23:49'),
(2039, 6, 17, 69, NULL, 14, 50, '2013-03-12 17:23:49'),
(2040, 6, 17, 69, NULL, 15, 0, '2013-03-12 17:23:49'),
(2041, 7, 21, 73, 1, 1, 50, '2013-03-12 18:43:37'),
(2042, 7, 21, 73, 1, 2, 50, '2013-03-12 18:43:37'),
(2043, 7, 21, 73, 1, 3, 50, '2013-03-12 18:43:37'),
(2044, 7, 21, 73, 1, 4, 50, '2013-03-12 18:43:37'),
(2045, 7, 21, 73, 1, 5, 50, '2013-03-12 18:43:37'),
(2046, 7, 21, 73, 1, 6, 50, '2013-03-12 18:43:37'),
(2047, 7, 21, 73, 1, 7, 50, '2013-03-12 18:43:37'),
(2048, 7, 21, 73, 1, 8, 50, '2013-03-12 18:43:37'),
(2049, 7, 21, 73, 1, 9, 50, '2013-03-12 18:43:37'),
(2050, 7, 21, 73, 1, 10, 50, '2013-03-12 18:43:37'),
(2051, 7, 21, 73, 1, 11, 50, '2013-03-12 18:43:37'),
(2052, 7, 21, 73, 1, 12, 50, '2013-03-12 18:43:37'),
(2053, 7, 21, 73, 1, 13, 50, '2013-03-12 18:43:37'),
(2054, 7, 21, 73, 1, 14, 50, '2013-03-12 18:43:37'),
(2055, 7, 21, 73, 1, 15, 0, '2013-03-12 18:43:37'),
(2056, 7, 21, 73, 2, 1, 50, '2013-03-12 18:43:37'),
(2057, 7, 21, 73, 2, 2, 50, '2013-03-12 18:43:37'),
(2058, 7, 21, 73, 2, 3, 50, '2013-03-12 18:43:37'),
(2059, 7, 21, 73, 2, 4, 50, '2013-03-12 18:43:37'),
(2060, 7, 21, 73, 2, 5, 50, '2013-03-12 18:43:37'),
(2061, 7, 21, 73, 2, 6, 50, '2013-03-12 18:43:37'),
(2062, 7, 21, 73, 2, 7, 50, '2013-03-12 18:43:37'),
(2063, 7, 21, 73, 2, 8, 50, '2013-03-12 18:43:37'),
(2064, 7, 21, 73, 2, 9, 50, '2013-03-12 18:43:37'),
(2065, 7, 21, 73, 2, 10, 50, '2013-03-12 18:43:37'),
(2066, 7, 21, 73, 2, 11, 50, '2013-03-12 18:43:37'),
(2067, 7, 21, 73, 2, 12, 50, '2013-03-12 18:43:37'),
(2068, 7, 21, 73, 2, 13, 50, '2013-03-12 18:43:37'),
(2069, 7, 21, 73, 2, 14, 50, '2013-03-12 18:43:37'),
(2070, 7, 21, 73, 2, 15, 0, '2013-03-12 18:43:37'),
(2071, 7, 21, 73, 3, 1, 50, '2013-03-12 18:43:37'),
(2072, 7, 21, 73, 3, 2, 50, '2013-03-12 18:43:37'),
(2073, 7, 21, 73, 3, 3, 50, '2013-03-12 18:43:37'),
(2074, 7, 21, 73, 3, 4, 50, '2013-03-12 18:43:37'),
(2075, 7, 21, 73, 3, 5, 50, '2013-03-12 18:43:37'),
(2076, 7, 21, 73, 3, 6, 50, '2013-03-12 18:43:37'),
(2077, 7, 21, 73, 3, 7, 50, '2013-03-12 18:43:37'),
(2078, 7, 21, 73, 3, 8, 50, '2013-03-12 18:43:37'),
(2079, 7, 21, 73, 3, 9, 50, '2013-03-12 18:43:37'),
(2080, 7, 21, 73, 3, 10, 50, '2013-03-12 18:43:37'),
(2081, 7, 21, 73, 3, 11, 50, '2013-03-12 18:43:37'),
(2082, 7, 21, 73, 3, 12, 50, '2013-03-12 18:43:37'),
(2083, 7, 21, 73, 3, 13, 50, '2013-03-12 18:43:37'),
(2084, 7, 21, 73, 3, 14, 50, '2013-03-12 18:43:37'),
(2085, 7, 21, 73, 3, 15, 0, '2013-03-12 18:43:37'),
(2086, 7, 21, 73, 4, 1, 50, '2013-03-12 18:43:37'),
(2087, 7, 21, 73, 4, 2, 50, '2013-03-12 18:43:37'),
(2088, 7, 21, 73, 4, 3, 50, '2013-03-12 18:43:37'),
(2089, 7, 21, 73, 4, 4, 50, '2013-03-12 18:43:37'),
(2090, 7, 21, 73, 4, 5, 50, '2013-03-12 18:43:37'),
(2091, 7, 21, 73, 4, 6, 50, '2013-03-12 18:43:37'),
(2092, 7, 21, 73, 4, 7, 50, '2013-03-12 18:43:37'),
(2093, 7, 21, 73, 4, 8, 50, '2013-03-12 18:43:37'),
(2094, 7, 21, 73, 4, 9, 50, '2013-03-12 18:43:37'),
(2095, 7, 21, 73, 4, 10, 50, '2013-03-12 18:43:37'),
(2096, 7, 21, 73, 4, 11, 50, '2013-03-12 18:43:37'),
(2097, 7, 21, 73, 4, 12, 50, '2013-03-12 18:43:37'),
(2098, 7, 21, 73, 4, 13, 50, '2013-03-12 18:43:37'),
(2099, 7, 21, 73, 4, 14, 50, '2013-03-12 18:43:37'),
(2100, 7, 21, 73, 4, 15, 0, '2013-03-12 18:43:37'),
(2101, 7, 21, 73, 5, 1, 50, '2013-03-12 18:43:37'),
(2102, 7, 21, 73, 5, 2, 50, '2013-03-12 18:43:37'),
(2103, 7, 21, 73, 5, 3, 50, '2013-03-12 18:43:37'),
(2104, 7, 21, 73, 5, 4, 50, '2013-03-12 18:43:37'),
(2105, 7, 21, 73, 5, 5, 50, '2013-03-12 18:43:37'),
(2106, 7, 21, 73, 5, 6, 50, '2013-03-12 18:43:37'),
(2107, 7, 21, 73, 5, 7, 50, '2013-03-12 18:43:37'),
(2108, 7, 21, 73, 5, 8, 50, '2013-03-12 18:43:37'),
(2109, 7, 21, 73, 5, 9, 50, '2013-03-12 18:43:37'),
(2110, 7, 21, 73, 5, 10, 50, '2013-03-12 18:43:37'),
(2111, 7, 21, 73, 5, 11, 50, '2013-03-12 18:43:37'),
(2112, 7, 21, 73, 5, 12, 50, '2013-03-12 18:43:37'),
(2113, 7, 21, 73, 5, 13, 50, '2013-03-12 18:43:37'),
(2114, 7, 21, 73, 5, 14, 50, '2013-03-12 18:43:37'),
(2115, 7, 21, 73, 5, 15, 0, '2013-03-12 18:43:37'),
(2116, 7, 21, 73, 6, 1, 50, '2013-03-12 18:43:37'),
(2117, 7, 21, 73, 6, 2, 50, '2013-03-12 18:43:37'),
(2118, 7, 21, 73, 6, 3, 50, '2013-03-12 18:43:37'),
(2119, 7, 21, 73, 6, 4, 50, '2013-03-12 18:43:37'),
(2120, 7, 21, 73, 6, 5, 50, '2013-03-12 18:43:37'),
(2121, 7, 21, 73, 6, 6, 50, '2013-03-12 18:43:37'),
(2122, 7, 21, 73, 6, 7, 50, '2013-03-12 18:43:37'),
(2123, 7, 21, 73, 6, 8, 50, '2013-03-12 18:43:37'),
(2124, 7, 21, 73, 6, 9, 50, '2013-03-12 18:43:37'),
(2125, 7, 21, 73, 6, 10, 50, '2013-03-12 18:43:37'),
(2126, 7, 21, 73, 6, 11, 50, '2013-03-12 18:43:37'),
(2127, 7, 21, 73, 6, 12, 50, '2013-03-12 18:43:37'),
(2128, 7, 21, 73, 6, 13, 50, '2013-03-12 18:43:37'),
(2129, 7, 21, 73, 6, 14, 50, '2013-03-12 18:43:37'),
(2130, 7, 21, 73, 6, 15, 0, '2013-03-12 18:43:37'),
(2131, 7, 21, 73, 7, 1, 50, '2013-03-12 18:43:37'),
(2132, 7, 21, 73, 7, 2, 50, '2013-03-12 18:43:37'),
(2133, 7, 21, 73, 7, 3, 50, '2013-03-12 18:43:37'),
(2134, 7, 21, 73, 7, 4, 50, '2013-03-12 18:43:37'),
(2135, 7, 21, 73, 7, 5, 50, '2013-03-12 18:43:37'),
(2136, 7, 21, 73, 7, 6, 50, '2013-03-12 18:43:37'),
(2137, 7, 21, 73, 7, 7, 50, '2013-03-12 18:43:37'),
(2138, 7, 21, 73, 7, 8, 50, '2013-03-12 18:43:37'),
(2139, 7, 21, 73, 7, 9, 50, '2013-03-12 18:43:37'),
(2140, 7, 21, 73, 7, 10, 50, '2013-03-12 18:43:37'),
(2141, 7, 21, 73, 7, 11, 50, '2013-03-12 18:43:37'),
(2142, 7, 21, 73, 7, 12, 50, '2013-03-12 18:43:37'),
(2143, 7, 21, 73, 7, 13, 50, '2013-03-12 18:43:37'),
(2144, 7, 21, 73, 7, 14, 50, '2013-03-12 18:43:37'),
(2145, 7, 21, 73, 7, 15, 0, '2013-03-12 18:43:37'),
(2146, 7, 21, 73, 8, 1, 50, '2013-03-12 18:43:37'),
(2147, 7, 21, 73, 8, 2, 50, '2013-03-12 18:43:37'),
(2148, 7, 21, 73, 8, 3, 50, '2013-03-12 18:43:37'),
(2149, 7, 21, 73, 8, 4, 50, '2013-03-12 18:43:37'),
(2150, 7, 21, 73, 8, 5, 50, '2013-03-12 18:43:37'),
(2151, 7, 21, 73, 8, 6, 50, '2013-03-12 18:43:37'),
(2152, 7, 21, 73, 8, 7, 50, '2013-03-12 18:43:37'),
(2153, 7, 21, 73, 8, 8, 50, '2013-03-12 18:43:37'),
(2154, 7, 21, 73, 8, 9, 50, '2013-03-12 18:43:37'),
(2155, 7, 21, 73, 8, 10, 50, '2013-03-12 18:43:37'),
(2156, 7, 21, 73, 8, 11, 50, '2013-03-12 18:43:37'),
(2157, 7, 21, 73, 8, 12, 50, '2013-03-12 18:43:37'),
(2158, 7, 21, 73, 8, 13, 50, '2013-03-12 18:43:37'),
(2159, 7, 21, 73, 8, 14, 50, '2013-03-12 18:43:37'),
(2160, 7, 21, 73, 8, 15, 0, '2013-03-12 18:43:37'),
(2296, 1, 22, 75, NULL, 1, 50, '2013-03-14 18:56:22'),
(2297, 1, 22, 75, NULL, 2, 50, '2013-03-14 18:56:22'),
(2298, 1, 22, 75, NULL, 3, 50, '2013-03-14 18:56:22'),
(2299, 1, 22, 75, NULL, 4, 50, '2013-03-14 18:56:22'),
(2300, 1, 22, 75, NULL, 5, 50, '2013-03-14 18:56:22'),
(2301, 1, 22, 75, NULL, 6, 50, '2013-03-14 18:56:22'),
(2302, 1, 22, 75, NULL, 7, 50, '2013-03-14 18:56:22'),
(2303, 1, 22, 75, NULL, 8, 50, '2013-03-14 18:56:22'),
(2304, 1, 22, 75, NULL, 9, 50, '2013-03-14 18:56:22'),
(2305, 1, 22, 75, NULL, 10, 50, '2013-03-14 18:56:22'),
(2306, 1, 22, 75, NULL, 11, 50, '2013-03-14 18:56:22'),
(2307, 1, 22, 75, NULL, 12, 50, '2013-03-14 18:56:22'),
(2308, 1, 22, 75, NULL, 13, 50, '2013-03-14 18:56:22'),
(2309, 1, 22, 75, NULL, 14, 50, '2013-03-14 18:56:22'),
(2310, 1, 22, 75, NULL, 15, 50, '2013-03-14 18:56:22'),
(2311, 2, 22, 75, 1, 1, 40, '2013-03-14 19:06:05'),
(2312, 2, 22, 75, 1, 2, 50, '2013-03-14 19:06:05'),
(2313, 2, 22, 75, 1, 3, 50, '2013-03-14 19:06:05'),
(2314, 2, 22, 75, 1, 4, 50, '2013-03-14 19:06:05'),
(2315, 2, 22, 75, 1, 5, 50, '2013-03-14 19:06:05'),
(2316, 2, 22, 75, 1, 6, 50, '2013-03-14 19:06:05'),
(2317, 2, 22, 75, 1, 7, 50, '2013-03-14 19:06:05'),
(2318, 2, 22, 75, 1, 8, 50, '2013-03-14 19:06:05'),
(2319, 2, 22, 75, 1, 9, 50, '2013-03-14 19:06:05'),
(2320, 2, 22, 75, 1, 10, 50, '2013-03-14 19:06:05'),
(2321, 2, 22, 75, 1, 11, 50, '2013-03-14 19:06:05'),
(2322, 2, 22, 75, 1, 12, 50, '2013-03-14 19:06:05'),
(2323, 2, 22, 75, 1, 13, 50, '2013-03-14 19:06:05'),
(2324, 2, 22, 75, 1, 14, 50, '2013-03-14 19:06:05'),
(2325, 2, 22, 75, 1, 15, 0, '2013-03-14 19:06:05'),
(2326, 2, 22, 75, 2, 1, 50, '2013-03-14 19:06:05'),
(2327, 2, 22, 75, 2, 2, 50, '2013-03-14 19:06:05'),
(2328, 2, 22, 75, 2, 3, 50, '2013-03-14 19:06:05'),
(2329, 2, 22, 75, 2, 4, 50, '2013-03-14 19:06:05'),
(2330, 2, 22, 75, 2, 5, 50, '2013-03-14 19:06:05'),
(2331, 2, 22, 75, 2, 6, 50, '2013-03-14 19:06:05'),
(2332, 2, 22, 75, 2, 7, 50, '2013-03-14 19:06:05'),
(2333, 2, 22, 75, 2, 8, 50, '2013-03-14 19:06:05'),
(2334, 2, 22, 75, 2, 9, 50, '2013-03-14 19:06:05'),
(2335, 2, 22, 75, 2, 10, 50, '2013-03-14 19:06:05'),
(2336, 2, 22, 75, 2, 11, 50, '2013-03-14 19:06:05'),
(2337, 2, 22, 75, 2, 12, 50, '2013-03-14 19:06:05'),
(2338, 2, 22, 75, 2, 13, 50, '2013-03-14 19:06:05'),
(2339, 2, 22, 75, 2, 14, 50, '2013-03-14 19:06:05'),
(2340, 2, 22, 75, 2, 15, 0, '2013-03-14 19:06:05'),
(2341, 2, 22, 75, 3, 1, 50, '2013-03-14 19:06:05'),
(2342, 2, 22, 75, 3, 2, 50, '2013-03-14 19:06:05'),
(2343, 2, 22, 75, 3, 3, 50, '2013-03-14 19:06:05'),
(2344, 2, 22, 75, 3, 4, 50, '2013-03-14 19:06:05'),
(2345, 2, 22, 75, 3, 5, 50, '2013-03-14 19:06:05'),
(2346, 2, 22, 75, 3, 6, 50, '2013-03-14 19:06:05'),
(2347, 2, 22, 75, 3, 7, 50, '2013-03-14 19:06:05'),
(2348, 2, 22, 75, 3, 8, 50, '2013-03-14 19:06:05'),
(2349, 2, 22, 75, 3, 9, 50, '2013-03-14 19:06:05'),
(2350, 2, 22, 75, 3, 10, 50, '2013-03-14 19:06:05'),
(2351, 2, 22, 75, 3, 11, 50, '2013-03-14 19:06:05'),
(2352, 2, 22, 75, 3, 12, 50, '2013-03-14 19:06:05'),
(2353, 2, 22, 75, 3, 13, 50, '2013-03-14 19:06:05'),
(2354, 2, 22, 75, 3, 14, 50, '2013-03-14 19:06:05'),
(2355, 2, 22, 75, 3, 15, 0, '2013-03-14 19:06:05'),
(2356, 2, 22, 75, 4, 1, 50, '2013-03-14 19:06:05'),
(2357, 2, 22, 75, 4, 2, 50, '2013-03-14 19:06:05'),
(2358, 2, 22, 75, 4, 3, 50, '2013-03-14 19:06:05'),
(2359, 2, 22, 75, 4, 4, 50, '2013-03-14 19:06:05'),
(2360, 2, 22, 75, 4, 5, 50, '2013-03-14 19:06:05'),
(2361, 2, 22, 75, 4, 6, 50, '2013-03-14 19:06:05'),
(2362, 2, 22, 75, 4, 7, 50, '2013-03-14 19:06:05'),
(2363, 2, 22, 75, 4, 8, 50, '2013-03-14 19:06:05'),
(2364, 2, 22, 75, 4, 9, 50, '2013-03-14 19:06:05'),
(2365, 2, 22, 75, 4, 10, 50, '2013-03-14 19:06:05'),
(2366, 2, 22, 75, 4, 11, 50, '2013-03-14 19:06:05'),
(2367, 2, 22, 75, 4, 12, 50, '2013-03-14 19:06:05'),
(2368, 2, 22, 75, 4, 13, 50, '2013-03-14 19:06:05'),
(2369, 2, 22, 75, 4, 14, 50, '2013-03-14 19:06:05'),
(2370, 2, 22, 75, 4, 15, 0, '2013-03-14 19:06:05'),
(2371, 2, 22, 75, 5, 1, 50, '2013-03-14 19:06:05'),
(2372, 2, 22, 75, 5, 2, 50, '2013-03-14 19:06:05'),
(2373, 2, 22, 75, 5, 3, 50, '2013-03-14 19:06:05'),
(2374, 2, 22, 75, 5, 4, 50, '2013-03-14 19:06:05'),
(2375, 2, 22, 75, 5, 5, 50, '2013-03-14 19:06:05'),
(2376, 2, 22, 75, 5, 6, 50, '2013-03-14 19:06:05'),
(2377, 2, 22, 75, 5, 7, 50, '2013-03-14 19:06:05'),
(2378, 2, 22, 75, 5, 8, 50, '2013-03-14 19:06:05'),
(2379, 2, 22, 75, 5, 9, 50, '2013-03-14 19:06:05'),
(2380, 2, 22, 75, 5, 10, 50, '2013-03-14 19:06:05'),
(2381, 2, 22, 75, 5, 11, 50, '2013-03-14 19:06:05'),
(2382, 2, 22, 75, 5, 12, 50, '2013-03-14 19:06:05'),
(2383, 2, 22, 75, 5, 13, 50, '2013-03-14 19:06:05'),
(2384, 2, 22, 75, 5, 14, 50, '2013-03-14 19:06:05'),
(2385, 2, 22, 75, 5, 15, 0, '2013-03-14 19:06:05'),
(2386, 2, 22, 75, 6, 1, 50, '2013-03-14 19:06:05'),
(2387, 2, 22, 75, 6, 2, 50, '2013-03-14 19:06:05'),
(2388, 2, 22, 75, 6, 3, 50, '2013-03-14 19:06:05'),
(2389, 2, 22, 75, 6, 4, 50, '2013-03-14 19:06:05'),
(2390, 2, 22, 75, 6, 5, 50, '2013-03-14 19:06:05'),
(2391, 2, 22, 75, 6, 6, 50, '2013-03-14 19:06:05'),
(2392, 2, 22, 75, 6, 7, 50, '2013-03-14 19:06:05'),
(2393, 2, 22, 75, 6, 8, 50, '2013-03-14 19:06:05'),
(2394, 2, 22, 75, 6, 9, 50, '2013-03-14 19:06:05'),
(2395, 2, 22, 75, 6, 10, 50, '2013-03-14 19:06:05'),
(2396, 2, 22, 75, 6, 11, 50, '2013-03-14 19:06:05'),
(2397, 2, 22, 75, 6, 12, 50, '2013-03-14 19:06:05'),
(2398, 2, 22, 75, 6, 13, 50, '2013-03-14 19:06:05'),
(2399, 2, 22, 75, 6, 14, 50, '2013-03-14 19:06:05'),
(2400, 2, 22, 75, 6, 15, 0, '2013-03-14 19:06:05'),
(2401, 2, 22, 75, 7, 1, 50, '2013-03-14 19:06:05'),
(2402, 2, 22, 75, 7, 2, 50, '2013-03-14 19:06:05'),
(2403, 2, 22, 75, 7, 3, 50, '2013-03-14 19:06:05'),
(2404, 2, 22, 75, 7, 4, 50, '2013-03-14 19:06:05'),
(2405, 2, 22, 75, 7, 5, 50, '2013-03-14 19:06:05'),
(2406, 2, 22, 75, 7, 6, 50, '2013-03-14 19:06:05'),
(2407, 2, 22, 75, 7, 7, 50, '2013-03-14 19:06:05'),
(2408, 2, 22, 75, 7, 8, 50, '2013-03-14 19:06:05'),
(2409, 2, 22, 75, 7, 9, 50, '2013-03-14 19:06:05'),
(2410, 2, 22, 75, 7, 10, 50, '2013-03-14 19:06:05'),
(2411, 2, 22, 75, 7, 11, 50, '2013-03-14 19:06:05'),
(2412, 2, 22, 75, 7, 12, 50, '2013-03-14 19:06:05'),
(2413, 2, 22, 75, 7, 13, 50, '2013-03-14 19:06:05'),
(2414, 2, 22, 75, 7, 14, 50, '2013-03-14 19:06:05'),
(2415, 2, 22, 75, 7, 15, 0, '2013-03-14 19:06:05'),
(2416, 2, 22, 75, 8, 1, 50, '2013-03-14 19:06:05'),
(2417, 2, 22, 75, 8, 2, 50, '2013-03-14 19:06:05'),
(2418, 2, 22, 75, 8, 3, 50, '2013-03-14 19:06:05'),
(2419, 2, 22, 75, 8, 4, 50, '2013-03-14 19:06:05'),
(2420, 2, 22, 75, 8, 5, 50, '2013-03-14 19:06:05'),
(2421, 2, 22, 75, 8, 6, 50, '2013-03-14 19:06:05'),
(2422, 2, 22, 75, 8, 7, 50, '2013-03-14 19:06:05'),
(2423, 2, 22, 75, 8, 8, 50, '2013-03-14 19:06:05'),
(2424, 2, 22, 75, 8, 9, 50, '2013-03-14 19:06:05'),
(2425, 2, 22, 75, 8, 10, 50, '2013-03-14 19:06:05'),
(2426, 2, 22, 75, 8, 11, 50, '2013-03-14 19:06:05'),
(2427, 2, 22, 75, 8, 12, 50, '2013-03-14 19:06:05'),
(2428, 2, 22, 75, 8, 13, 50, '2013-03-14 19:06:05'),
(2429, 2, 22, 75, 8, 14, 50, '2013-03-14 19:06:05'),
(2430, 2, 22, 75, 8, 15, 0, '2013-03-14 19:06:05');

-- --------------------------------------------------------

--
-- Table structure for table `servicio`
--

CREATE TABLE IF NOT EXISTS `servicio` (
  `id_servicio` int(11) NOT NULL AUTO_INCREMENT,
  `servicio` varchar(300) DEFAULT NULL,
  `texto_servicio` varchar(500) NOT NULL,
  `publico` int(11) DEFAULT NULL,
  `visible` int(11) DEFAULT NULL,
  `tipo` char(1) NOT NULL,
  `orden` int(11) NOT NULL DEFAULT '0',
  PRIMARY KEY (`id_servicio`),
  UNIQUE KEY `servicio` (`servicio`)
) ENGINE=InnoDB  DEFAULT CHARSET=latin1 AUTO_INCREMENT=45 ;

--
-- Dumping data for table `servicio`
--

INSERT INTO `servicio` (`id_servicio`, `servicio`, `texto_servicio`, `publico`, `visible`, `tipo`, `orden`) VALUES
(1, 'test', 'test ajax', 1, 0, 'a', 0),
(2, 'getTipoCargoEmpleados', '', 0, 0, 'a', 0),
(3, 'index', 'Inicio', 1, 1, 'h', 100),
(4, 'miembros', 'Miembros', 0, 1, 'h', 200),
(5, 'getLocCiudadesFromEstado', 'getLocCiudadesFromEstado', 1, 0, 'a', 0),
(7, 'cargoEmpleadosParticipante', 'cargoEmpleadosParticipante', 1, 0, 'a', 0),
(8, 'cargoEmpleadosInterno', 'cargoEmpleadosInterno', 1, 0, 'a', 0),
(10, 'saveInscrito', 'saveInscrito', 1, 0, 'a', 0),
(11, 'getEmpresaFromNit', 'getEmpresaFromNit', 1, 0, 'a', 0),
(12, 'getPersonaFromDoc', 'getPersonaFromDoc', 1, 0, 'a', 0),
(13, 'empresas', 'Empresas', 0, 1, 'h', 300),
(14, 'premios', 'Premios', 0, 1, 'h', 400),
(15, 'getPnPremio', 'getPnPremio', 1, 0, 'a', 0),
(16, 'savePnPremio', 'savePnPremio', 1, 0, 'a', 0),
(17, 'savePersona', 'savePersona', 1, 0, 'a', 0),
(18, 'getPersona', 'getPersona', 1, 0, 'a', 0),
(19, 'getEmpresa', 'getEmpresa', 1, 0, 'a', 0),
(20, 'saveEmpresaR', 'saveEmpresaR', 1, 0, 'a', 0),
(21, 'activeDesactiveEmpresa', 'activeDesactiveEmpresa', 1, 0, 'a', 0),
(22, 'activeDesactivePersona', 'activeDesactivePersona', 1, 0, 'a', 0),
(23, 'activeDesactivePremioN', 'activeDesactivePremioN', 1, 0, 'a', 0),
(24, 'participantes', 'Participantes', 0, 1, 'h', 500),
(25, 'activeDesactiveParticipante', 'activeDesactiveParticipante', 1, 0, 'a', 0),
(26, 'vinculeParticipantePremio', 'vinculeParticipantePremio', 1, 0, 'a', 0),
(27, 'empleados', 'Empleados', 0, 1, 'h', 600),
(28, 'desvincularParticipante', 'desvincularParticipante', 1, 0, 'a', 0),
(29, 'vinculaEmpleado', 'vinculaEmpleado', 1, 0, 'a', 0),
(30, 'desvinculaEmpleado', 'desvinculaEmpleado', 1, 0, 'a', 0),
(31, 'getMD5', 'getMD5', 1, 0, 'a', 0),
(32, 'evalGlobalInd', 'Eval. Global Individual', 0, 1, 'h', 100),
(33, 'evalCapInd', 'Eval. Capítulos Individual', 0, 1, 'h', 200),
(34, 'evalItemsInd', 'Eval. Items Individual', 0, 1, 'h', 300),
(35, 'evalItemsConsenso', 'Eval. Items Consenso', 0, 1, 'h', 400),
(36, 'agendaVisita', 'Agenda de Visita', 0, 1, 'h', 500),
(37, 'evalItemsDespuesVisita', 'Eval. Items Retroalimentación', 0, 1, 'h', 600),
(38, 'empleadoInterno', 'Funcionarios Corp. Calidad', 0, 1, 'h', 700),
(39, 'evaluadores', 'Evaluadores', 0, 1, 'h', 800),
(40, 'informeRetro', 'Informe de Retroalimentación', 0, 1, 'h', 700),
(41, 'graficaEmpresa', 'Gráfica Empresa', 0, 1, 'h', 1000),
(42, 'agendaVisitaDef', 'Plan de Visita', 0, 1, 'h', 550),
(43, 'conGlobalInd', 'Consenso Global Individual', 0, 1, 'h', 340),
(44, 'conCapInd', 'Consenso Cap. Individual', 0, 1, 'h', 360);

-- --------------------------------------------------------

--
-- Table structure for table `servicio_rol`
--

CREATE TABLE IF NOT EXISTS `servicio_rol` (
  `id` int(11) NOT NULL AUTO_INCREMENT,
  `id_servicio` int(11) NOT NULL,
  `id_rol` int(11) NOT NULL,
  PRIMARY KEY (`id`),
  KEY `id_servicio` (`id_servicio`),
  KEY `id_rol` (`id_rol`)
) ENGINE=InnoDB  DEFAULT CHARSET=latin1 AUTO_INCREMENT=25 ;

--
-- Dumping data for table `servicio_rol`
--

INSERT INTO `servicio_rol` (`id`, `id_servicio`, `id_rol`) VALUES
(1, 4, 1),
(2, 13, 1),
(3, 14, 1),
(4, 27, 1),
(5, 24, 1),
(6, 32, 2),
(7, 33, 2),
(8, 32, 7),
(9, 33, 7),
(10, 34, 7),
(11, 35, 7),
(12, 36, 7),
(13, 34, 2),
(14, 37, 7),
(15, 38, 1),
(16, 40, 7),
(17, 40, 2),
(18, 41, 2),
(19, 41, 7),
(20, 42, 7),
(21, 40, 3),
(23, 43, 7),
(24, 44, 7);

-- --------------------------------------------------------

--
-- Table structure for table `texto`
--

CREATE TABLE IF NOT EXISTS `texto` (
  `id` int(11) NOT NULL AUTO_INCREMENT,
  `tipo` varchar(10) NOT NULL,
  `texto1` text NOT NULL,
  `texto2` text NOT NULL,
  `texto3` text NOT NULL,
  `image` varchar(600) NOT NULL,
  PRIMARY KEY (`id`)
) ENGINE=InnoDB  DEFAULT CHARSET=latin1 COMMENT='textos estaticos' AUTO_INCREMENT=22 ;

--
-- Dumping data for table `texto`
--

INSERT INTO `texto` (`id`, `tipo`, `texto1`, `texto2`, `texto3`, `image`) VALUES
(1, '', 'Premio Nacional a la Excelencia y la Innovación en Gestión', 'MODELO DE CLASE MUNDIAL PARA LA COMPETITIVIDAD Y LA SOSTENIBILIDAD', 'El premio es un reconocimiento a las organizaciones en Colombia que tienen un sistema de gestión basado en la excelencia y la innovación.\r\n<br><br>\r\nEl Premio Nacional a la Excelencia y la Innovación en Gestión es un aporte de la Corporación Calidad, miembro del Sistema Nacional de Ciencia, Tecnología e Innovación, que cuenta con el apoyo de actores públicos y privados, para que las organizaciones públicas y privadas de todos los sectores, tamaños y regiones de Colombia asuman el reto de convertirse en organizaciones de clase mundial, asegurando su sostenibilidad y su capacidad de crear valor superior a sus grupos sociales objetivo', ''),
(2, '', 'Corporación', 'Calidad', 'Innovación en Gestión', ''),
(3, 'sl01', 'El Premio', 'El premio es un reconocimiento a las organizaciones en Colombia que tienen un sistema de gestión basado en la excelencia y la innovación.  El Premio Nacional a la Excelencia y la Innovación en Gestión es un aporte de la Corporación Calidad, miembro del Sistema Nacional de Ciencia, Tecnología e Innovación, que cuenta con el apoyo de actores públicos y privados, para que las organizaciones públicas y privadas de todos los sectores, tamaños y regiones de Colombia asuman el reto de convertirse en organizaciones de clase mundial, asegurando su sostenibilidad y su capacidad de crear valor superior a sus grupos sociales objetivo', '', 'img/slider01/3.png'),
(4, 'sl01', 'Corporación Calidad', 'La Corporación Calidad es un Centro de Desarrollo Tecnológico dedicado a desarrollar, apropiar y difundir conocimientos y tecnologías en gestión moderna.\r\n\r\nEs una entidad de carácter mixto, sin ánimo de lucro, que se rige por el derecho privado. Fue creada en 1991 bajo los lineamientos de la Ley de Ciencia y Tecnología. En su Consejo Directivo tienen asiento la Presidencia de la República, el Ministerio de Comercio Industria y Turismo, Colciencias, el Consejo Gremial Nacional y seis representantes de los Miembros Asociados. Tiene total autonomía y su ámbito de acción es transversal y multisectorial por cuanto desarrolla conocimiento para todo tipo de organizaciones y en todas las áreas de gestión.\r\n\r\nLa Corporación pertenece al Sistema Nacional de Competitividad, el Sistema Nacional de Ciencia y Tecnología y la Red Colombiana de Centros de Productividad. Internacionalmente pertenece a la Red Iberoamericana de Excelencia en la Gestión (Redibex) y tiene vínculos con diversos centros de investigación en gestión.', '', 'img/slider01/4.png'),
(5, 'sl01', 'Objetivo 1', 'Reconocer públicamente las organizaciones que tengan altos niveles de excelencia e innovación en su gestión y difundir sus prácticas y resultados para que sirvan como ejemplo a otras organizaciones', '', 'images/spacer.gif'),
(6, 'sl01', 'Objetivo 2', 'Proyectar a las organizaciones ganadoras hacia la obtención de reconocimientos internacionales que les agreguen valor en sus procesos de internacionalización', '', 'images/spacer.gif'),
(7, 'sl01', 'Objetivo 3', 'Difundir masivamente el modelo para fomentar la utilización de los criterios del premio como herramienta para que las organizaciones identifiquen las principales brechas que tienen para ser sostenibles y competitivas internacionalmente', '', 'images/spacer.gif'),
(8, 'sl01', 'Objetivo 4', 'Servir como guía de reflexión y debate para evaluar la capacidad innovadora de la organización', '', 'images/spacer.gif'),
(9, '', 'Síguenos en', '', '', ''),
(10, '', 'Postúlese', 'Los invitamos a postular sus organizaciones', 'El premio le permite a su organización <br>\r\n<li>\r\n<ul>Consolidar el sistema de gestión hacia la innovación, la sostenibilidad y la competitividad de la organización.</ul>\r\n<ul>Realizar evaluaciones del estado de la gestión en la organización y, en consecuencia, orientar los planes de acción.</ul>\r\n<ul>Establecer un punto de partida para desarrollar productos y/o servicios innovadores, con altos niveles de desempeño.</ul>\r\n<ul>Desplegar en todos los niveles de la organización los conceptos y valores de un sistema de gestión integral basado en el aprendizaje.</ul>\r\n<ul>Compararse con organizaciones de clase mundial.</ul>\r\n<ul>Desarrollar el arte de identificar brechas a través de procesos de innovación y cerrarlas por medio de procesos de mejoramiento, para asegurar niveles superiores de desempeño.</ul>\r\n<ul>Las organizaciones ganadoras del Premio Nacional a la Excelencia y la Innovación en Gestión tienen la posibilidad de postularse al Premio Iberoamericano de la Calidad, reconocimiento otorgado por la Cumbre Iberoamericana de Jefes de Estado y de Gobierno.</ul>\r\n</li>', 'Postúlese'),
(11, '', 'Premio Nacional a la Excelencia', 'y la Innovación en Gestión', 'Modelo De Clase Mundial Para La Competitividad Y La Sostenibilidad', ''),
(12, '', 'Personas', 'Registro y Edición', 'Desde acá podrás manejar la información de las personas en el sistema', ''),
(13, '', 'Empresas', 'Registro y Edición', 'Desde acá podrás manejar la información de las empresas en el sistema', ''),
(14, '', 'Por favor seleccione el Perfil con el que desea trabajar', 'Ya estás listo para trabajar en el Sistema', '', ''),
(15, '', 'Regístrese', 'Lo invitamos a la formación como Evaluador Integral de Organizaciones bajo el Modelo del Premio Nacional a la Excelencia y la Innovación en Gestión, haga parte de esta gran iniciativa.', 'Las competencias desarrolladas por los participantes les permitirán evaluar la gestión integral de las organizaciones desde una perspectiva sistémica, para identificar brechas de desempeño y contribuir en la definición de acciones de mejoramiento e innovación hacia un estado de excelencia de clase mundial. ', ''),
(16, 'h', 'Evaluación Individual Global', 'Evaluación Consenso Global', '', ''),
(17, '', 'Evaluación Individual por Capítulos', 'Evaluación Consenso por Capítulos', '', ''),
(18, '', 'Evaluación Individual Cuantitativa por Ítems', 'Evaluación en Consenso Cuantitativa por Ítems', 'Evaluación después de Visita Cuantitativa por Ítems', ''),
(19, 'Fortalezas', 'Son los recursos y capacidades especiales apropiados y utilizados por la organización de manera sistemática, y por las que puedan desarrollar una posición privilegiada frente al entorno. Para señalar una fortaleza se debe demostrar que ese factor está consolidado al interior de la organización y que forma parte de un sistema en el cual:\r\n\r\nLos procesos están diseñados en relación con el direccionamiento estratégico de su propio sistema de gestión.\r\n\r\nLos procesos son implementados de manera sistemática y cuentan con mecanismos para la identificación y solución de problemas.\r\n\r\nLos procesos responden a ciclos periódicos de evaluación y mejoramiento, sustentados en indicadores tanto de proceso (ítems de verificación) como de resultado (ítems de control). ', 'Son las brechas existentes entre el estado de desarrollo de los elementos, procesos o sistemas de la organización o la gestión, frente al estado de desarrollo requerido para su éxito sostenible, de tal modo que:\r\n\r\nLa organización no cuenta con una visión de sistema que articule los diferentes procesos.\r\n\r\nLa operación de los procesos no responde con claridad al direccionamiento estratégico propio de su sistema de gestión.\r\n\r\nNo existen ciclos de evaluación ni de mejoramiento, y la organización no cuenta con indicadores o estos no se emplean de forma sistemática.', '', ''),
(20, '', 'Visión Global de la Organización', 'Describa su visión de la organización, de forma global, frente al modelo del Premio Nacional a la Excelencia y la Innovación en Gestión', '', ''),
(21, '', 'Valoración Cualitativa por capitulo', 'Describa su visión de la gestión de la organización con respecto a este capítulo del modelo del Premio Nacional a la Excelencia y la Innovación en Gestión.', '', '');

-- --------------------------------------------------------

--
-- Table structure for table `tipo_cargo_empleado`
--

CREATE TABLE IF NOT EXISTS `tipo_cargo_empleado` (
  `id` int(11) NOT NULL AUTO_INCREMENT,
  `tipo_cargo` varchar(200) NOT NULL,
  PRIMARY KEY (`id`)
) ENGINE=InnoDB  DEFAULT CHARSET=latin1 AUTO_INCREMENT=3 ;

--
-- Dumping data for table `tipo_cargo_empleado`
--

INSERT INTO `tipo_cargo_empleado` (`id`, `tipo_cargo`) VALUES
(1, 'Organizador'),
(2, 'Participante');

-- --------------------------------------------------------

--
-- Table structure for table `tipo_empresa`
--

CREATE TABLE IF NOT EXISTS `tipo_empresa` (
  `id` int(11) NOT NULL AUTO_INCREMENT,
  `tipo` varchar(400) NOT NULL,
  PRIMARY KEY (`id`)
) ENGINE=InnoDB  DEFAULT CHARSET=latin1 COMMENT='Determina Si es Organizador o Participante' AUTO_INCREMENT=3 ;

--
-- Dumping data for table `tipo_empresa`
--

INSERT INTO `tipo_empresa` (`id`, `tipo`) VALUES
(1, 'Organizador'),
(2, 'Participante');

-- --------------------------------------------------------

--
-- Table structure for table `tipo_formato`
--

CREATE TABLE IF NOT EXISTS `tipo_formato` (
  `id` int(11) NOT NULL AUTO_INCREMENT,
  `tipo_formato` varchar(200) NOT NULL,
  PRIMARY KEY (`id`)
) ENGINE=InnoDB  DEFAULT CHARSET=latin1 AUTO_INCREMENT=8 ;

--
-- Dumping data for table `tipo_formato`
--

INSERT INTO `tipo_formato` (`id`, `tipo_formato`) VALUES
(1, 'Individual'),
(2, 'Individual Capitulos'),
(3, 'Individual Items'),
(4, 'Consenso Items'),
(5, 'Después de Visita Items'),
(6, 'Consenso Individual'),
(7, 'Consenso Individual Capitulos');

--
-- Constraints for dumped tables
--

--
-- Constraints for table `cargo_empleado`
--
ALTER TABLE `cargo_empleado`
  ADD CONSTRAINT `cargo_empleado_ibfk_1` FOREIGN KEY (`id_tipo_cargo`) REFERENCES `tipo_cargo_empleado` (`id`);

--
-- Constraints for table `empleado`
--
ALTER TABLE `empleado`
  ADD CONSTRAINT `empleado_ibfk_2` FOREIGN KEY (`id_persona`) REFERENCES `persona` (`id`),
  ADD CONSTRAINT `empleado_ibfk_3` FOREIGN KEY (`id_cargo`) REFERENCES `cargo_empleado` (`id`),
  ADD CONSTRAINT `empleado_ibfk_4` FOREIGN KEY (`id_perfil`) REFERENCES `perfil` (`id`),
  ADD CONSTRAINT `empleado_ibfk_5` FOREIGN KEY (`id_participante`) REFERENCES `participante` (`id`);

--
-- Constraints for table `empresa`
--
ALTER TABLE `empresa`
  ADD CONSTRAINT `empresa_ibfk_1` FOREIGN KEY (`id_tipo_empresa`) REFERENCES `tipo_empresa` (`id`),
  ADD CONSTRAINT `empresa_ibfk_2` FOREIGN KEY (`id_ciudad`) REFERENCES `loc_ciudad` (`id_ciudad`),
  ADD CONSTRAINT `empresa_ibfk_3` FOREIGN KEY (`id_categoria_empresa`) REFERENCES `empresa_categoria` (`id`),
  ADD CONSTRAINT `empresa_ibfk_4` FOREIGN KEY (`id_categoria_tamano_empresa`) REFERENCES `empresa_categoria_tamano` (`id`);

--
-- Constraints for table `loc_ciudad`
--
ALTER TABLE `loc_ciudad`
  ADD CONSTRAINT `loc_ciudad_estado_fk` FOREIGN KEY (`id_estado`) REFERENCES `loc_estado` (`id_estado`);

--
-- Constraints for table `loc_estado`
--
ALTER TABLE `loc_estado`
  ADD CONSTRAINT `loc_estado_pais_fk` FOREIGN KEY (`id_pais`) REFERENCES `loc_pais` (`id_pais`);

--
-- Constraints for table `participante`
--
ALTER TABLE `participante`
  ADD CONSTRAINT `participante_ibfk_1` FOREIGN KEY (`id_empresa`) REFERENCES `empresa` (`id`),
  ADD CONSTRAINT `participante_ibfk_2` FOREIGN KEY (`id_convocatoria`) REFERENCES `pn_premio` (`id`),
  ADD CONSTRAINT `participante_ibfk_3` FOREIGN KEY (`id_etapa_participante`) REFERENCES `pn_etapa_participante` (`id_etapa_participante`);

--
-- Constraints for table `persona`
--
ALTER TABLE `persona`
  ADD CONSTRAINT `persona_ibfk_1` FOREIGN KEY (`id_ciudad`) REFERENCES `loc_ciudad` (`id_ciudad`);

--
-- Constraints for table `pn_agenda`
--
ALTER TABLE `pn_agenda`
  ADD CONSTRAINT `pn_agenda_ibfk_1` FOREIGN KEY (`id_participante`) REFERENCES `participante` (`id`),
  ADD CONSTRAINT `pn_agenda_ibfk_2` FOREIGN KEY (`id_empleado_creador`) REFERENCES `empleado` (`id`);

--
-- Constraints for table `pn_agenda_invitado`
--
ALTER TABLE `pn_agenda_invitado`
  ADD CONSTRAINT `pn_agenda_invitado_ibfk_1` FOREIGN KEY (`id_agenda`) REFERENCES `pn_agenda` (`id`),
  ADD CONSTRAINT `pn_agenda_invitado_ibfk_3` FOREIGN KEY (`id_pn_subcapitulo`) REFERENCES `pn_sub_capitulo` (`id`);

--
-- Constraints for table `pn_conclusion`
--
ALTER TABLE `pn_conclusion`
  ADD CONSTRAINT `pn_conclusion_ibfk_1` FOREIGN KEY (`id_participante`) REFERENCES `participante` (`id`),
  ADD CONSTRAINT `pn_conclusion_ibfk_2` FOREIGN KEY (`id_capitulo`) REFERENCES `pn_capitulo` (`id`);

--
-- Constraints for table `pn_criterio`
--
ALTER TABLE `pn_criterio`
  ADD CONSTRAINT `pn_criterio_ibfk_1` FOREIGN KEY (`id_categoria_criterio`) REFERENCES `pn_categoria_criterio` (`id`);

--
-- Constraints for table `pn_cualitativa`
--
ALTER TABLE `pn_cualitativa`
  ADD CONSTRAINT `pn_cualitativa_ibfk_1` FOREIGN KEY (`id_tipo_formato`) REFERENCES `tipo_formato` (`id`),
  ADD CONSTRAINT `pn_cualitativa_ibfk_2` FOREIGN KEY (`id_participante`) REFERENCES `participante` (`id`),
  ADD CONSTRAINT `pn_cualitativa_ibfk_3` FOREIGN KEY (`id_empleado`) REFERENCES `empleado` (`id`),
  ADD CONSTRAINT `pn_cualitativa_ibfk_4` FOREIGN KEY (`id_capitulo`) REFERENCES `pn_capitulo` (`id`);

--
-- Constraints for table `pn_cuantitativa`
--
ALTER TABLE `pn_cuantitativa`
  ADD CONSTRAINT `pn_cuantitativa_ibfk_1` FOREIGN KEY (`id_tipo_formato`) REFERENCES `tipo_formato` (`id`),
  ADD CONSTRAINT `pn_cuantitativa_ibfk_2` FOREIGN KEY (`id_participante`) REFERENCES `participante` (`id`),
  ADD CONSTRAINT `pn_cuantitativa_ibfk_3` FOREIGN KEY (`id_empleado`) REFERENCES `empleado` (`id`),
  ADD CONSTRAINT `pn_cuantitativa_ibfk_4` FOREIGN KEY (`id_sub_capitulo`) REFERENCES `pn_sub_capitulo` (`id`);

--
-- Constraints for table `pn_retroalimentacion`
--
ALTER TABLE `pn_retroalimentacion`
  ADD CONSTRAINT `pn_retroalimentacion_ibfk_1` FOREIGN KEY (`id_participante`) REFERENCES `participante` (`id`),
  ADD CONSTRAINT `pn_retroalimentacion_ibfk_2` FOREIGN KEY (`id_pn_capitulo`) REFERENCES `pn_capitulo` (`id`);

--
-- Constraints for table `pn_sub_capitulo`
--
ALTER TABLE `pn_sub_capitulo`
  ADD CONSTRAINT `pn_sub_capitulo_ibfk_1` FOREIGN KEY (`id_capitulo`) REFERENCES `pn_capitulo` (`id`);

--
-- Constraints for table `pn_valoracion`
--
ALTER TABLE `pn_valoracion`
  ADD CONSTRAINT `pn_valoracion_ibfk_1` FOREIGN KEY (`id_tipo_formato`) REFERENCES `tipo_formato` (`id`),
  ADD CONSTRAINT `pn_valoracion_ibfk_2` FOREIGN KEY (`id_participante`) REFERENCES `participante` (`id`),
  ADD CONSTRAINT `pn_valoracion_ibfk_3` FOREIGN KEY (`id_pn_criterio`) REFERENCES `pn_criterio` (`id`),
  ADD CONSTRAINT `pn_valoracion_ibfk_4` FOREIGN KEY (`id_empleado`) REFERENCES `empleado` (`id`),
  ADD CONSTRAINT `pn_valoracion_ibfk_5` FOREIGN KEY (`id_capitulo`) REFERENCES `pn_capitulo` (`id`);

--
-- Constraints for table `servicio_rol`
--
ALTER TABLE `servicio_rol`
  ADD CONSTRAINT `servicio_rol_fk` FOREIGN KEY (`id_servicio`) REFERENCES `servicio` (`id_servicio`),
  ADD CONSTRAINT `servicio_rol_rol_fk` FOREIGN KEY (`id_rol`) REFERENCES `perfil` (`id`);

/*!40101 SET CHARACTER_SET_CLIENT=@OLD_CHARACTER_SET_CLIENT */;
/*!40101 SET CHARACTER_SET_RESULTS=@OLD_CHARACTER_SET_RESULTS */;
/*!40101 SET COLLATION_CONNECTION=@OLD_COLLATION_CONNECTION */;
